[efz_netplay_mod] logger initialized
[efz_netplay_mod][pid=9100] CrashHandler: installed (mode=host dir='D:\EFZ + Revival 1.02h\mods\efz_netplay_mod' vectored=00ADDE00)
[efz_netplay_mod][pid=9100] Module attached at 71630000
[efz_netplay_mod][pid=9100] DetectRevivalVersion: matched timestamp 0x62929371 → 1.02h
[efz_netplay_mod][pid=9100] Takeover: host revival base=0x6C820000
[efz_netplay_mod][pid=9100] Takeover: patched EfzRevival.dll null-guard at +0x21E0
[efz_netplay_mod][pid=9100] Takeover: local init(2,102) result=43711224
[efz_netplay_mod][pid=9100] PatchRevivalDllExitProcess: patched IAT entry orig=0x76BC6A20 stub=0x7164FA00
[efz_netplay_mod][pid=9100] InstallNetplayFrameHook: installed at DLL RVA 0x6EE10, trampoline at 7173BCF4
[efz_netplay_mod][pid=9100] InstallNetplayFrameHook: fixed up trampoline E8/E9 at +1: origDisp=0xFFFFF29A newDisp=0xFB152352 absTarget=6C88E090
[efz_netplay_mod][pid=9100] InstallNetplayFrameHook: per-frame tick hook installed at DLL RVA 0x6EDF0, trampoline at 7173BD38
[efz_netplay_mod][pid=9100] Takeover: host initialized
[efz_netplay_mod][pid=9100] SessionBridge: initialized (role=host, reason=startup)
[efz_netplay_mod][pid=9100] StateExport: initialized (shm=ok, view=03170000)
[efz_netplay_mod][pid=9100] InstallHooks: module directory 'D:\EFZ + Revival 1.02h\mods\efz_netplay_mod'
[efz_netplay_mod][pid=9100] ResolveNetplayBackgroundPath: searching for netplay_bg.dat
[efz_netplay_mod][pid=9100] ResolveNetplayBackgroundPath: [DLL dir] probing 'D:\EFZ + Revival 1.02h\mods\efz_netplay_mod\assets\netplay_bg.dat'
[efz_netplay_mod][pid=9100] ResolveNetplayBackgroundPath: using 'D:\EFZ + Revival 1.02h\mods\efz_netplay_mod\assets\netplay_bg.dat'
[efz_netplay_mod][pid=9100] InstallHooks: netplay assets verified at 'D:\EFZ + Revival 1.02h\mods\efz_netplay_mod\assets\netplay_bg.dat'
[efz_netplay_mod][pid=9100] ValidateMenuSpecs: row-slot map valid
[efz_netplay_mod][pid=9100] Patched 'wrap compare 6->7' at 0x0077612E
[efz_netplay_mod][pid=9100] Patched 'wrap clamp 6->7' at 0x0077614B
[efz_netplay_mod][pid=9100] Patched 'switch compare 6->7' at 0x007761D5
[efz_netplay_mod][pid=9100] Patched 'panel dest height 98->112' at 0x00776578
[efz_netplay_mod][pid=9100] Patched 'panel src height 98->112' at 0x007765A3
[efz_netplay_mod][pid=9100] Patched 'panel dest top 130->123' at 0x007765A7
[efz_netplay_mod][pid=9100] Patched 'highlight src base 98->112' at 0x0077664A
[efz_netplay_mod][pid=9100] Patched 'highlight screen base 130->123' at 0x00776696
[efz_netplay_mod][pid=9100] Patched 'switch dispatch table -> custom' at 0x007761E5
[efz_netplay_mod][pid=9100] Patched 'title vtable render -> hook' at 0x00789980
[efz_netplay_mod][pid=9100] Patched 'title vtable update -> hook' at 0x00789984
[efz_netplay_mod][pid=9100] InstallHooks: success (title update=0x00775FB0 netplayAssets=1)
[efz_netplay_mod][pid=9100] InstallHooks succeeded
[efz_netplay_mod][pid=9100] SCREEN_MONITOR: index 255 -> 0 tick=1 mode=0/2 screenObj=0x11DD6888 charselect(init=1 exit=0 obj=0x11DD6CE0)
[efz_netplay_mod][pid=9100] TICK_HOOK: *** ECX MISMATCH *** frameTick=1 exeECX=0x11DD6888 dllSession=0x00AE68F8 — overriding ECX with current session
[efz_netplay_mod][pid=9100] TICK_HOOK: current session vtable=0x6C8B0544 (RVA=0x90544)
[efz_netplay_mod][pid=9100] DIAG[tick_ecx_mismatch]: dllExitPatchesSaved=0 tournamentPatchesSaved=0 renderContextSaved=0 savedRenderCtx=0x00000000
[efz_netplay_mod][pid=9100] DIAG[tick_ecx_mismatch]: dllBase=0x6C820000 roleFlag=2 sessionPtr=0x00AE68F8 renderCtx=0x725C6BC8 globalState=0x119E0048
[efz_netplay_mod][pid=9100] DIAG[tick_ecx_mismatch]: session vtable=0x6C8B0544 initComplete=79659616 activePlayer=0
[efz_netplay_mod][pid=9100] DIAG[tick_ecx_mismatch]: exitPatch[0] RVA=0x79BFD byte=0x74 expected=0x74
[efz_netplay_mod][pid=9100] DIAG[tick_ecx_mismatch]: exitPatch[1] RVA=0x72CAF byte=0x74 expected=0x74
[efz_netplay_mod][pid=9100] DIAG[tick_ecx_mismatch]: nearJccPatch[0] RVA=0x72B25 bytes=0F 85
[efz_netplay_mod][pid=9100] DIAG[tick_ecx_mismatch]: nearJccPatch[1] RVA=0x72B2E bytes=0F 85
[efz_netplay_mod][pid=9100] DIAG[tick_ecx_mismatch]: nearJccPatch[2] RVA=0x72EAB bytes=0F 84
[efz_netplay_mod][pid=9100] DIAG[tick_ecx_mismatch]: nearJccPatch[3] RVA=0x72EBE bytes=0F 84
[efz_netplay_mod][pid=9100] DIAG[tick_ecx_mismatch]: nearJccPatch[4] RVA=0x74CA1 bytes=0F 84
[efz_netplay_mod][pid=9100] DIAG[tick_ecx_mismatch]: nearJccPatch[5] RVA=0x74CB4 bytes=0F 84
[efz_netplay_mod][pid=9100] DIAG[tick_ecx_mismatch]: nearJccPatch[6] RVA=0x74CC1 bytes=0F 84
[efz_netplay_mod][pid=9100] DIAG[tick_ecx_mismatch]: localRoleFlag=2 localInitApplied=0 exitIntercepted=0 exitMode=-1 frameHookInstalled=1 frameRecoveryPending=0 forceLocalPlayInitCount=0
[efz_netplay_mod][pid=9100] DIAG[tick_ecx_mismatch]: revivalProcess=0x00000000 revivalPid=0 lastValidatedSession=0x00AE68F8 lastSessionPtrOffset=0xA02EC
[efz_netplay_mod][pid=9100] TICK_HOOK: heartbeat frameTick=1 session=0x00AE68F8 exeECX=0x11DD6888 match=0
[efz_netplay_mod][pid=9100] StateExport: heartbeat seq=1 activity=0 menu=0 screen=0 mode=0 phase=0 role=0 side=-1 p1Wins=0 p2Wins=0 ping=-1 delay=-1 local='' p1='' p2='' revival='1.02h' caps=0x21 sessionId=0 setId=0 endReason=0
[efz_netplay_mod][pid=9100] NetplayCaseImpl: invoked
[efz_netplay_mod][pid=9100] TriggerNetplayMenuEntry: titleSelection=5 screenContext=0x11DD6888
[efz_netplay_mod][pid=9100] PlayUiSound: sfx=6 gameSystem=0x119E0048
[efz_netplay_mod][pid=9100] EnterNetplayMenu: request active=0 skipFadeOut=0
[efz_netplay_mod][pid=9100] RunTransitionFadeOut: begin palette=299722934 baseVolume=0 volumeAdjustment=0
[efz_netplay_mod][pid=9100] RunTransitionFadeOut: complete result=1
[efz_netplay_mod][pid=9100] LoadNetplayAssets: begin (screenContext=0x11DD6888)
[efz_netplay_mod][pid=9100] ResolveNetplayBackgroundPath: searching for netplay_bg.dat
[efz_netplay_mod][pid=9100] ResolveNetplayBackgroundPath: [DLL dir] probing 'D:\EFZ + Revival 1.02h\mods\efz_netplay_mod\assets\netplay_bg.dat'
[efz_netplay_mod][pid=9100] ResolveNetplayBackgroundPath: using 'D:\EFZ + Revival 1.02h\mods\efz_netplay_mod\assets\netplay_bg.dat'
[efz_netplay_mod][pid=9100] ResolveNetplayObjectsPath: searching for netplay objects
[efz_netplay_mod][pid=9100] ResolveNetplayObjectsPath: [DLL dir] probing 'D:\EFZ + Revival 1.02h\mods\efz_netplay_mod\assets\netplay_ob.dat'
[efz_netplay_mod][pid=9100] ResolveNetplayObjectsPath: using 'D:\EFZ + Revival 1.02h\mods\efz_netplay_mod\assets\netplay_ob.dat'
[efz_netplay_mod][pid=9100] ParseEfzDatImage: parsed 'D:\EFZ + Revival 1.02h\mods\efz_netplay_mod\assets\netplay_ob.dat' size=154370 firstByte=255 headerOffset=766 width=320 height=480 transparentSrc=20 hasTransparent=1 method=near_magenta exact=0 near=1
[efz_netplay_mod][pid=9100] LoadNetplayAssets: derived source transparent index=20 from netplay_ob.dat
[efz_netplay_mod][pid=9100] LoadNetplayAssets: derived netplay_ob layout srcY[261..387] dstY[95..221] rowH=14 width=320
[efz_netplay_mod][pid=9100] LoadNetplayAssets: forcing transparent color=213 (src=20 + offset=193)
[efz_netplay_mod][pid=9100] LoadNetplayAssets: done bg='D:\EFZ + Revival 1.02h\mods\efz_netplay_mod\assets\netplay_bg.dat' obj='D:\EFZ + Revival 1.02h\mods\efz_netplay_mod\assets\netplay_ob.dat' (palette bg=1 obj=1 transparent=213)
[efz_netplay_mod][pid=9100] LoadNetplayAssets: object profile colorOffset=193 paletteStart=193 paletteCount=48 configStyle=1 optionCount=5 backIndex=4
[efz_netplay_mod][pid=9100] LoadNetplaySpriteFont: no sprite font map found (runtime text disabled)
[efz_netplay_mod][pid=9100] LoadNetplayAssets: sprite font unavailable, using object-sheet-only rendering
[efz_netplay_mod][pid=9100] LoadNetplayMenuSettingsFromIni: loaded Network.Name='Aquatic'
[efz_netplay_mod][pid=9100] LoadNetplayMenuSettingsFromIni: loaded Network.Port=10800
[efz_netplay_mod][pid=9100] ResetTitleMenuState: selection=0 menuState=0 initState=0 exitState=0
[efz_netplay_mod][pid=9100] NetplayMenuSwitch: menu=Main selection=0 count=5 row=0(ROW_HOST) entry=HOST
[efz_netplay_mod][pid=9100] InstallNetplayWindowHook: hwnd=0x00091124 originalProc=0x7252C600
[efz_netplay_mod][pid=9100] RunTransitionFadeIn: begin palette=299722934
[efz_netplay_mod][pid=9100] RunTransitionFadeIn: complete result=1
[efz_netplay_mod][pid=9100] EnterNetplayMenu: active menu=Main selection=0 bgmTrack=8 configStyle=1 optionCount=5 backIndex=4 skipFadeOut=0
[efz_netplay_mod][pid=9100] HookedTitleUpdateImpl: title confirm edge selection=0
[efz_netplay_mod][pid=9100] Takeover: host revival base=0x6C820000
[efz_netplay_mod][pid=9100] StateExport: flow menu=0->1 charsel=0->0 match=0->0 screen=0 mode=0 phase=0 role=0 p1Wins=0 p2Wins=0
[efz_netplay_mod][pid=9100] StateExport: activity 0->1 screen=0 mode=0 phase=0 role=0 side=-1 p1='' p2='' caps=0xB1 sessionId=0 setId=0 seq=500
[efz_netplay_mod][pid=9100] NetplayInput: P1(h=0 v=0 c=0 b=0) P2(h=0 v=0 c=0 b=0)
[efz_netplay_mod][pid=9100] NetplayFrame: updates=1 menu=Main selection=0 row=0(ROW_HOST) inactivity=0 slide=0 nativeSlideRaw=0 nativeSlideScaled=0
[efz_netplay_mod][pid=9100] NetplayInput: P1(h=0 v=1 c=0 b=0) P2(h=0 v=0 c=0 b=0)
[efz_netplay_mod][pid=9100] PlayUiSound: sfx=8 gameSystem=0x119E0048
[efz_netplay_mod][pid=9100] NetplaySelection: player=0 menu=Main from=0 to=1 row=1(ROW_JOIN) label=JOIN inputV=1
[efz_netplay_mod][pid=9100] NetplayInput: P1(h=0 v=0 c=0 b=0) P2(h=0 v=0 c=0 b=0)
[efz_netplay_mod][pid=9100] NetplayInput: P1(h=0 v=1 c=0 b=0) P2(h=0 v=0 c=0 b=0)
[efz_netplay_mod][pid=9100] PlayUiSound: sfx=8 gameSystem=0x119E0048
[efz_netplay_mod][pid=9100] NetplaySelection: player=0 menu=Main from=1 to=2 row=5(ROW_RESERVED5) label=LOBBY inputV=1
[efz_netplay_mod][pid=9100] NetplayInput: P1(h=0 v=0 c=0 b=0) P2(h=0 v=0 c=0 b=0)
[efz_netplay_mod][pid=9100] NetplayInput: P1(h=0 v=0 c=1 b=0) P2(h=0 v=0 c=0 b=0)
[efz_netplay_mod][pid=9100] PlayUiSound: sfx=6 gameSystem=0x119E0048
[efz_netplay_mod][pid=9100] NetplayConfirm: player=0 menu=Main selection=2 row=5(ROW_RESERVED5) label=LOBBY action=OpenLobby
[efz_netplay_mod][pid=9100] NetplayAction: menu=Main selection=2 row=5(ROW_RESERVED5) action=OpenLobby
[efz_netplay_mod][pid=9100] NetplaySlide(native): start from=Main(2) to=Lobby(0) dir=1
[efz_netplay_mod][pid=9100] SwitchToMenu: entering Lobby, creating session for 'Aquatic' port=10800
[efz_netplay_mod][pid=9100] LobbySession::PollThread: entering
[efz_netplay_mod][pid=9100] LobbySession: started for nickname='Aquatic'
[efz_netplay_mod][pid=9100] NetplayMenuSwitch: menu=Lobby selection=0 count=1 row=7(ROW_RETURN) entry=BACK
[efz_netplay_mod][pid=9100] LobbySession: endpoint config override=0 baseUrl='' proxyOverride=0 proxyBaseUrl='' forceWinInet=0 forceEmbeddedTls=0 tlsVerify=0 embeddedAvailable=1
[efz_netplay_mod][pid=9100] NetplaySlide(native): complete menu=Lobby selection=0
[efz_netplay_mod][pid=9100] AcquireMenuDrawSurfaceLock: locked backbuffer surface (surface=0x0D048D50 size=640x480 pitch=640)
[efz_netplay_mod][pid=9100] AcquireMenuDrawSurfaceLock: backbuffer surface details size=640x480 pitch=640 (lockW=0 lockH=480)
[efz_netplay_mod][pid=9100] OverlayTextPalette: selected=224 rgb=(255,255,255) normal=217 rgb=(160,160,160) transparent=213
[efz_netplay_mod][pid=9100] NetplayInput: P1(h=0 v=0 c=0 b=0) P2(h=0 v=0 c=0 b=0)
[efz_netplay_mod][pid=9100] LobbySession::DoHttpGet: backend=EmbeddedTLS endpoint=primary verify=0
[efz_netplay_mod][pid=9100] LobbySession::DoJoin: response='{"alias":"EFZ","challenges":[],"id":8380,"idle":[["Aquatic_mod",1],["Aquatic",2]],"msg":2,"playing":[],"secret":2594,"status":"OK","type":"Private"}
'
[efz_netplay_mod][pid=9100] LobbySession::PollThread: joined lobby id=8380 playerId=2
[efz_netplay_mod][pid=9100] HookedTitleUpdateImpl: calls=300 netplayActive=1
[efz_netplay_mod][pid=9100] StateExport: heartbeat seq=600 activity=1 menu=1 screen=0 mode=0 phase=0 role=0 side=-1 p1Wins=0 p2Wins=0 ping=-1 delay=-1 local='' p1='' p2='' revival='1.02h' caps=0xB1 sessionId=0 setId=0 endReason=0
[efz_netplay_mod][pid=9100] LobbySession::DiscoverPublicIp: resolved=91.214.211.2
[efz_netplay_mod][pid=9100] NetplayFrame: updates=93 menu=Lobby selection=0 row=7(ROW_RETURN) inactivity=72 slide=0 nativeSlideRaw=0 nativeSlideScaled=0
[efz_netplay_mod][pid=9100] LobbySession::DoPollStatus: response='{"alias":"EFZ","challenges":[],"id":8380,"idle":[["Aquatic_mod",1],["Aquatic",2]],"msg":"OK","playing":[],"status":"OK"}
'
[efz_netplay_mod][pid=9100] LobbySession::DoPollStatus: response='{"alias":"EFZ","challenges":[],"id":8380,"idle":[["Aquatic_mod",1],["Aquatic",2]],"msg":"OK","playing":[],"status":"OK"}
'
[efz_netplay_mod][pid=9100] NetplayInput: P1(h=0 v=0 c=1 b=0) P2(h=0 v=0 c=0 b=0)
[efz_netplay_mod][pid=9100] PlayUiSound: sfx=6 gameSystem=0x119E0048
[efz_netplay_mod][pid=9100] NetplayConfirm: player=0 menu=Lobby selection=0 row=6(ROW_RESERVED6) label=LOBBY_SLOT action=LobbySlot0
[efz_netplay_mod][pid=9100] NetplayAction: menu=Lobby selection=0 row=6(ROW_RESERVED6) action=LobbySlot0
[efz_netplay_mod][pid=9100] LobbyChallenge: challenging 'Aquatic_mod' id=1 with our ip=91.214.211.2:10800
[efz_netplay_mod][pid=9100] SessionBridge: StartSession role=0 port=10800 address='' nickname='Aquatic'
[efz_netplay_mod][pid=9100] HostingOverlay: activated port=10800, starting IP fetch
[efz_netplay_mod][pid=9100] Takeover: StartSession role=0 port=10800 address='' nickname='Aquatic'
[efz_netplay_mod][pid=9100] DIAG[StartSession_entry]: dllExitPatchesSaved=0 tournamentPatchesSaved=0 renderContextSaved=0 savedRenderCtx=0x00000000
[efz_netplay_mod][pid=9100] LobbySession: processing challenge target=1 ip=91.214.211.2:10800
[efz_netplay_mod][pid=9100] StateExport: new session sessionId=1
[efz_netplay_mod][pid=9100] StateExport: nicknames local=''->'Aquatic' p1=''->'' p2=''->'' seq=890
[efz_netplay_mod][pid=9100] DIAG[StartSession_entry]: dllBase=0x6C820000 roleFlag=2 sessionPtr=0x00AE68F8 renderCtx=0x725C6BC8 globalState=0x119E0048
[efz_netplay_mod][pid=9100] DIAG[StartSession_entry]: session vtable=0x6C8B0544 initComplete=79659616 activePlayer=0
[efz_netplay_mod][pid=9100] DIAG[StartSession_entry]: exitPatch[0] RVA=0x79BFD byte=0x74 expected=0x74
[efz_netplay_mod][pid=9100] DIAG[StartSession_entry]: exitPatch[1] RVA=0x72CAF byte=0x74 expected=0x74
[efz_netplay_mod][pid=9100] DIAG[StartSession_entry]: nearJccPatch[0] RVA=0x72B25 bytes=0F 85
[efz_netplay_mod][pid=9100] DIAG[StartSession_entry]: nearJccPatch[1] RVA=0x72B2E bytes=0F 85
[efz_netplay_mod][pid=9100] DIAG[StartSession_entry]: nearJccPatch[2] RVA=0x72EAB bytes=0F 84
[efz_netplay_mod][pid=9100] DIAG[StartSession_entry]: nearJccPatch[3] RVA=0x72EBE bytes=0F 84
[efz_netplay_mod][pid=9100] DIAG[StartSession_entry]: nearJccPatch[4] RVA=0x74CA1 bytes=0F 84
[efz_netplay_mod][pid=9100] DIAG[StartSession_entry]: nearJccPatch[5] RVA=0x74CB4 bytes=0F 84
[efz_netplay_mod][pid=9100] DIAG[StartSession_entry]: nearJccPatch[6] RVA=0x74CC1 bytes=0F 84
[efz_netplay_mod][pid=9100] DIAG[StartSession_entry]: localRoleFlag=2 localInitApplied=0 exitIntercepted=0 exitMode=-1 frameHookInstalled=1 frameRecoveryPending=0 forceLocalPlayInitCount=0
[efz_netplay_mod][pid=9100] DIAG[StartSession_entry]: revivalProcess=0x00000000 revivalPid=0 lastValidatedSession=0x00AE68F8 lastSessionPtrOffset=0xA02EC
[efz_netplay_mod][pid=9100] Takeover: host revival base=0x6C820000
[efz_netplay_mod][pid=9100] SaveRenderContext: saved EfzRender* 0x725C6BC8 from offset 0xA0798 initOnceGuard=0x00000101 (H2: guard SET — init() will NOT refresh renderCtx)
[efz_netplay_mod][pid=9100] Takeover: phase Idle -> Connecting reason=''
[efz_netplay_mod][pid=9100] TICK_HOOK: *** ECX MISMATCH *** frameTick=1 exeECX=0x11DD6888 dllSession=0x00AE68F8 — overriding ECX with current session
[efz_netplay_mod][pid=9100] TICK_HOOK: current session vtable=0x6C8B0544 (RVA=0x90544)
[efz_netplay_mod][pid=9100] DIAG[tick_ecx_mismatch]: dllExitPatchesSaved=0 tournamentPatchesSaved=0 renderContextSaved=1 savedRenderCtx=0x725C6BC8
[efz_netplay_mod][pid=9100] DIAG[tick_ecx_mismatch]: dllBase=0x6C820000 roleFlag=2 sessionPtr=0x00AE68F8 renderCtx=0x725C6BC8 globalState=0x119E0048
[efz_netplay_mod][pid=9100] Takeover: WriteIni path='D:\EFZ + Revival 1.02h\EfzRevival.ini' existed=1 role=0 port=10800 nickname='Aquatic' address='' result=1 (updated keys: Network.Name, Network.Port)
[efz_netplay_mod][pid=9100] DIAG[tick_ecx_mismatch]: session vtable=0x6C8B0544 initComplete=79659616 activePlayer=0
[efz_netplay_mod][pid=9100] DIAG[tick_ecx_mismatch]: exitPatch[0] RVA=0x79BFD byte=0x74 expected=0x74
[efz_netplay_mod][pid=9100] DIAG[tick_ecx_mismatch]: exitPatch[1] RVA=0x72CAF byte=0x74 expected=0x74
[efz_netplay_mod][pid=9100] DIAG[tick_ecx_mismatch]: nearJccPatch[0] RVA=0x72B25 bytes=0F 85
[efz_netplay_mod][pid=9100] DIAG[tick_ecx_mismatch]: nearJccPatch[1] RVA=0x72B2E bytes=0F 85
[efz_netplay_mod][pid=9100] DIAG[tick_ecx_mismatch]: nearJccPatch[2] RVA=0x72EAB bytes=0F 84
[efz_netplay_mod][pid=9100] DIAG[tick_ecx_mismatch]: nearJccPatch[3] RVA=0x72EBE bytes=0F 84
[efz_netplay_mod][pid=9100] DIAG[tick_ecx_mismatch]: nearJccPatch[4] RVA=0x74CA1 bytes=0F 84
[efz_netplay_mod][pid=9100] DIAG[tick_ecx_mismatch]: nearJccPatch[5] RVA=0x74CB4 bytes=0F 84
[efz_netplay_mod][pid=9100] DIAG[tick_ecx_mismatch]: nearJccPatch[6] RVA=0x74CC1 bytes=0F 84
[efz_netplay_mod][pid=9100] DIAG[tick_ecx_mismatch]: localRoleFlag=2 localInitApplied=0 exitIntercepted=0 exitMode=-1 frameHookInstalled=1 frameRecoveryPending=0 forceLocalPlayInitCount=0
[efz_netplay_mod][pid=9100] DIAG[tick_ecx_mismatch]: revivalProcess=0x00000000 revivalPid=0 lastValidatedSession=0x00000000 lastSessionPtrOffset=0x0
[efz_netplay_mod][pid=9100] TICK_HOOK: heartbeat frameTick=1 session=0x00AE68F8 exeECX=0x11DD6888 match=0
[efz_netplay_mod][pid=9100] Takeover: spawned EfzRevival suspended pid=34988
[efz_netplay_mod][pid=9100] Takeover: created kill-on-close job object handle=00000D38
[efz_netplay_mod][pid=9100] Takeover: assigned pid=34988 to kill-on-close job
[efz_netplay_mod][pid=9100] NetplayInput: P1(h=0 v=0 c=0 b=0) P2(h=0 v=0 c=0 b=0)
[efz_netplay_mod][pid=9100] NetplayFrame: updates=197 menu=Lobby selection=0 row=6(ROW_RESERVED6) inactivity=175 slide=0 nativeSlideRaw=0 nativeSlideScaled=0
[efz_netplay_mod] logger initialized
[efz_netplay_mod][pid=34988] CrashHandler: installed (mode=injected_takeover dir='D:\EFZ + Revival 1.02h\mods\efz_netplay_mod' vectored=01518AE8)
[efz_netplay_mod][pid=34988] Module attached in EfzRevival.exe (injected takeover mode)
[efz_netplay_mod][pid=34988] DetectRevivalVersion: EfzRevival.dll not loaded — keeping default profile 1.02e
[efz_netplay_mod][pid=9100] Takeover: injected self module base=0x71630000
[efz_netplay_mod][pid=34988] Takeover: injected initialized ready=1 block=0x00FF0000 init=0x00000158 console=0x0000015C initAddr=0x00000000 hostRevivalBase=0x6C820000
[efz_netplay_mod][pid=9100] Takeover: PatchIat target module='efzrevival.exe' base=0x00860000
[efz_netplay_mod][pid=9100] Takeover: module 'efzrevival.exe' patched import ReadConsoleW old=0x76BC3BB0 new=0x71650C10
[efz_netplay_mod][pid=9100] Takeover: module 'efzrevival.exe' patched import WriteConsoleOutputCharacterW old=0x76BC3E60 new=0x71651270
[efz_netplay_mod][pid=9100] Takeover: module 'efzrevival.exe' patched import ReadConsoleA old=0x76BC3B80 new=0x71650AD0
[efz_netplay_mod][pid=9100] Takeover: module 'efzrevival.exe' patched import TerminateProcess old=0x76BB9910 new=0x71650EB0
[efz_netplay_mod][pid=9100] Takeover: module 'efzrevival.exe' patched import CreateProcessA old=0x76BD5150 new=0x71650980
[efz_netplay_mod][pid=9100] Takeover: module 'efzrevival.exe' patched import OutputDebugStringW old=0x76BD64F0 new=0x71650AB0
[efz_netplay_mod][pid=9100] Takeover: module 'efzrevival.exe' patched import count=16
[efz_netplay_mod][pid=9100] Takeover: PatchIat target module='msvcp_win.dll' base=0x75830000
[efz_netplay_mod][pid=9100] Takeover: module 'msvcp_win.dll' patched import TerminateProcess old=0x76BB9910 new=0x71650EB0
[efz_netplay_mod][pid=9100] Takeover: module 'msvcp_win.dll' patched import count=2
[efz_netplay_mod][pid=9100] Takeover: PatchIat target module='ucrtbase.dll' base=0x76250000
[efz_netplay_mod][pid=9100] Takeover: module 'ucrtbase.dll' patched import TerminateProcess old=0x76BB9910 new=0x71650EB0
[efz_netplay_mod][pid=9100] Takeover: module 'ucrtbase.dll' patched import OutputDebugStringW old=0x770168E0 new=0x71650AB0
[efz_netplay_mod][pid=9100] Takeover: module 'ucrtbase.dll' patched import ReadConsoleW old=0x7700F6C0 new=0x71650C10
[efz_netplay_mod][pid=9100] Takeover: module 'ucrtbase.dll' patched import count=7
[efz_netplay_mod][pid=9100] Takeover: PatchIat target module='msvcrt.dll' base=0x75630000
[efz_netplay_mod][pid=9100] Takeover: module 'msvcrt.dll' patched import ReadConsoleW old=0x7700F6C0 new=0x71650C10
[efz_netplay_mod][pid=9100] Takeover: module 'msvcrt.dll' patched import CreateProcessA old=0x76BD5150 new=0x71650980
[efz_netplay_mod][pid=9100] Takeover: module 'msvcrt.dll' patched import TerminateProcess old=0x76BB9910 new=0x71650EB0
[efz_netplay_mod][pid=9100] Takeover: module 'msvcrt.dll' patched import count=8
[efz_netplay_mod][pid=9100] Takeover: patched import total count=33 modules=4
[efz_netplay_mod][pid=9100] Takeover: resumed main thread result=1
[efz_netplay_mod][pid=9100] Takeover: signaled console script menu=1 primaryLen=3 auxLen=2 auxSerial=1
[efz_netplay_mod][pid=9100] Takeover: phase Connecting -> Connecting reason='awaiting handshake'
[efz_netplay_mod][pid=9100] Takeover: start session armed (asynchronous handshake via Tick)
[efz_netplay_mod][pid=9100] Takeover: connecting diag session=0x00AE68F8 sessionOff=0xA02EC roleFlag=2 ping=0 delay=-1 sync(mode=0 flag1084=0 session=0 flags=0/2 ready=0) src(exe=1 dll=1 roleDll=1 sessDll=1) hits(rc=0 auto=0 cp=0 wpm=0 crt=0)
[efz_netplay_mod][pid=9100] Takeover: runtime-ready probe ready=0 source=none localInit=0 prompt=0 input=0 session=0 bind(pid=0 handle=0) syncReady=0 role=2
[efz_netplay_mod][pid=34988] nb_stub_ReadConsoleA: served input serial=1 source=injected value='1
'
[efz_netplay_mod][pid=34988] nb_stub_ReadConsoleA: auto input serial=1 source=injected reason=aux_line read=128 value='
' count=1
[efz_netplay_mod][pid=9100] HostingOverlay: public IPv4 = 91.214.211.2
[efz_netplay_mod][pid=9100] Takeover: late PatchIat retry result=1 attempts=1 success=1 elapsed=500ms
[efz_netplay_mod][pid=9100] LobbySession::DoChallenge: target=1 ip=91.214.211.2:10800 response='{"msg":"OK","status":"OK"}
'
[efz_netplay_mod][pid=9100] LobbySession::DoPollStatus: response='{"alias":"EFZ","challenges":[],"id":8380,"idle":[["Aquatic_mod",1],["Aquatic",2]],"msg":"OK","playing":[],"status":"OK"}
'
[efz_netplay_mod][pid=9100] NetplayFrame: updates=324 menu=Lobby selection=0 row=6(ROW_RESERVED6) inactivity=302 slide=0 nativeSlideRaw=0 nativeSlideScaled=0
[efz_netplay_mod][pid=9100] Takeover: connecting diag session=0x00AE68F8 sessionOff=0xA02EC roleFlag=2 ping=0 delay=-1 sync(mode=0 flag1084=0 session=0 flags=0/2 ready=0) src(exe=1 dll=1 roleDll=1 sessDll=1) hits(rc=2 auto=1 cp=0 wpm=0 crt=0)
[efz_netplay_mod][pid=9100] HookedTitleUpdateImpl: calls=600 netplayActive=1
[efz_netplay_mod][pid=9100] StateExport: heartbeat seq=1200 activity=1 menu=1 screen=0 mode=1 phase=1 role=0 side=-1 p1Wins=0 p2Wins=0 ping=-1 delay=-1 local='Aquatic' p1='' p2='' revival='1.02h' caps=0xB5 sessionId=1 setId=0 endReason=0
[efz_netplay_mod][pid=9100] LobbySession::DoPollStatus: response='{"alias":"EFZ","challenges":[],"id":8380,"idle":[["Aquatic_mod",1],["Aquatic",2]],"msg":"OK","playing":[],"status":"OK"}
'
[efz_netplay_mod][pid=9100] Takeover: runtime-ready probe ready=0 source=none localInit=0 prompt=0 input=0 session=0 bind(pid=0 handle=0) syncReady=0 role=2
[efz_netplay_mod][pid=34988] nb_stub_ReadConsoleA: passthrough (ready=1 result=1 read=1 err=0)
[efz_netplay_mod][pid=9100] Takeover: late PatchIat retry result=1 attempts=7 success=7 elapsed=3515ms
[efz_netplay_mod][pid=9100] NetplayFrame: updates=452 menu=Lobby selection=0 row=6(ROW_RESERVED6) inactivity=430 slide=0 nativeSlideRaw=0 nativeSlideScaled=0
[efz_netplay_mod][pid=9100] Takeover: connecting diag session=0x00AE68F8 sessionOff=0xA02EC roleFlag=2 ping=0 delay=-1 sync(mode=0 flag1084=0 session=0 flags=0/2 ready=0) src(exe=1 dll=1 roleDll=1 sessDll=1) hits(rc=2 auto=1 cp=0 wpm=0 crt=0)
[efz_netplay_mod][pid=9100] LobbySession::DoPollStatus: response='{"alias":"EFZ","challenges":[],"id":8380,"idle":[["Aquatic_mod",1],["Aquatic",2]],"msg":"OK","playing":[],"status":"OK"}
'
[efz_netplay_mod][pid=9100] NetplayFrame: updates=578 menu=Lobby selection=0 row=6(ROW_RESERVED6) inactivity=556 slide=0 nativeSlideRaw=0 nativeSlideScaled=0
[efz_netplay_mod][pid=9100] Takeover: connecting diag session=0x00AE68F8 sessionOff=0xA02EC roleFlag=2 ping=0 delay=-1 sync(mode=0 flag1084=0 session=0 flags=0/2 ready=0) src(exe=1 dll=1 roleDll=1 sessDll=1) hits(rc=2 auto=1 cp=0 wpm=0 crt=0)
[efz_netplay_mod][pid=9100] Takeover: runtime-ready probe ready=0 source=none localInit=0 prompt=0 input=0 session=0 bind(pid=0 handle=0) syncReady=0 role=2
[efz_netplay_mod][pid=9100] LobbySession::DoPollStatus: response='{"alias":"EFZ","challenges":[],"id":8380,"idle":[["Aquatic_mod",1],["Aquatic",2]],"msg":"OK","playing":[],"status":"OK"}
'
[efz_netplay_mod][pid=9100] Takeover: late PatchIat retry result=1 attempts=13 success=13 elapsed=6515ms
[efz_netplay_mod][pid=9100] HookedTitleUpdateImpl: calls=900 netplayActive=1
[efz_netplay_mod][pid=9100] StateExport: heartbeat seq=1800 activity=1 menu=1 screen=0 mode=1 phase=1 role=0 side=-1 p1Wins=0 p2Wins=0 ping=-1 delay=-1 local='Aquatic' p1='' p2='' revival='1.02h' caps=0xB5 sessionId=1 setId=0 endReason=0
[efz_netplay_mod][pid=34988] Takeover: console prompt detected type=delay serial=1 avg=-1 minPing=-1 maxPing=-1 rec=-1 range=0..20 text='Enter the initial input delay (between ) 0 and 20, none for recommended):'
[efz_netplay_mod][pid=9100] Takeover: delay prompt observed promptSerial=1 servedSerial=0 (waiting for init handshake/runtime sync before connected)
[efz_netplay_mod][pid=9100] DelayOverlay: activated promptSerial=1 ping=-1 current=0 min=0 max=20 recommended=0 names='' vs ''
[efz_netplay_mod][pid=9100] DelayOverlay: pixel draw surface=640x480 pitch=640
[efz_netplay_mod][pid=9100] LobbySession::DoPollStatus: response='{"alias":"EFZ","challenges":[],"id":8380,"idle":[["Aquatic_mod",1],["Aquatic",2]],"msg":"OK","playing":[],"status":"OK"}
'
[efz_netplay_mod][pid=9100] LobbySession: ConfirmAccept with no pending target, ignoring
[efz_netplay_mod][pid=9100] NetplayFrame: updates=706 menu=Lobby selection=0 row=6(ROW_RESERVED6) inactivity=684 slide=0 nativeSlideRaw=0 nativeSlideScaled=0
[efz_netplay_mod][pid=9100] Takeover: connecting diag session=0x00AE68F8 sessionOff=0xA02EC roleFlag=2 ping=0 delay=-1 sync(mode=0 flag1084=0 session=0 flags=0/2 ready=0) src(exe=1 dll=1 roleDll=1 sessDll=1) hits(rc=2 auto=1 cp=0 wpm=0 crt=0)
[efz_netplay_mod][pid=9100] LobbySession::DoPollStatus: response='{"alias":"EFZ","challenges":[],"id":8380,"idle":[],"msg":"OK","playing":[["Aquatic_mod","Aquatic",1,2,"91.214.211.2:10800"]],"status":"OK"}
'
[efz_netplay_mod][pid=9100] Takeover: runtime-ready probe ready=0 source=none localInit=0 prompt=0 input=0 session=0 bind(pid=0 handle=0) syncReady=0 role=2
[efz_netplay_mod][pid=9100] TICK_HOOK: heartbeat frameTick=600 session=0x00AE68F8 exeECX=0x11DD6888 match=0
[efz_netplay_mod][pid=9100] Takeover: late PatchIat retry result=1 attempts=19 success=19 elapsed=9515ms
[efz_netplay_mod][pid=9100] NetplayFrame: updates=834 menu=Lobby selection=0 row=6(ROW_RESERVED6) inactivity=812 slide=0 nativeSlideRaw=0 nativeSlideScaled=0
[efz_netplay_mod][pid=9100] Takeover: connecting diag session=0x00AE68F8 sessionOff=0xA02EC roleFlag=2 ping=0 delay=-1 sync(mode=0 flag1084=0 session=0 flags=0/2 ready=0) src(exe=1 dll=1 roleDll=1 sessDll=1) hits(rc=2 auto=1 cp=0 wpm=0 crt=0)
[efz_netplay_mod][pid=9100] LobbySession::DoPollStatus: response='{"alias":"EFZ","challenges":[],"id":8380,"idle":[],"msg":"OK","playing":[["Aquatic_mod","Aquatic",1,2,"91.214.211.2:10800"]],"status":"OK"}
'
[efz_netplay_mod][pid=9100] NetplayInput: P1(h=0 v=0 c=1 b=0) P2(h=0 v=0 c=0 b=0)
[efz_netplay_mod][pid=34988] nb_stub_ReadConsoleA: auto input serial=1 source=injected reason=prompt_delay_selected read=128 value='0
' count=2
[efz_netplay_mod][pid=9100] Takeover: ApplyInputDelay queued prompt input value=0 promptSerial=1 inputSerial=1
[efz_netplay_mod][pid=9100] SessionBridge: ApplyInputDelay value=0 result=1 phase=Connecting
[efz_netplay_mod][pid=9100] PlayUiSound: sfx=6 gameSystem=0x119E0048
[efz_netplay_mod][pid=9100] DelayOverlay: confirmed player=0 selected=0 recommended=0 min=0 max=20 ping=-1 phase=Connecting syncReady=0
[efz_netplay_mod][pid=9100] DelayOverlay: waiting for runtime sync after delay selection phase=Connecting prompt=1/1
[efz_netplay_mod][pid=9100] NetplayInput: P1(h=0 v=0 c=0 b=0) P2(h=0 v=0 c=0 b=0)
[efz_netplay_mod][pid=9100] LobbySession::DoPollStatus: response='{"alias":"EFZ","challenges":[],"id":8380,"idle":[],"msg":"OK","playing":[["Aquatic_mod","Aquatic",1,2,"91.214.211.2:10800"]],"status":"OK"}
'
[efz_netplay_mod][pid=9100] HookedTitleUpdateImpl: calls=1200 netplayActive=1
[efz_netplay_mod][pid=9100] StateExport: heartbeat seq=2400 activity=1 menu=1 screen=0 mode=1 phase=1 role=0 side=-1 p1Wins=0 p2Wins=0 ping=-1 delay=-1 local='Aquatic' p1='' p2='' revival='1.02h' caps=0xB5 sessionId=1 setId=0 endReason=0
[efz_netplay_mod][pid=9100] NetplayFrame: updates=962 menu=Lobby selection=0 row=6(ROW_RESERVED6) inactivity=940 slide=0 nativeSlideRaw=0 nativeSlideScaled=0
[efz_netplay_mod][pid=9100] Takeover: connecting diag session=0x00AE68F8 sessionOff=0xA02EC roleFlag=2 ping=0 delay=-1 sync(mode=0 flag1084=0 session=0 flags=0/2 ready=0) src(exe=1 dll=1 roleDll=1 sessDll=1) hits(rc=3 auto=2 cp=0 wpm=0 crt=0)
[efz_netplay_mod][pid=9100] Takeover: runtime-ready probe ready=0 source=none localInit=0 prompt=0 input=0 session=0 bind(pid=0 handle=0) syncReady=0 role=2
[efz_netplay_mod][pid=9100] Takeover: late PatchIat retry result=1 attempts=25 success=25 elapsed=12515ms
[efz_netplay_mod][pid=9100] LobbySession::DoPollStatus: response='{"alias":"EFZ","challenges":[],"id":8380,"idle":[],"msg":"OK","playing":[["Aquatic_mod","Aquatic",1,2,"91.214.211.2:10800"]],"status":"OK"}
'
[efz_netplay_mod][pid=9100] NetplayFrame: updates=1090 menu=Lobby selection=0 row=6(ROW_RESERVED6) inactivity=1068 slide=0 nativeSlideRaw=0 nativeSlideScaled=0
[efz_netplay_mod][pid=9100] Takeover: connecting diag session=0x00AE68F8 sessionOff=0xA02EC roleFlag=2 ping=0 delay=-1 sync(mode=0 flag1084=0 session=0 flags=0/2 ready=0) src(exe=1 dll=1 roleDll=1 sessDll=1) hits(rc=3 auto=2 cp=0 wpm=0 crt=0)
[efz_netplay_mod][pid=34988] nb_stub_CreateProcessA: redirected to host pid=9100 source=injected
[efz_netplay_mod][pid=34988] nb_stub_ReadProcessMemory: spoof addr=0x007871F4 size=4 value=0x4386998F count=1
[efz_netplay_mod][pid=34988] nb_stub_CreateRemoteThread: bypass call start=0x76BC0E70 call=1 base=0x6C820000
[efz_netplay_mod][pid=9100] Takeover: observed takeover create path hits cp=1 wpm=1 crt=1
[efz_netplay_mod][pid=34988] nb_stub_WriteProcessMemory: observed init write mode=0 magic=102 dst=0x03350000
[efz_netplay_mod][pid=34988] nb_stub_WriteProcessMemory: captured init params via write mode=0 magic=102
[efz_netplay_mod][pid=34988] nb_stub_CreateRemoteThread: captured init params mode=0 magic=102 start=0x6C88F0B0 call=2
[efz_netplay_mod][pid=34988] Takeover: capture revival native logs=0 source=ini:D:\EFZ + Revival 1.02h\EfzRevival.ini
[efz_netplay_mod][pid=9100] DIAG[Tick_init_handshake_pre]: dllExitPatchesSaved=0 tournamentPatchesSaved=0 renderContextSaved=1 savedRenderCtx=0x725C6BC8
[efz_netplay_mod][pid=9100] DIAG[Tick_init_handshake_pre]: dllBase=0x6C820000 roleFlag=2 sessionPtr=0x00AE68F8 renderCtx=0x725C6BC8 globalState=0x119E0048
[efz_netplay_mod][pid=9100] DIAG[Tick_init_handshake_pre]: session vtable=0x6C8B0544 initComplete=79659616 activePlayer=0
[efz_netplay_mod][pid=9100] DIAG[Tick_init_handshake_pre]: exitPatch[0] RVA=0x79BFD byte=0x74 expected=0x74
[efz_netplay_mod][pid=9100] DIAG[Tick_init_handshake_pre]: exitPatch[1] RVA=0x72CAF byte=0x74 expected=0x74
[efz_netplay_mod][pid=9100] DIAG[Tick_init_handshake_pre]: nearJccPatch[0] RVA=0x72B25 bytes=0F 85
[efz_netplay_mod][pid=9100] DIAG[Tick_init_handshake_pre]: nearJccPatch[1] RVA=0x72B2E bytes=0F 85
[efz_netplay_mod][pid=9100] DIAG[Tick_init_handshake_pre]: nearJccPatch[2] RVA=0x72EAB bytes=0F 84
[efz_netplay_mod][pid=9100] DIAG[Tick_init_handshake_pre]: nearJccPatch[3] RVA=0x72EBE bytes=0F 84
[efz_netplay_mod][pid=9100] DIAG[Tick_init_handshake_pre]: nearJccPatch[4] RVA=0x74CA1 bytes=0F 84
[efz_netplay_mod][pid=9100] DIAG[Tick_init_handshake_pre]: nearJccPatch[5] RVA=0x74CB4 bytes=0F 84
[efz_netplay_mod][pid=9100] DIAG[Tick_init_handshake_pre]: nearJccPatch[6] RVA=0x74CC1 bytes=0F 84
[efz_netplay_mod][pid=9100] DIAG[Tick_init_handshake_pre]: localRoleFlag=2 localInitApplied=0 exitIntercepted=0 exitMode=-1 frameHookInstalled=1 frameRecoveryPending=0 forceLocalPlayInitCount=0
[efz_netplay_mod][pid=9100] DIAG[Tick_init_handshake_pre]: revivalProcess=0x00000EC0 revivalPid=34988 lastValidatedSession=0x00AE68F8 lastSessionPtrOffset=0xA02EC
[efz_netplay_mod][pid=9100] Takeover: init handshake observed (deferred) mode=0 magic=102 serial=3
[efz_netplay_mod][pid=9100] INIT_SNAP[Tick_init_pre]: roleFlag=2 sessionPtr=0x00AE68F8 initFlag=0 initByte=0x00 renderCtx=0x725C6BC8 renderCtxBase=0x00000000 initOnceGuard=0x00000101 timerPtr=0x725C6AD0 globalStatePtr=0x119E0048
[efz_netplay_mod][pid=9100] INIT_SNAP[Tick_init_pre]: roleFlag[1]=0xA0610 val=1821111164
[efz_netplay_mod][pid=9100] INIT_SNAP[Tick_init_pre]: session vtable=0x6C8B0544 initComplete=79659616 activePlayer=0 queuePlayer=0 inputDelay=-1856869406
[efz_netplay_mod][pid=9100] INIT_SNAP[Tick_init_pre]: session currentFrame=0 gameModeSnap=0 matchId=0 sentinel=357722727 helperHandle=0x00000000
[efz_netplay_mod][pid=9100] INIT_SNAP[Tick_init_pre]: session histPrimary=0x00000000 histSecondary=0x00000000 histPrimaryVec=0x00AE6C0C histSecondaryVec=0x00AE6C18
[efz_netplay_mod][pid=9100] INIT_SNAP[Tick_init_pre]: session +4=13304013 +8=13107408 +12=2031646 +16=3080224 +36=1
[efz_netplay_mod][pid=9100] INIT_SNAP[Tick_init_pre]: g_localRoleFlag=2 g_localInitApplied=0 g_dllExitPatchesSaved=0 g_tournamentPatchesSaved=0 g_renderContextSaved=1 g_savedRenderCtx=0x725C6BC8 g_frameHookInstalled=1 initCount=0
[efz_netplay_mod][pid=9100] Tick_init_handshake: DestroyCurrentSession starting session=0x00AE68F8 role=2
[efz_netplay_mod][pid=9100] Tick_init_handshake: DestroyCurrentSession vtable=0x6C8B0544 (RVA 0x00090544)
[efz_netplay_mod][pid=9100] Tick_init_handshake: DestroyCurrentSession calling dtor vtable[0]=0x6C849090 session=0x00AE68F8 role=2
[efz_netplay_mod][pid=9100] Tick_init_handshake: DestroyCurrentSession destructor completed
[efz_netplay_mod][pid=9100] ResetModeConstructorTrampolineCache: cleared 2 entries
[efz_netplay_mod][pid=9100] Tick_init_handshake: DestroyCurrentSession done session=0x00AE68F8 role=2 globalsZeroed=1
[efz_netplay_mod][pid=9100] Tick_init_handshake: about to save EXE hook bytes before init() mode=0 oldSession=0x00AE68F8
[efz_netplay_mod][pid=9100] SaveExeFrameHookBytes: saved 10 bytes at 0x00401582 [E9 91 67 7F 04 90 90 90 90 90]
[efz_netplay_mod][pid=9100] SaveModeCtorOriginalBytesOnce: captured 0x00763E50=[C6 40 2D 00 8B 4D D0] 0x00763F04=[8B 4D D0 C6 41 2D 00]
[efz_netplay_mod][pid=9100] RestoreModeCtorOriginalBytes: restored 0x00763E50=[C6 40 2D 00 8B 4D D0] 0x00763F04=[8B 4D D0 C6 41 2D 00]
[efz_netplay_mod][pid=9100] ResetModeConstructorTrampolineCache: cleared 2 entries
[efz_netplay_mod][pid=9100] Tick_init_handshake: 0x401582 pre-init  [E9 91 67 7F 04 90 90 90 90 90]
[efz_netplay_mod][pid=9100] Tick_init_handshake: calling init(mode=0, magic=102)
[efz_netplay_mod][pid=9100] Tick_init_handshake: 0x401582 post-init [E9 91 23 9A 08 90 90 90 90 90]
[efz_netplay_mod][pid=9100] Tick_init_handshake: restoring saved EXE hook bytes (mode=0)
[efz_netplay_mod][pid=9100] RestoreExeFrameHookBytes: restored 10 bytes at 0x00401582 [E9 91 67 7F 04 90 90 90 90 90]
[efz_netplay_mod][pid=9100] Tick_init_handshake: 0x401582 restored  [E9 91 67 7F 04 90 90 90 90 90]
[efz_netplay_mod][pid=9100] Tick_init_handshake: modeCtorFixup 0x00763E50 tramp=08DA3A18 orig=[C6 40 2D 00 8B 4D D0]
[efz_netplay_mod][pid=9100] Tick_init_handshake: modeCtorFixup 0x00763E50 no relative instructions found
[efz_netplay_mod][pid=9100] Tick_init_handshake: modeCtorFixup 0x00763F04 tramp=08DA38F8 orig=[8B 4D D0 C6 41 2D 00]
[efz_netplay_mod][pid=9100] Tick_init_handshake: modeCtorFixup 0x00763F04 no relative instructions found
[efz_netplay_mod][pid=9100] INIT_SNAP[Tick_init_post]: roleFlag=0 sessionPtr=0x0CFCCF30 initFlag=0 initByte=0x00 renderCtx=0x725C6BC8 renderCtxBase=0x00000000 initOnceGuard=0x00000101 timerPtr=0x725C6AD0 globalStatePtr=0x119E0048
[efz_netplay_mod][pid=9100] INIT_SNAP[Tick_init_post]: roleFlag[1]=0xA0610 val=1821111164
[efz_netplay_mod][pid=9100] INIT_SNAP[Tick_init_post]: session vtable=0x6C8B0400 initComplete=0 activePlayer=0 queuePlayer=1 inputDelay=0
[efz_netplay_mod][pid=9100] INIT_SNAP[Tick_init_post]: session currentFrame=0 gameModeSnap=0 matchId=0 sentinel=2147482647 helperHandle=0x00000000
[efz_netplay_mod][pid=9100] INIT_SNAP[Tick_init_post]: session histPrimary=0x00000000 histSecondary=0x00000000 histPrimaryVec=0x0CFCD244 histSecondaryVec=0x0CFCD250
[efz_netplay_mod][pid=9100] INIT_SNAP[Tick_init_post]: session +4=148519736 +8=0 +12=0 +16=1348757832 +36=480
[efz_netplay_mod][pid=9100] INIT_SNAP[Tick_init_post]: g_localRoleFlag=0 g_localInitApplied=1 g_dllExitPatchesSaved=0 g_tournamentPatchesSaved=0 g_renderContextSaved=1 g_savedRenderCtx=0x725C6BC8 g_frameHookInstalled=1 initCount=0
[efz_netplay_mod][pid=9100] Takeover: local init(mode=0 magic=102) result=1699600 [deferred] oldSession=0x00AE68F8 newSession=0x0CFCCF30
[efz_netplay_mod][pid=9100] Takeover: InvokeStartInitPlayer calling sub_10072880 session=0x0CFCCF30 fn=0x6C893220 initComplete=0
[efz_netplay_mod][pid=9100] Takeover: InvokeStartInitPlayer completed session=0x0CFCCF30 initComplete=1 activePlayer=0
[efz_netplay_mod][pid=9100] Takeover: netplay role = Host (P1, activePlayer=0)
[efz_netplay_mod][pid=9100] INIT_SNAP[Tick_startInitPlayer_post]: roleFlag=0 sessionPtr=0x0CFCCF30 initFlag=0 initByte=0x00 renderCtx=0x725C6BC8 renderCtxBase=0x00000000 initOnceGuard=0x00000101 timerPtr=0x725C6AD0 globalStatePtr=0x119E0048
[efz_netplay_mod][pid=9100] INIT_SNAP[Tick_startInitPlayer_post]: roleFlag[1]=0xA0610 val=1821111164
[efz_netplay_mod][pid=9100] INIT_SNAP[Tick_startInitPlayer_post]: session vtable=0x6C8B0400 initComplete=1 activePlayer=0 queuePlayer=1 inputDelay=0
[efz_netplay_mod][pid=9100] INIT_SNAP[Tick_startInitPlayer_post]: session currentFrame=0 gameModeSnap=0 matchId=0 sentinel=2147482647 helperHandle=0x0000140C
[efz_netplay_mod][pid=9100] INIT_SNAP[Tick_startInitPlayer_post]: session histPrimary=0x0CFCD244 histSecondary=0x0CFCD250 histPrimaryVec=0x0CFCD244 histSecondaryVec=0x0CFCD250
[efz_netplay_mod][pid=9100] INIT_SNAP[Tick_startInitPlayer_post]: session +4=0 +8=0 +12=0 +16=0 +36=480
[efz_netplay_mod][pid=9100] INIT_SNAP[Tick_startInitPlayer_post]: g_localRoleFlag=0 g_localInitApplied=1 g_dllExitPatchesSaved=0 g_tournamentPatchesSaved=0 g_renderContextSaved=1 g_savedRenderCtx=0x725C6BC8 g_frameHookInstalled=1 initCount=0
[efz_netplay_mod][pid=9100] Takeover: InvokeStartInitPlayer result=1 [deferred]
[efz_netplay_mod][pid=9100] Takeover: init snapshot step SaveAndApplyDllExitProcessPatches for mode=0 (to be reversed by RestoreDllExitProcessPatches on exit)
[efz_netplay_mod][pid=9100] SaveAndApplyDllExitProcessPatches: site 0 RVA 0x79BFD: patched 0x74 -> 0xEB
[efz_netplay_mod][pid=9100] SaveAndApplyDllExitProcessPatches: site 1 RVA 0x72CAF: patched 0x74 -> 0xEB
[efz_netplay_mod][pid=9100] SaveAndApplyDllExitProcessPatches: near-Jcc 0 RVA 0x72B25: patched 0F 85 -> 6xNOP
[efz_netplay_mod][pid=9100] SaveAndApplyDllExitProcessPatches: near-Jcc 1 RVA 0x72B2E: patched 0F 85 -> 6xNOP
[efz_netplay_mod][pid=9100] SaveAndApplyDllExitProcessPatches: near-Jcc 2 RVA 0x72EAB: patched 0F 84 -> 6xNOP
[efz_netplay_mod][pid=9100] SaveAndApplyDllExitProcessPatches: near-Jcc 3 RVA 0x72EBE: patched 0F 84 -> 6xNOP
[efz_netplay_mod][pid=9100] SaveAndApplyDllExitProcessPatches: near-Jcc 4 RVA 0x74CA1: patched 0F 84 -> 6xNOP
[efz_netplay_mod][pid=9100] SaveAndApplyDllExitProcessPatches: near-Jcc 5 RVA 0x74CB4: patched 0F 84 -> 6xNOP
[efz_netplay_mod][pid=9100] SaveAndApplyDllExitProcessPatches: near-Jcc 6 RVA 0x74CC1: patched 0F 84 -> 6xNOP
[efz_netplay_mod][pid=9100] SaveAndApplyDllExitProcessPatches: applied 2/2 single-byte + 7/7 near-Jcc patches
[efz_netplay_mod][pid=9100] SaveAndApplyDllExitProcessPatches: all patches verified OK
[efz_netplay_mod][pid=9100] Takeover: init snapshot complete for mode=0
[efz_netplay_mod][pid=9100] Takeover: post-init session binding mode=0 source=strict session=0x0CFCCF30 pidField=34988 expectedPid=34988 handle=0x0000140C handlePid=34988 handleExit=259 patched(pid=0 handle=0)
[efz_netplay_mod][pid=9100] INIT_SNAP[Tick_initSequence_complete]: roleFlag=0 sessionPtr=0x0CFCCF30 initFlag=0 initByte=0x00 renderCtx=0x725C6BC8 renderCtxBase=0x00000000 initOnceGuard=0x00000101 timerPtr=0x725C6AD0 globalStatePtr=0x119E0048
[efz_netplay_mod][pid=9100] INIT_SNAP[Tick_initSequence_complete]: roleFlag[1]=0xA0610 val=1821111164
[efz_netplay_mod][pid=9100] INIT_SNAP[Tick_initSequence_complete]: session vtable=0x6C8B0400 initComplete=1 activePlayer=0 queuePlayer=1 inputDelay=0
[efz_netplay_mod][pid=9100] INIT_SNAP[Tick_initSequence_complete]: session currentFrame=0 gameModeSnap=0 matchId=0 sentinel=2147482647 helperHandle=0x0000140C
[efz_netplay_mod][pid=9100] INIT_SNAP[Tick_initSequence_complete]: session histPrimary=0x0CFCD244 histSecondary=0x0CFCD250 histPrimaryVec=0x0CFCD244 histSecondaryVec=0x0CFCD250
[efz_netplay_mod][pid=9100] INIT_SNAP[Tick_initSequence_complete]: session +4=0 +8=0 +12=0 +16=0 +36=480
[efz_netplay_mod][pid=9100] INIT_SNAP[Tick_initSequence_complete]: g_localRoleFlag=0 g_localInitApplied=1 g_dllExitPatchesSaved=1 g_tournamentPatchesSaved=0 g_renderContextSaved=1 g_savedRenderCtx=0x725C6BC8 g_frameHookInstalled=1 initCount=0
[efz_netplay_mod][pid=9100] DIAG[Tick_init_handshake_post]: dllExitPatchesSaved=1 tournamentPatchesSaved=0 renderContextSaved=1 savedRenderCtx=0x725C6BC8
[efz_netplay_mod][pid=9100] DIAG[Tick_init_handshake_post]: dllBase=0x6C820000 roleFlag=0 sessionPtr=0x0CFCCF30 renderCtx=0x725C6BC8 globalState=0x119E0048
[efz_netplay_mod][pid=9100] DIAG[Tick_init_handshake_post]: session vtable=0x6C8B0400 initComplete=1 activePlayer=0
[efz_netplay_mod][pid=9100] DIAG[Tick_init_handshake_post]: exitPatch[0] RVA=0x79BFD byte=0xEB expected=0x74
[efz_netplay_mod][pid=9100] DIAG[Tick_init_handshake_post]: exitPatch[1] RVA=0x72CAF byte=0xEB expected=0x74
[efz_netplay_mod][pid=9100] DIAG[Tick_init_handshake_post]: nearJccPatch[0] RVA=0x72B25 bytes=90 90
[efz_netplay_mod][pid=9100] DIAG[Tick_init_handshake_post]: nearJccPatch[1] RVA=0x72B2E bytes=90 90
[efz_netplay_mod][pid=9100] DIAG[Tick_init_handshake_post]: nearJccPatch[2] RVA=0x72EAB bytes=90 90
[efz_netplay_mod][pid=9100] DIAG[Tick_init_handshake_post]: nearJccPatch[3] RVA=0x72EBE bytes=90 90
[efz_netplay_mod][pid=9100] DIAG[Tick_init_handshake_post]: nearJccPatch[4] RVA=0x74CA1 bytes=90 90
[efz_netplay_mod][pid=9100] DIAG[Tick_init_handshake_post]: nearJccPatch[5] RVA=0x74CB4 bytes=90 90
[efz_netplay_mod][pid=9100] DIAG[Tick_init_handshake_post]: nearJccPatch[6] RVA=0x74CC1 bytes=90 90
[efz_netplay_mod][pid=9100] DIAG[Tick_init_handshake_post]: localRoleFlag=0 localInitApplied=1 exitIntercepted=0 exitMode=-1 frameHookInstalled=1 frameRecoveryPending=0 forceLocalPlayInitCount=0
[efz_netplay_mod][pid=9100] DIAG[Tick_init_handshake_post]: revivalProcess=0x00000EC0 revivalPid=34988 lastValidatedSession=0x0CFCCF30 lastSessionPtrOffset=0xA02EC
[efz_netplay_mod][pid=9100] Takeover: runtime-ready probe ready=1 source=post_delay_binding localInit=1 prompt=1 input=1 session=1 bind(pid=1 handle=1) syncReady=0 role=0
[efz_netplay_mod][pid=9100] Takeover: phase Connecting -> DelaySetup reason=''
[efz_netplay_mod][pid=9100] Takeover: promoted to delay setup prompt=1/1 ping=0 delay=0
[efz_netplay_mod][pid=9100] Takeover: phase DelaySetup -> Connected reason=''
[efz_netplay_mod][pid=9100] Takeover: promoted to connected after runtime ready source=post_delay_binding sync=0/0/0 ping=0 delay=0
[efz_netplay_mod][pid=9100] StateExport: network ping=-1->0 delay=-1->0 seq=2741
[efz_netplay_mod][pid=9100] DelayOverlay: connected pre-handoff delay started frames=18 sync(mode=0 flag1084=0 session=0)
[efz_netplay_mod][pid=9100] StateExport: nicknames local='Aquatic'->'Aquatic' p1=''->'Aquatic' p2=''->'Aquatic_mod' seq=2742
[efz_netplay_mod][pid=9100] StateExport: network ping=0->59 delay=0->0 seq=2743
[efz_netplay_mod][pid=9100] StateExport: network ping=59->1 delay=0->0 seq=2753
[efz_netplay_mod][pid=9100] LobbySession::DoPollStatus: response='{"alias":"EFZ","challenges":[],"id":8380,"idle":[],"msg":"OK","playing":[["Aquatic_mod","Aquatic",1,2,"91.214.211.2:10800"]],"status":"OK"}
'
[efz_netplay_mod][pid=9100] StateExport: network ping=1->0 delay=0->0 seq=2881
[efz_netplay_mod][pid=9100] StateExport: network ping=0->1 delay=0->0 seq=2894
[efz_netplay_mod][pid=9100] StateExport: network ping=1->0 delay=0->0 seq=2906
[efz_netplay_mod][pid=9100] LobbySession::DoPollStatus: response='{"alias":"EFZ","challenges":[],"id":8380,"idle":[],"msg":"OK","playing":[["Aquatic_mod","Aquatic",1,2,"91.214.211.2:10800"]],"status":"OK"}
'
[efz_netplay_mod][pid=9100] StateExport: network ping=0->1 delay=0->0 seq=2919
[efz_netplay_mod][pid=9100] StateExport: network ping=1->0 delay=0->0 seq=2945
[efz_netplay_mod][pid=9100] StateExport: network ping=0->1 delay=0->0 seq=2957
[efz_netplay_mod][pid=9100] StateExport: network ping=1->0 delay=0->0 seq=2983
[efz_netplay_mod][pid=9100] StateExport: network ping=0->1 delay=0->0 seq=2996
[efz_netplay_mod][pid=9100] StateExport: heartbeat seq=3000 activity=1 menu=1 screen=0 mode=1 phase=3 role=1 side=0 p1Wins=0 p2Wins=0 ping=1 delay=0 local='Aquatic' p1='Aquatic' p2='Aquatic_mod' revival='1.02h' caps=0xBD sessionId=1 setId=0 endReason=0
[efz_netplay_mod][pid=9100] TICK_HOOK: heartbeat frameTick=1200 session=0x0CFCCF30 exeECX=0x11DD6888 match=0
[efz_netplay_mod][pid=9100] LobbySession::DoPollStatus: response='{"alias":"EFZ","challenges":[],"id":8380,"idle":[],"msg":"OK","playing":[["Aquatic_mod","Aquatic",1,2,"91.214.211.2:10800"]],"status":"OK"}
'
[efz_netplay_mod][pid=9100] StateExport: network ping=1->0 delay=0->0 seq=3021
[efz_netplay_mod][pid=9100] StateExport: network ping=0->1 delay=0->0 seq=3034
[efz_netplay_mod][pid=9100] StateExport: network ping=1->0 delay=0->0 seq=3060
[efz_netplay_mod][pid=9100] StateExport: network ping=0->2 delay=0->0 seq=3098
[efz_netplay_mod][pid=9100] StateExport: network ping=2->1 delay=0->0 seq=3111
[efz_netplay_mod][pid=9100] LobbySession::DoPollStatus: response='{"alias":"EFZ","challenges":[],"id":8380,"idle":[],"msg":"OK","playing":[["Aquatic_mod","Aquatic",1,2,"91.214.211.2:10800"]],"status":"OK"}
'
[efz_netplay_mod][pid=9100] StateExport: network ping=1->0 delay=0->0 seq=3149
[efz_netplay_mod][pid=9100] StateExport: network ping=0->1 delay=0->0 seq=3162
[efz_netplay_mod][pid=9100] LobbySession::DoPollStatus: response='{"alias":"EFZ","challenges":[],"id":8380,"idle":[],"msg":"OK","playing":[["Aquatic_mod","Aquatic",1,2,"91.214.211.2:10800"]],"status":"OK"}
'
[efz_netplay_mod][pid=9100] StateExport: network ping=1->2 delay=0->0 seq=3239
[efz_netplay_mod][pid=9100] StateExport: network ping=2->1 delay=0->0 seq=3251
[efz_netplay_mod][pid=9100] StateExport: network ping=1->0 delay=0->0 seq=3328
[efz_netplay_mod][pid=9100] LobbySession::DoPollStatus: response='{"alias":"EFZ","challenges":[],"id":8380,"idle":[],"msg":"OK","playing":[["Aquatic_mod","Aquatic",1,2,"91.214.211.2:10800"]],"status":"OK"}
'
[efz_netplay_mod][pid=9100] StateExport: network ping=0->1 delay=0->0 seq=3354
[efz_netplay_mod][pid=9100] StateExport: network ping=1->0 delay=0->0 seq=3379
[efz_netplay_mod][pid=9100] StateExport: network ping=0->1 delay=0->0 seq=3405
[efz_netplay_mod][pid=9100] LobbySession::DoPollStatus: response='{"alias":"EFZ","challenges":[],"id":8380,"idle":[],"msg":"OK","playing":[["Aquatic_mod","Aquatic",1,2,"91.214.211.2:10800"]],"status":"OK"}
'
[efz_netplay_mod][pid=9100] StateExport: network ping=1->0 delay=0->0 seq=3469
[efz_netplay_mod][pid=9100] LobbySession::DoPollStatus: response='{"alias":"EFZ","challenges":[],"id":8380,"idle":[],"msg":"OK","playing":[["Aquatic_mod","Aquatic",1,2,"91.214.211.2:10800"]],"status":"OK"}
'
[efz_netplay_mod][pid=9100] StateExport: network ping=0->1 delay=0->0 seq=3571
[efz_netplay_mod][pid=9100] NetplayFrame: updates=1123 menu=Lobby selection=0 row=6(ROW_RESERVED6) inactivity=1100 slide=0 nativeSlideRaw=0 nativeSlideScaled=0
[efz_netplay_mod][pid=9100] NetplayInput: P1(h=0 v=1 c=0 b=0) P2(h=0 v=0 c=0 b=0)
[efz_netplay_mod][pid=9100] NetplayInput: P1(h=0 v=0 c=0 b=0) P2(h=0 v=0 c=0 b=0)
[efz_netplay_mod][pid=9100] StateExport: heartbeat seq=3600 activity=1 menu=1 screen=0 mode=1 phase=3 role=1 side=0 p1Wins=0 p2Wins=0 ping=1 delay=0 local='Aquatic' p1='Aquatic' p2='Aquatic_mod' revival='1.02h' caps=0xBD sessionId=1 setId=0 endReason=0
[efz_netplay_mod][pid=9100] NetplayInput: P1(h=0 v=1 c=0 b=0) P2(h=0 v=0 c=0 b=0)
[efz_netplay_mod][pid=9100] NetplayInput: P1(h=0 v=0 c=0 b=0) P2(h=0 v=0 c=0 b=0)
[efz_netplay_mod][pid=9100] NetplayInput: P1(h=0 v=0 c=1 b=0) P2(h=0 v=0 c=0 b=0)
[efz_netplay_mod][pid=9100] NetplayInput: P1(h=0 v=0 c=0 b=0) P2(h=0 v=0 c=0 b=0)
[efz_netplay_mod][pid=9100] DelayOverlay: runtime sync ready after delay selection phase=Connected sync(mode=0 flag1084=0 session=0)
[efz_netplay_mod][pid=9100] Takeover: host revival base=0x6C820000
[efz_netplay_mod][pid=9100] Takeover: PrepareVsHumanHandoff roleSet=1 syncReady=0 mode=0 flag1084=0 sessionByte=0 flags=0/2 roleFlag=0
[efz_netplay_mod][pid=9100] SessionBridge: PrepareVsHumanHandoff result=1 sync(mode=0 flag1084=0 session=0 flags=0/2)
[efz_netplay_mod][pid=9100] HandoffConnectedSessionToVsHumanState: begin prepared=1 sync(mode=0 flag1084=0 session=0 flags=0/2 role=0) screen=0 peerAlive=1 PRE_charselect(obj=0x11DD6CE0 init=1 exit=0 mode=0/2)
[efz_netplay_mod][pid=9100] RunTransitionFadeOut: begin palette=299722934 baseVolume=0 volumeAdjustment=0
[efz_netplay_mod][pid=9100] RunTransitionFadeOut: complete result=1
[efz_netplay_mod][pid=9100] PrepareVsHumanGameState: charselect full reset grid p1(0,0) p2(2,0) color=0/0 (obj=0x11DD6CE0)
[efz_netplay_mod][pid=9100] PrepareVsHumanGameState: mode=4 secondaryMode=4 replaySession=0 rounds=2 cpuFlags=0/0 wins=0/0 match=0 continue=0 stage=0
[efz_netplay_mod][pid=9100] StopCurrentBgm: reason=handoff_connected_session gameSystem=0x119E0048 result=1
[efz_netplay_mod][pid=9100] RemoveNetplayWindowHook: restored
[efz_netplay_mod][pid=9100] StateExport: STALL detected — 328 ms since last update (seq=3607 phase=3)
[efz_netplay_mod][pid=9100] StateExport: flow menu=1->0 charsel=0->0 match=0->0 screen=0 mode=1 phase=3 role=1 p1Wins=0 p2Wins=0
[efz_netplay_mod][pid=9100] StateExport: activity 1->0 screen=0 mode=1 phase=3 role=1 side=0 p1='Aquatic' p2='Aquatic_mod' caps=0x2D sessionId=1 setId=0 seq=3608
[efz_netplay_mod][pid=9100] HandoffConnectedSessionToVsHumanState: queued global transition nextState=1 returnToNetplay=1 POST_charselect(init=1 exit=0 mode=4/4)
[efz_netplay_mod][pid=9100] NetplayTransition: returning global state=1 from netplay menu
[efz_netplay_mod][pid=9100] StateExport: charsel p1CharId=255->6 locked=0->0 p2CharId=255->4 locked=0->0 cursor=6 seq=3609
[efz_netplay_mod][pid=9100] StateExport: flow menu=0->0 charsel=0->1 match=0->0 screen=1 mode=1 phase=3 role=1 p1Wins=0 p2Wins=0
[efz_netplay_mod][pid=9100] StateExport: activity 0->4 screen=1 mode=1 phase=3 role=1 side=0 p1='Aquatic' p2='Aquatic_mod' caps=0x1ED sessionId=1 setId=0 seq=3609
[efz_netplay_mod][pid=9100] StateExport:   charsel p1CharId=6 p2CharId=4 p1Locked=0 p2Locked=0 cursorChar=6
[efz_netplay_mod][pid=9100] SCREEN_MONITOR: index 0 -> 1 tick=1776 mode=4/4 screenObj=0x11DD6CE0 charselect(init=1 exit=0 obj=0x11DD6CE0)
[efz_netplay_mod][pid=9100] StateExport: STALL detected — 359 ms since last update (seq=3609 phase=3)
[efz_netplay_mod][pid=9100] StateExport: network ping=1->1 delay=0->1 seq=3610
[efz_netplay_mod][pid=9100] StateExport: network ping=1->0 delay=1->1 seq=3611
[efz_netplay_mod][pid=9100] LobbySession::DoPollStatus: response='{"alias":"EFZ","challenges":[],"id":8380,"idle":[],"msg":"OK","playing":[["Aquatic_mod","Aquatic",1,2,"91.214.211.2:10800"]],"status":"OK"}
'
[efz_netplay_mod][pid=9100] TICK_HOOK: heartbeat frameTick=1800 session=0x0CFCCF30 exeECX=0x11DD6CE0 match=0
[efz_netplay_mod][pid=9100] StateExport: network ping=0->1 delay=1->1 seq=3635
[efz_netplay_mod][pid=9100] StateExport: network ping=1->0 delay=1->1 seq=3686
[efz_netplay_mod][pid=9100] StateExport: network ping=0->1 delay=1->1 seq=3699
[efz_netplay_mod][pid=9100] StateExport: network ping=1->0 delay=1->1 seq=3712
[efz_netplay_mod][pid=9100] LobbySession::DoPollStatus: response='{"alias":"EFZ","challenges":[],"id":8380,"idle":[],"msg":"OK","playing":[["Aquatic_mod","Aquatic",1,2,"91.214.211.2:10800"]],"status":"OK"}
'
[efz_netplay_mod][pid=9100] StateExport: network ping=0->1 delay=1->1 seq=3725
[efz_netplay_mod][pid=9100] StateExport: network ping=1->0 delay=1->1 seq=3763
[efz_netplay_mod][pid=9100] StateExport: network ping=0->1 delay=1->1 seq=3776
[efz_netplay_mod][pid=9100] StateExport: network ping=1->0 delay=1->1 seq=3801
[efz_netplay_mod][pid=9100] LobbySession::DoPollStatus: response='{"alias":"EFZ","challenges":[],"id":8380,"idle":[],"msg":"OK","playing":[["Aquatic_mod","Aquatic",1,2,"91.214.211.2:10800"]],"status":"OK"}
'
[efz_netplay_mod][pid=9100] StateExport: network ping=0->1 delay=1->1 seq=3853
[efz_netplay_mod][pid=9100] StateExport: network ping=1->0 delay=1->1 seq=3865
[efz_netplay_mod][pid=9100] StateExport: network ping=0->1 delay=1->1 seq=3891
[efz_netplay_mod][pid=9100] StateExport: network ping=1->0 delay=1->1 seq=3916
[efz_netplay_mod][pid=9100] StateExport: network ping=0->1 delay=1->1 seq=3929
[efz_netplay_mod][pid=9100] LobbySession::DoPollStatus: response='{"alias":"EFZ","challenges":[],"id":8380,"idle":[],"msg":"OK","playing":[["Aquatic_mod","Aquatic",1,2,"91.214.211.2:10800"]],"status":"OK"}
'
[efz_netplay_mod][pid=9100] StateExport: network ping=1->0 delay=1->1 seq=3955
[efz_netplay_mod][pid=9100] StateExport: network ping=0->1 delay=1->1 seq=3967
[efz_netplay_mod][pid=9100] StateExport: network ping=1->0 delay=1->1 seq=3980
[efz_netplay_mod][pid=9100] StateExport: network ping=0->1 delay=1->1 seq=4019
[efz_netplay_mod][pid=9100] StateExport: network ping=1->0 delay=1->1 seq=4031
[efz_netplay_mod][pid=9100] LobbySession::DoPollStatus: response='{"alias":"EFZ","challenges":[],"id":8380,"idle":[],"msg":"OK","playing":[["Aquatic_mod","Aquatic",1,2,"91.214.211.2:10800"]],"status":"OK"}
'
[efz_netplay_mod][pid=9100] StateExport: charsel p1CharId=6->16 locked=0->0 p2CharId=4->4 locked=0->0 cursor=16 seq=4052
[efz_netplay_mod][pid=9100] StateExport: network ping=0->1 delay=1->1 seq=4108
[efz_netplay_mod][pid=9100] StateExport: network ping=1->0 delay=1->1 seq=4121
[efz_netplay_mod][pid=9100] StateExport: network ping=0->1 delay=1->1 seq=4134
[efz_netplay_mod][pid=9100] LobbySession::DoPollStatus: response='{"alias":"EFZ","challenges":[],"id":8380,"idle":[],"msg":"OK","playing":[["Aquatic_mod","Aquatic",1,2,"91.214.211.2:10800"]],"status":"OK"}
'
[efz_netplay_mod][pid=9100] StateExport: network ping=1->0 delay=1->1 seq=4172
[efz_netplay_mod][pid=9100] StateExport: heartbeat seq=4200 activity=4 menu=0 screen=1 mode=1 phase=3 role=1 side=0 p1Wins=0 p2Wins=0 ping=0 delay=1 local='Aquatic' p1='Aquatic' p2='Aquatic_mod' revival='1.02h' caps=0x1ED sessionId=1 setId=0 endReason=0
[efz_netplay_mod][pid=9100] StateExport: network ping=0->1 delay=1->1 seq=4210
[efz_netplay_mod][pid=9100] TICK_HOOK: heartbeat frameTick=2400 session=0x0CFCCF30 exeECX=0x11DD6CE0 match=0
[efz_netplay_mod][pid=9100] LobbySession::DoPollStatus: response='{"alias":"EFZ","challenges":[],"id":8380,"idle":[],"msg":"OK","playing":[["Aquatic_mod","Aquatic",1,2,"91.214.211.2:10800"]],"status":"OK"}
'
[efz_netplay_mod][pid=9100] StateExport: network ping=1->0 delay=1->1 seq=4261
[efz_netplay_mod][pid=9100] StateExport: network ping=0->1 delay=1->1 seq=4274
[efz_netplay_mod][pid=9100] StateExport: network ping=1->0 delay=1->1 seq=4287
[efz_netplay_mod][pid=9100] StateExport: network ping=0->1 delay=1->1 seq=4312
[efz_netplay_mod][pid=9100] StateExport: network ping=1->0 delay=1->1 seq=4325
[efz_netplay_mod][pid=9100] LobbySession::DoPollStatus: response='{"alias":"EFZ","challenges":[],"id":8380,"idle":[],"msg":"OK","playing":[["Aquatic_mod","Aquatic",1,2,"91.214.211.2:10800"]],"status":"OK"}
'
[efz_netplay_mod][pid=9100] StateExport: STALL detected — 344 ms since last update (seq=4345 phase=3)
[efz_netplay_mod][pid=9100] StateExport: activity 4->5 screen=2 mode=1 phase=3 role=1 side=0 p1='Aquatic' p2='Aquatic_mod' caps=0x1EF sessionId=1 setId=0 seq=4346
[efz_netplay_mod][pid=9100] StateExport:   charsel p1CharId=16 p2CharId=4 p1Locked=0 p2Locked=0 cursorChar=16
[efz_netplay_mod][pid=9100] SCREEN_MONITOR: index 1 -> 2 tick=2513 mode=4/4 screenObj=0x11DD7248 charselect(init=2 exit=0 obj=0x11DD6CE0)
[efz_netplay_mod][pid=9100] StateExport: STALL detected — 922 ms since last update (seq=4346 phase=3)
[efz_netplay_mod][pid=9100] StateExport: network ping=0->1 delay=1->1 seq=4347
[efz_netplay_mod][pid=9100] StateExport: charsel p1CharId=16->255 locked=0->0 p2CharId=4->255 locked=0->0 cursor=255 seq=4347
[efz_netplay_mod][pid=9100] StateExport: flow menu=0->0 charsel=1->0 match=0->1 screen=3 mode=1 phase=3 role=1 p1Wins=0 p2Wins=0
[efz_netplay_mod][pid=9100] StateExport: activity 5->6 screen=3 mode=1 phase=3 role=1 side=0 p1='Aquatic' p2='Aquatic_mod' caps=0x2EF sessionId=1 setId=0 seq=4347
[efz_netplay_mod][pid=9100] StateExport:   match round=1 isRoundActive=1 p1Wins=0 p2Wins=0
[efz_netplay_mod][pid=9100] SCREEN_MONITOR: index 2 -> 3 tick=2514 mode=5/1 screenObj=0x11DD7688 charselect(init=2 exit=0 obj=0x11DD6CE0)
[efz_netplay_mod][pid=9100] StateExport: STALL detected — 422 ms since last update (seq=4347 phase=3)
[efz_netplay_mod][pid=9100] StateExport: network ping=1->0 delay=1->0 seq=4348
[efz_netplay_mod][pid=9100] StateExport: network ping=0->1 delay=0->0 seq=4349
[efz_netplay_mod][pid=9100] LobbySession::DoPollStatus: response='{"alias":"EFZ","challenges":[],"id":8380,"idle":[],"msg":"OK","playing":[["Aquatic_mod","Aquatic",1,2,"91.214.211.2:10800"]],"status":"OK"}
'
[efz_netplay_mod][pid=9100] StateExport: network ping=1->0 delay=0->0 seq=4376
[efz_netplay_mod][pid=9100] StateExport: network ping=0->1 delay=0->0 seq=4388
[efz_netplay_mod][pid=9100] StateExport: network ping=1->0 delay=0->0 seq=4401
[efz_netplay_mod][pid=9100] StateExport: network ping=0->1 delay=0->0 seq=4439
[efz_netplay_mod][pid=9100] StateExport: network ping=1->0 delay=0->0 seq=4452
[efz_netplay_mod][pid=9100] LobbySession::DoPollStatus: response='{"alias":"EFZ","challenges":[],"id":8380,"idle":[],"msg":"OK","playing":[["Aquatic_mod","Aquatic",1,2,"91.214.211.2:10800"]],"status":"OK"}
'
[efz_netplay_mod][pid=9100] StateExport: network ping=0->1 delay=0->0 seq=4491
[efz_netplay_mod][pid=9100] StateExport: network ping=1->0 delay=0->0 seq=4503
[efz_netplay_mod][pid=9100] StateExport: network ping=0->1 delay=0->0 seq=4542
[efz_netplay_mod][pid=9100] StateExport: network ping=1->0 delay=0->0 seq=4554
[efz_netplay_mod][pid=9100] LobbySession::DoPollStatus: response='{"alias":"EFZ","challenges":[],"id":8380,"idle":[],"msg":"OK","playing":[["Aquatic_mod","Aquatic",1,2,"91.214.211.2:10800"]],"status":"OK"}
'
[efz_netplay_mod][pid=9100] StateExport: network ping=0->1 delay=0->0 seq=4593
[efz_netplay_mod][pid=9100] StateExport: network ping=1->0 delay=0->0 seq=4618
[efz_netplay_mod][pid=9100] StateExport: network ping=0->1 delay=0->0 seq=4644
[efz_netplay_mod][pid=9100] StateExport: network ping=1->0 delay=0->0 seq=4657
[efz_netplay_mod][pid=9100] LobbySession::DoPollStatus: response='{"alias":"EFZ","challenges":[],"id":8380,"idle":[],"msg":"OK","playing":[["Aquatic_mod","Aquatic",1,2,"91.214.211.2:10800"]],"status":"OK"}
'
[efz_netplay_mod][pid=9100] StateExport: network ping=0->1 delay=0->0 seq=4669
[efz_netplay_mod][pid=9100] StateExport: network ping=1->0 delay=0->0 seq=4682
[efz_netplay_mod][pid=9100] StateExport: network ping=0->1 delay=0->0 seq=4746
[efz_netplay_mod][pid=9100] LobbySession::DoPollStatus: response='{"alias":"EFZ","challenges":[],"id":8380,"idle":[],"msg":"OK","playing":[["Aquatic_mod","Aquatic",1,2,"91.214.211.2:10800"]],"status":"OK"}
'
[efz_netplay_mod][pid=9100] StateExport: network ping=1->0 delay=0->0 seq=4772
[efz_netplay_mod][pid=9100] StateExport: heartbeat seq=4800 activity=6 menu=0 screen=3 mode=1 phase=3 role=1 side=0 p1Wins=0 p2Wins=0 ping=0 delay=0 local='Aquatic' p1='Aquatic' p2='Aquatic_mod' revival='1.02h' caps=0x2EF sessionId=1 setId=0 endReason=0
[efz_netplay_mod][pid=9100] StateExport: network ping=0->1 delay=0->0 seq=4823
[efz_netplay_mod][pid=9100] TICK_HOOK: heartbeat frameTick=3000 session=0x0CFCCF30 exeECX=0x11DD7688 match=0
[efz_netplay_mod][pid=9100] StateExport: network ping=1->0 delay=0->0 seq=4861
[efz_netplay_mod][pid=9100] LobbySession::DoPollStatus: response='{"alias":"EFZ","challenges":[],"id":8380,"idle":[],"msg":"OK","playing":[["Aquatic_mod","Aquatic",1,2,"91.214.211.2:10800"]],"status":"OK"}
'
[efz_netplay_mod][pid=9100] StateExport: network ping=0->1 delay=0->0 seq=4887
[efz_netplay_mod][pid=9100] StateExport: network ping=1->0 delay=0->0 seq=4938
[efz_netplay_mod][pid=9100] LobbySession::DoPollStatus: response='{"alias":"EFZ","challenges":[],"id":8380,"idle":[],"msg":"OK","playing":[["Aquatic_mod","Aquatic",1,2,"91.214.211.2:10800"]],"status":"OK"}
'
[efz_netplay_mod][pid=9100] StateExport: network ping=0->1 delay=0->0 seq=4989
[efz_netplay_mod][pid=9100] StateExport: network ping=1->0 delay=0->0 seq=5026
[efz_netplay_mod][pid=9100] StateExport: network ping=0->1 delay=0->0 seq=5052
[efz_netplay_mod][pid=9100] StateExport: network ping=1->0 delay=0->0 seq=5065
[efz_netplay_mod][pid=9100] StateExport: network ping=0->1 delay=0->0 seq=5077
[efz_netplay_mod][pid=9100] StateExport: network ping=1->0 delay=0->0 seq=5090
[efz_netplay_mod][pid=9100] LobbySession::DoPollStatus: response='{"alias":"EFZ","challenges":[],"id":8380,"idle":[],"msg":"OK","playing":[["Aquatic_mod","Aquatic",1,2,"91.214.211.2:10800"]],"status":"OK"}
'
[efz_netplay_mod][pid=9100] StateExport: network ping=0->1 delay=0->0 seq=5141
[efz_netplay_mod][pid=9100] StateExport: network ping=1->0 delay=0->0 seq=5154
[efz_netplay_mod][pid=9100] StateExport: network ping=0->1 delay=0->0 seq=5180
[efz_netplay_mod][pid=9100] StateExport: network ping=1->0 delay=0->0 seq=5192
[efz_netplay_mod][pid=9100] StateExport: network ping=0->1 delay=0->0 seq=5205
[efz_netplay_mod][pid=9100] LobbySession::DoPollStatus: response='{"alias":"EFZ","challenges":[],"id":8380,"idle":[],"msg":"OK","playing":[["Aquatic_mod","Aquatic",1,2,"91.214.211.2:10800"]],"status":"OK"}
'
[efz_netplay_mod][pid=9100] StateExport: network ping=1->0 delay=0->0 seq=5231
[efz_netplay_mod][pid=9100] StateExport: network ping=0->1 delay=0->0 seq=5244
[efz_netplay_mod][pid=9100] StateExport: network ping=1->0 delay=0->0 seq=5256
[efz_netplay_mod][pid=9100] StateExport: network ping=0->1 delay=0->0 seq=5333
[efz_netplay_mod][pid=9100] LobbySession::DoPollStatus: response='{"alias":"EFZ","challenges":[],"id":8380,"idle":[],"msg":"OK","playing":[["Aquatic_mod","Aquatic",1,2,"91.214.211.2:10800"]],"status":"OK"}
'
[efz_netplay_mod][pid=9100] StateExport: network ping=1->0 delay=0->0 seq=5346
[efz_netplay_mod][pid=9100] StateExport: network ping=0->6 delay=0->0 seq=5359
[efz_netplay_mod][pid=9100] StateExport: network ping=6->1 delay=0->0 seq=5371
[efz_netplay_mod][pid=9100] StateExport: network ping=1->3 delay=0->0 seq=5384
[efz_netplay_mod][pid=9100] StateExport: network ping=3->1 delay=0->0 seq=5397
[efz_netplay_mod][pid=9100] StateExport: heartbeat seq=5400 activity=6 menu=0 screen=3 mode=1 phase=3 role=1 side=0 p1Wins=0 p2Wins=0 ping=1 delay=0 local='Aquatic' p1='Aquatic' p2='Aquatic_mod' revival='1.02h' caps=0x2EF sessionId=1 setId=0 endReason=0
[efz_netplay_mod][pid=9100] StateExport: network ping=1->2 delay=0->0 seq=5410
[efz_netplay_mod][pid=9100] StateExport: network ping=2->0 delay=0->0 seq=5422
[efz_netplay_mod][pid=9100] TICK_HOOK: heartbeat frameTick=3600 session=0x0CFCCF30 exeECX=0x11DD7688 match=0
[efz_netplay_mod][pid=9100] StateExport: network ping=0->5 delay=0->0 seq=5436
[efz_netplay_mod][pid=9100] LobbySession::DoPollStatus: response='{"alias":"EFZ","challenges":[],"id":8380,"idle":[],"msg":"OK","playing":[["Aquatic_mod","Aquatic",1,2,"91.214.211.2:10800"]],"status":"OK"}
'
[efz_netplay_mod][pid=9100] StateExport: network ping=5->0 delay=0->0 seq=5448
[efz_netplay_mod][pid=9100] StateExport: network ping=0->3 delay=0->0 seq=5461
[efz_netplay_mod][pid=9100] StateExport: network ping=3->1 delay=0->0 seq=5474
[efz_netplay_mod][pid=9100] StateExport: network ping=1->0 delay=0->0 seq=5486
[efz_netplay_mod][pid=9100] StateExport: network ping=0->1 delay=0->0 seq=5512
[efz_netplay_mod][pid=9100] StateExport: network ping=1->0 delay=0->0 seq=5525
[efz_netplay_mod][pid=9100] StateExport: network ping=0->1 delay=0->0 seq=5538
[efz_netplay_mod][pid=9100] LobbySession::DoPollStatus: response='{"alias":"EFZ","challenges":[],"id":8380,"idle":[],"msg":"OK","playing":[["Aquatic_mod","Aquatic",1,2,"91.214.211.2:10800"]],"status":"OK"}
'
[efz_netplay_mod][pid=9100] StateExport: network ping=1->0 delay=0->0 seq=5563
[efz_netplay_mod][pid=9100] StateExport: network ping=0->1 delay=0->0 seq=5589
[efz_netplay_mod][pid=9100] StateExport: network ping=1->0 delay=0->0 seq=5601
[efz_netplay_mod][pid=9100] StateExport: network ping=0->1 delay=0->0 seq=5614
[efz_netplay_mod][pid=9100] StateExport: network ping=1->0 delay=0->0 seq=5627
[efz_netplay_mod][pid=9100] LobbySession::DoPollStatus: response='{"alias":"EFZ","challenges":[],"id":8380,"idle":[],"msg":"OK","playing":[["Aquatic_mod","Aquatic",1,2,"91.214.211.2:10800"]],"status":"OK"}
'
[efz_netplay_mod][pid=9100] StateExport: network ping=0->1 delay=0->0 seq=5678
[efz_netplay_mod][pid=9100] StateExport: network ping=1->0 delay=0->0 seq=5716
[efz_netplay_mod][pid=9100] StateExport: network ping=0->1 delay=0->0 seq=5742
[efz_netplay_mod][pid=9100] LobbySession::DoPollStatus: response='{"alias":"EFZ","challenges":[],"id":8380,"idle":[],"msg":"OK","playing":[["Aquatic_mod","Aquatic",1,2,"91.214.211.2:10800"]],"status":"OK"}
'
[efz_netplay_mod][pid=9100] StateExport: network ping=1->0 delay=0->0 seq=5767
[efz_netplay_mod][pid=9100] StateExport: network ping=0->1 delay=0->0 seq=5815
[efz_netplay_mod][pid=9100] StateExport: network ping=1->0 delay=0->0 seq=5835
[efz_netplay_mod][pid=9100] LobbySession::DoPollStatus: response='{"alias":"EFZ","challenges":[],"id":8380,"idle":[],"msg":"OK","playing":[["Aquatic_mod","Aquatic",1,2,"91.214.211.2:10800"]],"status":"OK"}
'
[efz_netplay_mod][pid=9100] StateExport: network ping=0->1 delay=0->0 seq=5912
[efz_netplay_mod][pid=9100] StateExport: network ping=1->0 delay=0->0 seq=5925
[efz_netplay_mod][pid=9100] LobbySession::DoPollStatus: response='{"alias":"EFZ","challenges":[],"id":8380,"idle":[],"msg":"OK","playing":[["Aquatic_mod","Aquatic",1,2,"91.214.211.2:10800"]],"status":"OK"}
'
[efz_netplay_mod][pid=9100] StateExport: heartbeat seq=6000 activity=6 menu=0 screen=3 mode=1 phase=3 role=1 side=0 p1Wins=0 p2Wins=0 ping=0 delay=0 local='Aquatic' p1='Aquatic' p2='Aquatic_mod' revival='1.02h' caps=0x2EF sessionId=1 setId=0 endReason=0
[efz_netplay_mod][pid=9100] TICK_HOOK: heartbeat frameTick=4200 session=0x0CFCCF30 exeECX=0x11DD7688 match=0
[efz_netplay_mod][pid=9100] StateExport: network ping=0->1 delay=0->0 seq=6052
[efz_netplay_mod][pid=9100] LobbySession::DoPollStatus: response='{"alias":"EFZ","challenges":[],"id":8380,"idle":[],"msg":"OK","playing":[["Aquatic_mod","Aquatic",1,2,"91.214.211.2:10800"]],"status":"OK"}
'
[efz_netplay_mod][pid=9100] StateExport: network ping=1->0 delay=0->0 seq=6078
[efz_netplay_mod][pid=9100] StateExport: network ping=0->1 delay=0->0 seq=6103
[efz_netplay_mod][pid=9100] StateExport: network ping=1->0 delay=0->0 seq=6116
[efz_netplay_mod][pid=9100] StateExport: network ping=0->1 delay=0->0 seq=6129
[efz_netplay_mod][pid=9100] LobbySession::DoPollStatus: response='{"alias":"EFZ","challenges":[],"id":8380,"idle":[],"msg":"OK","playing":[["Aquatic_mod","Aquatic",1,2,"91.214.211.2:10800"]],"status":"OK"}
'
[efz_netplay_mod][pid=9100] StateExport: network ping=1->0 delay=0->0 seq=6163
[efz_netplay_mod][pid=9100] StateExport: network ping=0->1 delay=0->0 seq=6202
[efz_netplay_mod][pid=9100] StateExport: network ping=1->2 delay=0->0 seq=6215
[efz_netplay_mod][pid=9100] StateExport: network ping=2->1 delay=0->0 seq=6227
[efz_netplay_mod][pid=9100] StateExport: network ping=1->0 delay=0->0 seq=6240
[efz_netplay_mod][pid=9100] StateExport: network ping=0->1 delay=0->0 seq=6253
[efz_netplay_mod][pid=9100] LobbySession::DoPollStatus: response='{"alias":"EFZ","challenges":[],"id":8380,"idle":[],"msg":"OK","playing":[["Aquatic_mod","Aquatic",1,2,"91.214.211.2:10800"]],"status":"OK"}
'
[efz_netplay_mod][pid=9100] StateExport: network ping=1->0 delay=0->0 seq=6291
[efz_netplay_mod][pid=9100] StateExport: network ping=0->1 delay=0->0 seq=6317
[efz_netplay_mod][pid=9100] StateExport: network ping=1->0 delay=0->0 seq=6342
[efz_netplay_mod][pid=9100] StateExport: network ping=0->1 delay=0->0 seq=6355
[efz_netplay_mod][pid=9100] LobbySession::DoPollStatus: response='{"alias":"EFZ","challenges":[],"id":8380,"idle":[],"msg":"OK","playing":[["Aquatic_mod","Aquatic",1,2,"91.214.211.2:10800"]],"status":"OK"}
'
[efz_netplay_mod][pid=9100] StateExport: network ping=1->0 delay=0->0 seq=6381
[efz_netplay_mod][pid=9100] StateExport: network ping=0->1 delay=0->0 seq=6393
[efz_netplay_mod][pid=9100] StateExport: network ping=1->0 delay=0->0 seq=6406
[efz_netplay_mod][pid=9100] StateExport: network ping=0->2 delay=0->0 seq=6432
[efz_netplay_mod][pid=9100] StateExport: network ping=2->1 delay=0->0 seq=6445
[efz_netplay_mod][pid=9100] StateExport: network ping=1->0 delay=0->0 seq=6457
[efz_netplay_mod][pid=9100] StateExport: network ping=0->1 delay=0->0 seq=6470
[efz_netplay_mod][pid=9100] LobbySession::DoPollStatus: response='{"alias":"EFZ","challenges":[],"id":8380,"idle":[],"msg":"OK","playing":[["Aquatic_mod","Aquatic",1,2,"91.214.211.2:10800"]],"status":"OK"}
'
[efz_netplay_mod][pid=9100] StateExport: network ping=1->0 delay=0->0 seq=6483
[efz_netplay_mod][pid=9100] StateExport: network ping=0->1 delay=0->0 seq=6521
[efz_netplay_mod][pid=9100] StateExport: network ping=1->0 delay=0->0 seq=6547
[efz_netplay_mod][pid=9100] StateExport: network ping=0->1 delay=0->0 seq=6560
[efz_netplay_mod][pid=9100] StateExport: network ping=1->0 delay=0->0 seq=6572
[efz_netplay_mod][pid=9100] LobbySession::DoPollStatus: response='{"alias":"EFZ","challenges":[],"id":8380,"idle":[],"msg":"OK","playing":[["Aquatic_mod","Aquatic",1,2,"91.214.211.2:10800"]],"status":"OK"}
'
[efz_netplay_mod][pid=9100] StateExport: network ping=0->1 delay=0->0 seq=6585
[efz_netplay_mod][pid=9100] StateExport: network ping=1->0 delay=0->0 seq=6598
[efz_netplay_mod][pid=9100] StateExport: heartbeat seq=6600 activity=6 menu=0 screen=3 mode=1 phase=3 role=1 side=0 p1Wins=0 p2Wins=0 ping=0 delay=0 local='Aquatic' p1='Aquatic' p2='Aquatic_mod' revival='1.02h' caps=0x2EF sessionId=1 setId=0 endReason=0
[efz_netplay_mod][pid=9100] StateExport: network ping=0->1 delay=0->0 seq=6611
[efz_netplay_mod][pid=9100] TICK_HOOK: heartbeat frameTick=4800 session=0x0CFCCF30 exeECX=0x11DD7688 match=0
[efz_netplay_mod][pid=9100] StateExport: network ping=1->0 delay=0->0 seq=6636
[efz_netplay_mod][pid=9100] StateExport: network ping=0->1 delay=0->0 seq=6662
[efz_netplay_mod][pid=9100] LobbySession::DoPollStatus: response='{"alias":"EFZ","challenges":[],"id":8380,"idle":[],"msg":"OK","playing":[["Aquatic_mod","Aquatic",1,2,"91.214.211.2:10800"]],"status":"OK"}
'
[efz_netplay_mod][pid=9100] StateExport: network ping=1->0 delay=0->0 seq=6687
[efz_netplay_mod][pid=9100] StateExport: network ping=0->3 delay=0->0 seq=6700
[efz_netplay_mod][pid=9100] StateExport: network ping=3->1 delay=0->0 seq=6713
[efz_netplay_mod][pid=9100] StateExport: network ping=1->0 delay=0->0 seq=6726
[efz_netplay_mod][pid=9100] StateExport: network ping=0->1 delay=0->0 seq=6739
[efz_netplay_mod][pid=9100] StateExport: network ping=1->0 delay=0->0 seq=6764
[efz_netplay_mod][pid=9100] StateExport: network ping=0->1 delay=0->0 seq=6777
[efz_netplay_mod][pid=9100] LobbySession::DoPollStatus: response='{"alias":"EFZ","challenges":[],"id":8380,"idle":[],"msg":"OK","playing":[["Aquatic_mod","Aquatic",1,2,"91.214.211.2:10800"]],"status":"OK"}
'
[efz_netplay_mod][pid=9100] StateExport: network ping=1->0 delay=0->0 seq=6790
[efz_netplay_mod][pid=9100] StateExport: network ping=0->2 delay=0->0 seq=6841
[efz_netplay_mod][pid=9100] StateExport: network ping=2->0 delay=0->0 seq=6853
[efz_netplay_mod][pid=9100] StateExport: network ping=0->1 delay=0->0 seq=6879
[efz_netplay_mod][pid=9100] LobbySession::DoPollStatus: response='{"alias":"EFZ","challenges":[],"id":8380,"idle":[],"msg":"OK","playing":[["Aquatic_mod","Aquatic",1,2,"91.214.211.2:10800"]],"status":"OK"}
'
[efz_netplay_mod][pid=9100] StateExport: network ping=1->0 delay=0->0 seq=6892
[efz_netplay_mod][pid=9100] StateExport: network ping=0->1 delay=0->0 seq=6943
[efz_netplay_mod][pid=9100] StateExport: network ping=1->0 delay=0->0 seq=6956
[efz_netplay_mod][pid=9100] StateExport: network ping=0->1 delay=0->0 seq=6969
[efz_netplay_mod][pid=9100] StateExport: network ping=1->0 delay=0->0 seq=6981
[efz_netplay_mod][pid=9100] LobbySession::DoPollStatus: response='{"alias":"EFZ","challenges":[],"id":8380,"idle":[],"msg":"OK","playing":[["Aquatic_mod","Aquatic",1,2,"91.214.211.2:10800"]],"status":"OK"}
'
[efz_netplay_mod][pid=9100] StateExport: network ping=0->1 delay=0->0 seq=7007
[efz_netplay_mod][pid=9100] StateExport: network ping=1->0 delay=0->0 seq=7020
[efz_netplay_mod][pid=9100] StateExport: network ping=0->1 delay=0->0 seq=7071
[efz_netplay_mod][pid=9100] StateExport: network ping=1->0 delay=0->0 seq=7096
[efz_netplay_mod][pid=9100] LobbySession::DoPollStatus: response='{"alias":"EFZ","challenges":[],"id":8380,"idle":[],"msg":"OK","playing":[["Aquatic_mod","Aquatic",1,2,"91.214.211.2:10800"]],"status":"OK"}
'
[efz_netplay_mod][pid=9100] StateExport: network ping=0->1 delay=0->0 seq=7160
[efz_netplay_mod][pid=9100] StateExport: network ping=1->0 delay=0->0 seq=7173
[efz_netplay_mod][pid=9100] StateExport: network ping=0->1 delay=0->0 seq=7186
[efz_netplay_mod][pid=9100] StateExport: network ping=1->0 delay=0->0 seq=7199
[efz_netplay_mod][pid=9100] StateExport: heartbeat seq=7200 activity=6 menu=0 screen=3 mode=1 phase=3 role=1 side=0 p1Wins=0 p2Wins=0 ping=0 delay=0 local='Aquatic' p1='Aquatic' p2='Aquatic_mod' revival='1.02h' caps=0x2EF sessionId=1 setId=0 endReason=0
[efz_netplay_mod][pid=9100] LobbySession::DoPollStatus: response='{"alias":"EFZ","challenges":[],"id":8380,"idle":[],"msg":"OK","playing":[["Aquatic_mod","Aquatic",1,2,"91.214.211.2:10800"]],"status":"OK"}
'
[efz_netplay_mod][pid=9100] StateExport: network ping=0->1 delay=0->0 seq=7224
[efz_netplay_mod][pid=9100] TICK_HOOK: heartbeat frameTick=5400 session=0x0CFCCF30 exeECX=0x11DD7688 match=0
[efz_netplay_mod][pid=9100] StateExport: network ping=1->2 delay=0->0 seq=7237
[efz_netplay_mod][pid=9100] StateExport: network ping=2->1 delay=0->0 seq=7250
[efz_netplay_mod][pid=9100] StateExport: network ping=1->0 delay=0->0 seq=7267
[efz_netplay_mod][pid=9100] StateExport: network ping=0->1 delay=0->0 seq=7280
[efz_netplay_mod][pid=9100] LobbySession::DoPollStatus: response='{"alias":"EFZ","challenges":[],"id":8380,"idle":[],"msg":"OK","playing":[["Aquatic_mod","Aquatic",1,2,"91.214.211.2:10800"]],"status":"OK"}
'
[efz_netplay_mod][pid=9100] StateExport: network ping=1->0 delay=0->0 seq=7318
[efz_netplay_mod][pid=9100] StateExport: network ping=0->1 delay=0->0 seq=7369
[efz_netplay_mod][pid=9100] StateExport: network ping=1->0 delay=0->0 seq=7395
[efz_netplay_mod][pid=9100] LobbySession::DoPollStatus: response='{"alias":"EFZ","challenges":[],"id":8380,"idle":[],"msg":"OK","playing":[["Aquatic_mod","Aquatic",1,2,"91.214.211.2:10800"]],"status":"OK"}
'
[efz_netplay_mod][pid=9100] StateExport: network ping=0->1 delay=0->0 seq=7421
[efz_netplay_mod][pid=9100] StateExport: network ping=1->0 delay=0->0 seq=7433
[efz_netplay_mod][pid=9100] StateExport: network ping=0->1 delay=0->0 seq=7459
[efz_netplay_mod][pid=9100] StateExport: network ping=1->0 delay=0->0 seq=7472
[efz_netplay_mod][pid=9100] LobbySession::DoPollStatus: response='{"alias":"EFZ","challenges":[],"id":8380,"idle":[],"msg":"OK","playing":[["Aquatic_mod","Aquatic",1,2,"91.214.211.2:10800"]],"status":"OK"}
'
[efz_netplay_mod][pid=9100] StateExport: network ping=0->1 delay=0->0 seq=7510
[efz_netplay_mod][pid=9100] StateExport: network ping=1->0 delay=0->0 seq=7523
[efz_netplay_mod][pid=9100] StateExport: network ping=0->1 delay=0->0 seq=7574
[efz_netplay_mod][pid=9100] StateExport: network ping=1->0 delay=0->0 seq=7587
[efz_netplay_mod][pid=9100] StateExport: network ping=0->1 delay=0->0 seq=7600
[efz_netplay_mod][pid=9100] LobbySession::DoPollStatus: response='{"alias":"EFZ","challenges":[],"id":8380,"idle":[],"msg":"OK","playing":[["Aquatic_mod","Aquatic",1,2,"91.214.211.2:10800"]],"status":"OK"}
'
[efz_netplay_mod][pid=9100] StateExport: network ping=1->0 delay=0->0 seq=7663
[efz_netplay_mod][pid=9100] StateExport: network ping=0->1 delay=0->0 seq=7689
[efz_netplay_mod][pid=9100] StateExport: network ping=1->0 delay=0->0 seq=7702
[efz_netplay_mod][pid=9100] StateExport: network ping=0->1 delay=0->0 seq=7715
[efz_netplay_mod][pid=9100] LobbySession::DoPollStatus: response='{"alias":"EFZ","challenges":[],"id":8380,"idle":[],"msg":"OK","playing":[["Aquatic_mod","Aquatic",1,2,"91.214.211.2:10800"]],"status":"OK"}
'
[efz_netplay_mod][pid=9100] StateExport: network ping=1->0 delay=0->0 seq=7727
[efz_netplay_mod][pid=9100] StateExport: network ping=0->1 delay=0->0 seq=7740
[efz_netplay_mod][pid=9100] StateExport: network ping=1->4 delay=0->0 seq=7779
[efz_netplay_mod][pid=9100] StateExport: network ping=4->1 delay=0->0 seq=7791
[efz_netplay_mod][pid=9100] StateExport: heartbeat seq=7800 activity=6 menu=0 screen=3 mode=1 phase=3 role=1 side=0 p1Wins=0 p2Wins=0 ping=1 delay=0 local='Aquatic' p1='Aquatic' p2='Aquatic_mod' revival='1.02h' caps=0x2EF sessionId=1 setId=0 endReason=0
[efz_netplay_mod][pid=9100] StateExport: network ping=1->0 delay=0->0 seq=7804
[efz_netplay_mod][pid=9100] LobbySession::DoPollStatus: response='{"alias":"EFZ","challenges":[],"id":8380,"idle":[],"msg":"OK","playing":[["Aquatic_mod","Aquatic",1,2,"91.214.211.2:10800"]],"status":"OK"}
'
[efz_netplay_mod][pid=9100] StateExport: network ping=0->3 delay=0->0 seq=7830
[efz_netplay_mod][pid=9100] TICK_HOOK: heartbeat frameTick=6000 session=0x0CFCCF30 exeECX=0x11DD7688 match=0
[efz_netplay_mod][pid=9100] StateExport: network ping=3->1 delay=0->0 seq=7842
[efz_netplay_mod][pid=9100] StateExport: network ping=1->0 delay=0->0 seq=7855
[efz_netplay_mod][pid=9100] StateExport: network ping=0->1 delay=0->0 seq=7868
[efz_netplay_mod][pid=9100] StateExport: network ping=1->3 delay=0->0 seq=7881
[efz_netplay_mod][pid=9100] StateExport: network ping=3->0 delay=0->0 seq=7893
[efz_netplay_mod][pid=9100] StateExport: network ping=0->3 delay=0->0 seq=7906
[efz_netplay_mod][pid=9100] StateExport: network ping=3->2 delay=0->0 seq=7919
[efz_netplay_mod][pid=9100] LobbySession::DoPollStatus: response='{"alias":"EFZ","challenges":[],"id":8380,"idle":[],"msg":"OK","playing":[["Aquatic_mod","Aquatic",1,2,"91.214.211.2:10800"]],"status":"OK"}
'
[efz_netplay_mod][pid=9100] StateExport: network ping=2->4 delay=0->0 seq=7932
[efz_netplay_mod][pid=9100] StateExport: network ping=4->0 delay=0->0 seq=7945
[efz_netplay_mod][pid=9100] StateExport: network ping=0->4 delay=0->0 seq=7983
[efz_netplay_mod][pid=9100] StateExport: network ping=4->0 delay=0->0 seq=7996
[efz_netplay_mod][pid=9100] StateExport: network ping=0->1 delay=0->0 seq=8009
[efz_netplay_mod][pid=9100] StateExport: network ping=1->0 delay=0->0 seq=8021
[efz_netplay_mod][pid=9100] LobbySession::DoPollStatus: response='{"alias":"EFZ","challenges":[],"id":8380,"idle":[],"msg":"OK","playing":[["Aquatic_mod","Aquatic",1,2,"91.214.211.2:10800"]],"status":"OK"}
'
[efz_netplay_mod][pid=9100] StateExport: network ping=0->1 delay=0->0 seq=8060
[efz_netplay_mod][pid=9100] StateExport: network ping=1->0 delay=0->0 seq=8072
[efz_netplay_mod][pid=9100] StateExport: network ping=0->2 delay=0->0 seq=8085
[efz_netplay_mod][pid=9100] StateExport: network ping=2->0 delay=0->0 seq=8098
[efz_netplay_mod][pid=9100] StateExport: network ping=0->1 delay=0->0 seq=8124
[efz_netplay_mod][pid=9100] StateExport: network ping=1->0 delay=0->0 seq=8136
[efz_netplay_mod][pid=9100] LobbySession::DoPollStatus: response='{"alias":"EFZ","challenges":[],"id":8380,"idle":[],"msg":"OK","playing":[["Aquatic_mod","Aquatic",1,2,"91.214.211.2:10800"]],"status":"OK"}
'
[efz_netplay_mod][pid=9100] StateExport: network ping=0->1 delay=0->0 seq=8213
[efz_netplay_mod][pid=9100] StateExport: network ping=1->0 delay=0->0 seq=8226
[efz_netplay_mod][pid=9100] StateExport: network ping=0->1 delay=0->0 seq=8239
[efz_netplay_mod][pid=9100] LobbySession::DoPollStatus: response='{"alias":"EFZ","challenges":[],"id":8380,"idle":[],"msg":"OK","playing":[["Aquatic_mod","Aquatic",1,2,"91.214.211.2:10800"]],"status":"OK"}
'
[efz_netplay_mod][pid=9100] StateExport: network ping=1->0 delay=0->0 seq=8251
[efz_netplay_mod][pid=9100] LobbySession::DoPollStatus: response='{"alias":"EFZ","challenges":[],"id":8380,"idle":[],"msg":"OK","playing":[["Aquatic_mod","Aquatic",1,2,"91.214.211.2:10800"]],"status":"OK"}
'
[efz_netplay_mod][pid=9100] StateExport: network ping=0->1 delay=0->0 seq=8354
[efz_netplay_mod][pid=9100] StateExport: network ping=1->2 delay=0->0 seq=8366
[efz_netplay_mod][pid=9100] StateExport: network ping=2->0 delay=0->0 seq=8379
[efz_netplay_mod][pid=9100] StateExport: heartbeat seq=8400 activity=6 menu=0 screen=3 mode=1 phase=3 role=1 side=0 p1Wins=0 p2Wins=0 ping=0 delay=0 local='Aquatic' p1='Aquatic' p2='Aquatic_mod' revival='1.02h' caps=0x2EF sessionId=1 setId=0 endReason=0
[efz_netplay_mod][pid=9100] LobbySession::DoPollStatus: response='{"alias":"EFZ","challenges":[],"id":8380,"idle":[],"msg":"OK","playing":[["Aquatic_mod","Aquatic",1,2,"91.214.211.2:10800"]],"status":"OK"}
'
[efz_netplay_mod][pid=9100] StateExport: network ping=0->1 delay=0->0 seq=8469
[efz_netplay_mod][pid=9100] StateExport: network ping=1->0 delay=0->0 seq=8494
[efz_netplay_mod][pid=9100] StateExport: network ping=0->1 delay=0->0 seq=8520
[efz_netplay_mod][pid=9100] StateExport: network ping=1->0 delay=0->0 seq=8532
[efz_netplay_mod][pid=9100] LobbySession::DoPollStatus: response='{"alias":"EFZ","challenges":[],"id":8380,"idle":[],"msg":"OK","playing":[["Aquatic_mod","Aquatic",1,2,"91.214.211.2:10800"]],"status":"OK"}
'
[efz_netplay_mod][pid=9100] StateExport: network ping=0->1 delay=0->0 seq=8609
[efz_netplay_mod][pid=9100] StateExport: network ping=1->0 delay=0->0 seq=8622
[efz_netplay_mod][pid=9100] StateExport: network ping=0->1 delay=0->0 seq=8631
[efz_netplay_mod][pid=9100] StateExport: network ping=1->0 delay=0->0 seq=8644
[efz_netplay_mod][pid=9100] StateExport: network ping=0->1 delay=0->0 seq=8656
[efz_netplay_mod][pid=9100] LobbySession::DoPollStatus: response='{"alias":"EFZ","challenges":[],"id":8380,"idle":[],"msg":"OK","playing":[["Aquatic_mod","Aquatic",1,2,"91.214.211.2:10800"]],"status":"OK"}
'
[efz_netplay_mod][pid=9100] StateExport: network ping=1->0 delay=0->0 seq=8669
[efz_netplay_mod][pid=9100] StateExport: network ping=0->1 delay=0->0 seq=8695
[efz_netplay_mod][pid=9100] StateExport: network ping=1->0 delay=0->0 seq=8720
[efz_netplay_mod][pid=9100] StateExport: network ping=0->1 delay=0->0 seq=8759
[efz_netplay_mod][pid=9100] LobbySession::DoPollStatus: response='{"alias":"EFZ","challenges":[],"id":8380,"idle":[],"msg":"OK","playing":[["Aquatic_mod","Aquatic",1,2,"91.214.211.2:10800"]],"status":"OK"}
'
[efz_netplay_mod][pid=9100] StateExport: network ping=1->0 delay=0->0 seq=8771
[efz_netplay_mod][pid=9100] StateExport: network ping=0->1 delay=0->0 seq=8810
[efz_netplay_mod][pid=9100] StateExport: network ping=1->0 delay=0->0 seq=8822
[efz_netplay_mod][pid=9100] LobbySession::DoPollStatus: response='{"alias":"EFZ","challenges":[],"id":8380,"idle":[],"msg":"OK","playing":[["Aquatic_mod","Aquatic",1,2,"91.214.211.2:10800"]],"status":"OK"}
'
[efz_netplay_mod][pid=9100] StateExport: network ping=0->1 delay=0->0 seq=8937
[efz_netplay_mod][pid=9100] StateExport: network ping=1->0 delay=0->0 seq=8950
[efz_netplay_mod][pid=9100] LobbySession::DoPollStatus: response='{"alias":"EFZ","challenges":[],"id":8380,"idle":[],"msg":"OK","playing":[["Aquatic_mod","Aquatic",1,2,"91.214.211.2:10800"]],"status":"OK"}
'
[efz_netplay_mod][pid=9100] StateExport: network ping=0->1 delay=0->0 seq=8976
[efz_netplay_mod][pid=9100] StateExport: network ping=1->0 delay=0->0 seq=8989
[efz_netplay_mod][pid=9100] StateExport: heartbeat seq=9000 activity=6 menu=0 screen=3 mode=1 phase=3 role=1 side=0 p1Wins=0 p2Wins=0 ping=0 delay=0 local='Aquatic' p1='Aquatic' p2='Aquatic_mod' revival='1.02h' caps=0x2EF sessionId=1 setId=0 endReason=0
[efz_netplay_mod][pid=9100] StateExport: network ping=0->1 delay=0->0 seq=9014
[efz_netplay_mod][pid=9100] StateExport: network ping=1->0 delay=0->0 seq=9027
[efz_netplay_mod][pid=9100] StateExport: network ping=0->1 delay=0->0 seq=9065
[efz_netplay_mod][pid=9100] LobbySession::DoPollStatus: response='{"alias":"EFZ","challenges":[],"id":8380,"idle":[],"msg":"OK","playing":[["Aquatic_mod","Aquatic",1,2,"91.214.211.2:10800"]],"status":"OK"}
'
[efz_netplay_mod][pid=9100] StateExport: network ping=1->0 delay=0->0 seq=9091
[efz_netplay_mod][pid=9100] StateExport: network ping=0->1 delay=0->0 seq=9104
[efz_netplay_mod][pid=9100] StateExport: network ping=1->0 delay=0->0 seq=9129
[efz_netplay_mod][pid=9100] LobbySession::DoPollStatus: response='{"alias":"EFZ","challenges":[],"id":8380,"idle":[],"msg":"OK","playing":[["Aquatic_mod","Aquatic",1,2,"91.214.211.2:10800"]],"status":"OK"}
'
[efz_netplay_mod][pid=9100] StateExport: network ping=0->1 delay=0->0 seq=9219
[efz_netplay_mod][pid=9100] StateExport: network ping=1->0 delay=0->0 seq=9244
[efz_netplay_mod][pid=9100] LobbySession::DoPollStatus: response='{"alias":"EFZ","challenges":[],"id":8380,"idle":[],"msg":"OK","playing":[["Aquatic_mod","Aquatic",1,2,"91.214.211.2:10800"]],"status":"OK"}
'
[efz_netplay_mod][pid=9100] StateExport: network ping=0->1 delay=0->0 seq=9295
[efz_netplay_mod][pid=9100] StateExport: network ping=1->0 delay=0->0 seq=9334
[efz_netplay_mod][pid=9100] StateExport: network ping=0->1 delay=0->0 seq=9385
[efz_netplay_mod][pid=9100] LobbySession::DoPollStatus: response='{"alias":"EFZ","challenges":[],"id":8380,"idle":[],"msg":"OK","playing":[["Aquatic_mod","Aquatic",1,2,"91.214.211.2:10800"]],"status":"OK"}
'
[efz_netplay_mod][pid=9100] StateExport: network ping=1->0 delay=0->0 seq=9410
[efz_netplay_mod][pid=9100] StateExport: network ping=0->1 delay=0->0 seq=9449
[efz_netplay_mod][pid=9100] StateExport: network ping=1->0 delay=0->0 seq=9474
[efz_netplay_mod][pid=9100] StateExport: network ping=0->1 delay=0->0 seq=9482
[efz_netplay_mod][pid=9100] LobbySession::DoPollStatus: response='{"alias":"EFZ","challenges":[],"id":8380,"idle":[],"msg":"OK","playing":[["Aquatic_mod","Aquatic",1,2,"91.214.211.2:10800"]],"status":"OK"}
'
[efz_netplay_mod][pid=9100] StateExport: network ping=1->0 delay=0->0 seq=9495
[efz_netplay_mod][pid=9100] StateExport: network ping=0->1 delay=0->0 seq=9546
[efz_netplay_mod][pid=9100] StateExport: network ping=1->0 delay=0->0 seq=9559
[efz_netplay_mod][pid=9100] LobbySession::DoPollStatus: response='{"alias":"EFZ","challenges":[],"id":8380,"idle":[],"msg":"OK","playing":[["Aquatic_mod","Aquatic",1,2,"91.214.211.2:10800"]],"status":"OK"}
'
[efz_netplay_mod][pid=9100] StateExport: heartbeat seq=9600 activity=6 menu=0 screen=3 mode=1 phase=3 role=1 side=0 p1Wins=0 p2Wins=0 ping=0 delay=0 local='Aquatic' p1='Aquatic' p2='Aquatic_mod' revival='1.02h' caps=0x2EF sessionId=1 setId=0 endReason=0
[efz_netplay_mod][pid=9100] StateExport: network ping=0->1 delay=0->0 seq=9674
[efz_netplay_mod][pid=9100] LobbySession::DoPollStatus: response='{"alias":"EFZ","challenges":[],"id":8380,"idle":[],"msg":"OK","playing":[["Aquatic_mod","Aquatic",1,2,"91.214.211.2:10800"]],"status":"OK"}
'
[efz_netplay_mod][pid=9100] StateExport: network ping=1->0 delay=0->0 seq=9699
[efz_netplay_mod][pid=9100] StateExport: network ping=0->1 delay=0->0 seq=9738
[efz_netplay_mod][pid=9100] StateExport: network ping=1->0 delay=0->0 seq=9750
[efz_netplay_mod][pid=9100] StateExport: network ping=0->3 delay=0->0 seq=9763
[efz_netplay_mod][pid=9100] StateExport: network ping=3->1 delay=0->0 seq=9776
[efz_netplay_mod][pid=9100] StateExport: network ping=1->0 delay=0->0 seq=9789
[efz_netplay_mod][pid=9100] StateExport: network ping=0->1 delay=0->0 seq=9802
[efz_netplay_mod][pid=9100] LobbySession::DoPollStatus: response='{"alias":"EFZ","challenges":[],"id":8380,"idle":[],"msg":"OK","playing":[["Aquatic_mod","Aquatic",1,2,"91.214.211.2:10800"]],"status":"OK"}
'
[efz_netplay_mod][pid=9100] StateExport: network ping=1->0 delay=0->0 seq=9814
[efz_netplay_mod][pid=9100] StateExport: network ping=0->1 delay=0->0 seq=9827
[efz_netplay_mod][pid=9100] StateExport: network ping=1->0 delay=0->0 seq=9840
[efz_netplay_mod][pid=9100] StateExport: network ping=0->1 delay=0->0 seq=9853
[efz_netplay_mod][pid=9100] StateExport: network ping=1->0 delay=0->0 seq=9891
[efz_netplay_mod][pid=9100] LobbySession::DoPollStatus: response='{"alias":"EFZ","challenges":[],"id":8380,"idle":[],"msg":"OK","playing":[["Aquatic_mod","Aquatic",1,2,"91.214.211.2:10800"]],"status":"OK"}
'
[efz_netplay_mod][pid=9100] StateExport: network ping=0->1 delay=0->0 seq=10044
[efz_netplay_mod][pid=9100] LobbySession::DoPollStatus: response='{"alias":"EFZ","challenges":[],"id":8380,"idle":[],"msg":"OK","playing":[["Aquatic_mod","Aquatic",1,2,"91.214.211.2:10800"]],"status":"OK"}
'
[efz_netplay_mod][pid=9100] StateExport: network ping=1->0 delay=0->0 seq=10108
[efz_netplay_mod][pid=9100] StateExport: network ping=0->1 delay=0->0 seq=10134
[efz_netplay_mod][pid=9100] StateExport: network ping=1->0 delay=0->0 seq=10147
[efz_netplay_mod][pid=9100] StateExport: heartbeat seq=10200 activity=6 menu=0 screen=3 mode=1 phase=3 role=1 side=0 p1Wins=0 p2Wins=0 ping=0 delay=0 local='Aquatic' p1='Aquatic' p2='Aquatic_mod' revival='1.02h' caps=0x2EF sessionId=1 setId=0 endReason=0
[efz_netplay_mod][pid=9100] LobbySession::DoPollStatus: response='{"alias":"EFZ","challenges":[],"id":8380,"idle":[],"msg":"OK","playing":[["Aquatic_mod","Aquatic",1,2,"91.214.211.2:10800"]],"status":"OK"}
'
[efz_netplay_mod][pid=9100] StateExport: network ping=0->1 delay=0->0 seq=10223
[efz_netplay_mod][pid=9100] StateExport: network ping=1->5 delay=0->0 seq=10236
[efz_netplay_mod][pid=9100] StateExport: network ping=5->0 delay=0->0 seq=10249
[efz_netplay_mod][pid=9100] StateExport: network ping=0->4 delay=0->0 seq=10262
[efz_netplay_mod][pid=9100] StateExport: network ping=4->0 delay=0->0 seq=10274
[efz_netplay_mod][pid=9100] StateExport: network ping=0->2 delay=0->0 seq=10287
[efz_netplay_mod][pid=9100] StateExport: network ping=2->1 delay=0->0 seq=10300
[efz_netplay_mod][pid=9100] LobbySession::DoPollStatus: response='{"alias":"EFZ","challenges":[],"id":8380,"idle":[],"msg":"OK","playing":[["Aquatic_mod","Aquatic",1,2,"91.214.211.2:10800"]],"status":"OK"}
'
[efz_netplay_mod][pid=9100] StateExport: network ping=1->4 delay=0->0 seq=10313
[efz_netplay_mod][pid=9100] StateExport: network ping=4->1 delay=0->0 seq=10326
[efz_netplay_mod][pid=9100] StateExport: network ping=1->2 delay=0->0 seq=10338
[efz_netplay_mod][pid=9100] StateExport: network ping=2->0 delay=0->0 seq=10351
[efz_netplay_mod][pid=9100] StateExport: network ping=0->1 delay=0->0 seq=10364
[efz_netplay_mod][pid=9100] StateExport: network ping=1->5 delay=0->0 seq=10390
[efz_netplay_mod][pid=9100] StateExport: network ping=5->0 delay=0->0 seq=10402
[efz_netplay_mod][pid=9100] StateExport: network ping=0->3 delay=0->0 seq=10415
[efz_netplay_mod][pid=9100] LobbySession::DoPollStatus: response='{"alias":"EFZ","challenges":[],"id":8380,"idle":[],"msg":"OK","playing":[["Aquatic_mod","Aquatic",1,2,"91.214.211.2:10800"]],"status":"OK"}
'
[efz_netplay_mod][pid=9100] StateExport: network ping=3->1 delay=0->0 seq=10428
[efz_netplay_mod][pid=9100] StateExport: network ping=1->2 delay=0->0 seq=10466
[efz_netplay_mod][pid=9100] StateExport: network ping=2->0 delay=0->0 seq=10479
[efz_netplay_mod][pid=9100] StateExport: network ping=0->3 delay=0->0 seq=10492
[efz_netplay_mod][pid=9100] StateExport: network ping=3->0 delay=0->0 seq=10504
[efz_netplay_mod][pid=9100] StateExport: network ping=0->1 delay=0->0 seq=10517
[efz_netplay_mod][pid=9100] LobbySession::DoPollStatus: response='{"alias":"EFZ","challenges":[],"id":8380,"idle":[],"msg":"OK","playing":[["Aquatic_mod","Aquatic",1,2,"91.214.211.2:10800"]],"status":"OK"}
'
[efz_netplay_mod][pid=9100] StateExport: network ping=1->0 delay=0->0 seq=10530
[efz_netplay_mod][pid=9100] StateExport: network ping=0->1 delay=0->0 seq=10543
[efz_netplay_mod][pid=9100] StateExport: network ping=1->0 delay=0->0 seq=10555
[efz_netplay_mod][pid=9100] StateExport: network ping=0->1 delay=0->0 seq=10568
[efz_netplay_mod][pid=9100] StateExport: network ping=1->0 delay=0->0 seq=10581
[efz_netplay_mod][pid=9100] StateExport: network ping=0->1 delay=0->0 seq=10594
[efz_netplay_mod][pid=9100] LobbySession::DoPollStatus: response='{"alias":"EFZ","challenges":[],"id":8380,"idle":[],"msg":"OK","playing":[["Aquatic_mod","Aquatic",1,2,"91.214.211.2:10800"]],"status":"OK"}
'
[efz_netplay_mod][pid=9100] StateExport: network ping=1->0 delay=0->0 seq=10632
[efz_netplay_mod][pid=9100] StateExport: network ping=0->1 delay=0->0 seq=10671
[efz_netplay_mod][pid=9100] StateExport: network ping=1->0 delay=0->0 seq=10709
[efz_netplay_mod][pid=9100] StateExport: network ping=0->1 delay=0->0 seq=10722
[efz_netplay_mod][pid=9100] LobbySession::DoPollStatus: response='{"alias":"EFZ","challenges":[],"id":8380,"idle":[],"msg":"OK","playing":[["Aquatic_mod","Aquatic",1,2,"91.214.211.2:10800"]],"status":"OK"}
'
[efz_netplay_mod][pid=9100] StateExport: network ping=1->0 delay=0->0 seq=10760
[efz_netplay_mod][pid=9100] StateExport: network ping=0->1 delay=0->0 seq=10786
[efz_netplay_mod][pid=9100] StateExport: heartbeat seq=10800 activity=6 menu=0 screen=3 mode=1 phase=3 role=1 side=0 p1Wins=0 p2Wins=0 ping=1 delay=0 local='Aquatic' p1='Aquatic' p2='Aquatic_mod' revival='1.02h' caps=0x2EF sessionId=1 setId=0 endReason=0
[efz_netplay_mod][pid=9100] StateExport: network ping=1->0 delay=0->0 seq=10811
[efz_netplay_mod][pid=9100] LobbySession::DoPollStatus: response='{"alias":"EFZ","challenges":[],"id":8380,"idle":[],"msg":"OK","playing":[["Aquatic_mod","Aquatic",1,2,"91.214.211.2:10800"]],"status":"OK"}
'
[efz_netplay_mod][pid=9100] StateExport: network ping=0->1 delay=0->0 seq=10875
[efz_netplay_mod][pid=9100] StateExport: network ping=1->0 delay=0->0 seq=10888
[efz_netplay_mod][pid=9100] StateExport: network ping=0->1 delay=0->0 seq=10901
[efz_netplay_mod][pid=9100] StateExport: network ping=1->0 delay=0->0 seq=10913
[efz_netplay_mod][pid=9100] LobbySession::DoPollStatus: response='{"alias":"EFZ","challenges":[],"id":8380,"idle":[],"msg":"OK","playing":[["Aquatic_mod","Aquatic",1,2,"91.214.211.2:10800"]],"status":"OK"}
'
[efz_netplay_mod][pid=9100] StateExport: network ping=0->1 delay=0->0 seq=10952
[efz_netplay_mod][pid=9100] StateExport: network ping=1->0 delay=0->0 seq=10964
[efz_netplay_mod][pid=9100] StateExport: network ping=0->1 delay=0->0 seq=10990
[efz_netplay_mod][pid=9100] StateExport: network ping=1->0 delay=0->0 seq=11041
[efz_netplay_mod][pid=9100] LobbySession::DoPollStatus: response='{"alias":"EFZ","challenges":[],"id":8380,"idle":[],"msg":"OK","playing":[["Aquatic_mod","Aquatic",1,2,"91.214.211.2:10800"]],"status":"OK"}
'
[efz_netplay_mod][pid=9100] StateExport: network ping=0->1 delay=0->0 seq=11131
[efz_netplay_mod][pid=9100] StateExport: network ping=1->0 delay=0->0 seq=11143
[efz_netplay_mod][pid=9100] LobbySession::DoPollStatus: response='{"alias":"EFZ","challenges":[],"id":8380,"idle":[],"msg":"OK","playing":[["Aquatic_mod","Aquatic",1,2,"91.214.211.2:10800"]],"status":"OK"}
'
[efz_netplay_mod][pid=9100] StateExport: network ping=0->1 delay=0->0 seq=11169
[efz_netplay_mod][pid=9100] StateExport: network ping=1->0 delay=0->0 seq=11182
[efz_netplay_mod][pid=9100] StateExport: network ping=0->2 delay=0->0 seq=11194
[efz_netplay_mod][pid=9100] StateExport: network ping=2->0 delay=0->0 seq=11207
[efz_netplay_mod][pid=9100] StateExport: network ping=0->1 delay=0->0 seq=11246
[efz_netplay_mod][pid=9100] LobbySession::DoPollStatus: response='{"alias":"EFZ","challenges":[],"id":8380,"idle":[],"msg":"OK","playing":[["Aquatic_mod","Aquatic",1,2,"91.214.211.2:10800"]],"status":"OK"}
'
[efz_netplay_mod][pid=9100] StateExport: network ping=1->0 delay=0->0 seq=11258
[efz_netplay_mod][pid=9100] StateExport: network ping=0->1 delay=0->0 seq=11271
[efz_netplay_mod][pid=9100] StateExport: network ping=1->0 delay=0->0 seq=11284
[efz_netplay_mod][pid=9100] StateExport: network ping=0->1 delay=0->0 seq=11309
[efz_netplay_mod][pid=9100] StateExport: network ping=1->0 delay=0->0 seq=11322
[efz_netplay_mod][pid=9100] LobbySession::DoPollStatus: response='{"alias":"EFZ","challenges":[],"id":8380,"idle":[],"msg":"OK","playing":[["Aquatic_mod","Aquatic",1,2,"91.214.211.2:10800"]],"status":"OK"}
'
[efz_netplay_mod][pid=9100] StateExport: network ping=0->1 delay=0->0 seq=11361
[efz_netplay_mod][pid=9100] StateExport: network ping=1->0 delay=0->0 seq=11373
[efz_netplay_mod][pid=9100] StateExport: heartbeat seq=11400 activity=6 menu=0 screen=3 mode=1 phase=3 role=1 side=0 p1Wins=0 p2Wins=0 ping=0 delay=0 local='Aquatic' p1='Aquatic' p2='Aquatic_mod' revival='1.02h' caps=0x2EF sessionId=1 setId=0 endReason=0
[efz_netplay_mod][pid=9100] StateExport: network ping=0->2 delay=0->0 seq=11412
[efz_netplay_mod][pid=9100] StateExport: network ping=2->0 delay=0->0 seq=11437
[efz_netplay_mod][pid=9100] LobbySession::DoPollStatus: response='{"alias":"EFZ","challenges":[],"id":8380,"idle":[],"msg":"OK","playing":[["Aquatic_mod","Aquatic",1,2,"91.214.211.2:10800"]],"status":"OK"}
'
[efz_netplay_mod][pid=9100] StateExport: network ping=0->1 delay=0->0 seq=11488
[efz_netplay_mod][pid=9100] StateExport: network ping=1->0 delay=0->0 seq=11501
[efz_netplay_mod][pid=9100] StateExport: network ping=0->1 delay=0->0 seq=11514
[efz_netplay_mod][pid=9100] StateExport: network ping=1->0 delay=0->0 seq=11527
[efz_netplay_mod][pid=9100] StateExport: network ping=0->1 delay=0->0 seq=11539
[efz_netplay_mod][pid=9100] StateExport: network ping=1->0 delay=0->0 seq=11552
[efz_netplay_mod][pid=9100] LobbySession::DoPollStatus: response='{"alias":"EFZ","challenges":[],"id":8380,"idle":[],"msg":"OK","playing":[["Aquatic_mod","Aquatic",1,2,"91.214.211.2:10800"]],"status":"OK"}
'
[efz_netplay_mod][pid=9100] StateExport: network ping=0->1 delay=0->0 seq=11565
[efz_netplay_mod][pid=9100] StateExport: network ping=1->0 delay=0->0 seq=11591
[efz_netplay_mod][pid=9100] StateExport: network ping=0->1 delay=0->0 seq=11642
[efz_netplay_mod][pid=9100] LobbySession::DoPollStatus: response='{"alias":"EFZ","challenges":[],"id":8380,"idle":[],"msg":"OK","playing":[["Aquatic_mod","Aquatic",1,2,"91.214.211.2:10800"]],"status":"OK"}
'
[efz_netplay_mod][pid=9100] StateExport: network ping=1->0 delay=0->0 seq=11680
[efz_netplay_mod][pid=9100] StateExport: network ping=0->1 delay=0->0 seq=11718
[efz_netplay_mod][pid=9100] StateExport: network ping=1->0 delay=0->0 seq=11731
[efz_netplay_mod][pid=9100] StateExport: network ping=0->1 delay=0->0 seq=11757
[efz_netplay_mod][pid=9100] LobbySession::DoPollStatus: response='{"alias":"EFZ","challenges":[],"id":8380,"idle":[],"msg":"OK","playing":[["Aquatic_mod","Aquatic",1,2,"91.214.211.2:10800"]],"status":"OK"}
'
[efz_netplay_mod][pid=9100] StateExport: network ping=1->0 delay=0->0 seq=11821
[efz_netplay_mod][pid=9100] StateExport: network ping=0->1 delay=0->0 seq=11859
[efz_netplay_mod][pid=9100] LobbySession::DoPollStatus: response='{"alias":"EFZ","challenges":[],"id":8380,"idle":[],"msg":"OK","playing":[["Aquatic_mod","Aquatic",1,2,"91.214.211.2:10800"]],"status":"OK"}
'
[efz_netplay_mod][pid=9100] StateExport: network ping=1->0 delay=0->0 seq=11884
[efz_netplay_mod][pid=9100] StateExport: network ping=0->1 delay=0->0 seq=11948
[efz_netplay_mod][pid=9100] StateExport: network ping=1->0 delay=0->0 seq=11961
[efz_netplay_mod][pid=9100] LobbySession::DoPollStatus: response='{"alias":"EFZ","challenges":[],"id":8380,"idle":[],"msg":"OK","playing":[["Aquatic_mod","Aquatic",1,2,"91.214.211.2:10800"]],"status":"OK"}
'
[efz_netplay_mod][pid=9100] StateExport: heartbeat seq=12000 activity=6 menu=0 screen=3 mode=1 phase=3 role=1 side=0 p1Wins=0 p2Wins=0 ping=0 delay=0 local='Aquatic' p1='Aquatic' p2='Aquatic_mod' revival='1.02h' caps=0x2EF sessionId=1 setId=0 endReason=0
[efz_netplay_mod][pid=9100] StateExport: network ping=0->1 delay=0->0 seq=12012
[efz_netplay_mod][pid=9100] StateExport: network ping=1->2 delay=0->0 seq=12025
[efz_netplay_mod][pid=9100] StateExport: network ping=2->0 delay=0->0 seq=12038
[efz_netplay_mod][pid=9100] StateExport: network ping=0->1 delay=0->0 seq=12051
[efz_netplay_mod][pid=9100] StateExport: network ping=1->0 delay=0->0 seq=12063
[efz_netplay_mod][pid=9100] LobbySession::DoPollStatus: response='{"alias":"EFZ","challenges":[],"id":8380,"idle":[],"msg":"OK","playing":[["Aquatic_mod","Aquatic",1,2,"91.214.211.2:10800"]],"status":"OK"}
'
[efz_netplay_mod][pid=9100] StateExport: network ping=0->1 delay=0->0 seq=12089
[efz_netplay_mod][pid=9100] StateExport: network ping=1->0 delay=0->0 seq=12127
[efz_netplay_mod][pid=9100] StateExport: network ping=0->1 delay=0->0 seq=12140
[efz_netplay_mod][pid=9100] StateExport: network ping=1->0 delay=0->0 seq=12166
[efz_netplay_mod][pid=9100] LobbySession::DoPollStatus: response='{"alias":"EFZ","challenges":[],"id":8380,"idle":[],"msg":"OK","playing":[["Aquatic_mod","Aquatic",1,2,"91.214.211.2:10800"]],"status":"OK"}
'
[efz_netplay_mod][pid=9100] StateExport: network ping=0->1 delay=0->0 seq=12242
[efz_netplay_mod][pid=9100] StateExport: network ping=1->2 delay=0->0 seq=12268
[efz_netplay_mod][pid=9100] StateExport: network ping=2->0 delay=0->0 seq=12281
[efz_netplay_mod][pid=9100] StateExport: network ping=0->1 delay=0->0 seq=12294
[efz_netplay_mod][pid=9100] LobbySession::DoPollStatus: response='{"alias":"EFZ","challenges":[],"id":8380,"idle":[],"msg":"OK","playing":[["Aquatic_mod","Aquatic",1,2,"91.214.211.2:10800"]],"status":"OK"}
'
[efz_netplay_mod][pid=9100] StateExport: network ping=1->0 delay=0->0 seq=12306
[efz_netplay_mod][pid=9100] StateExport: network ping=0->1 delay=0->0 seq=12345
[efz_netplay_mod][pid=9100] StateExport: network ping=1->0 delay=0->0 seq=12357
[efz_netplay_mod][pid=9100] LobbySession::DoPollStatus: response='{"alias":"EFZ","challenges":[],"id":8380,"idle":[],"msg":"OK","playing":[["Aquatic_mod","Aquatic",1,2,"91.214.211.2:10800"]],"status":"OK"}
'
[efz_netplay_mod][pid=9100] StateExport: network ping=0->1 delay=0->0 seq=12434
[efz_netplay_mod][pid=9100] StateExport: network ping=1->0 delay=0->0 seq=12472
[efz_netplay_mod][pid=9100] StateExport: network ping=0->1 delay=0->0 seq=12485
[efz_netplay_mod][pid=9100] LobbySession::DoPollStatus: response='{"alias":"EFZ","challenges":[],"id":8380,"idle":[],"msg":"OK","playing":[["Aquatic_mod","Aquatic",1,2,"91.214.211.2:10800"]],"status":"OK"}
'
[efz_netplay_mod][pid=9100] StateExport: network ping=1->0 delay=0->0 seq=12511
[efz_netplay_mod][pid=9100] StateExport: network ping=0->1 delay=0->0 seq=12575
[efz_netplay_mod][pid=9100] StateExport: network ping=1->0 delay=0->0 seq=12587
[efz_netplay_mod][pid=9100] StateExport: heartbeat seq=12600 activity=6 menu=0 screen=3 mode=1 phase=3 role=1 side=0 p1Wins=0 p2Wins=0 ping=0 delay=0 local='Aquatic' p1='Aquatic' p2='Aquatic_mod' revival='1.02h' caps=0x2EF sessionId=1 setId=0 endReason=0
[efz_netplay_mod][pid=9100] LobbySession::DoPollStatus: response='{"alias":"EFZ","challenges":[],"id":8380,"idle":[],"msg":"OK","playing":[["Aquatic_mod","Aquatic",1,2,"91.214.211.2:10800"]],"status":"OK"}
'
[efz_netplay_mod][pid=9100] StateExport: network ping=0->1 delay=0->0 seq=12651
[efz_netplay_mod][pid=9100] StateExport: network ping=1->0 delay=0->0 seq=12664
[efz_netplay_mod][pid=9100] StateExport: network ping=0->1 delay=0->0 seq=12702
[efz_netplay_mod][pid=9100] LobbySession::DoPollStatus: response='{"alias":"EFZ","challenges":[],"id":8380,"idle":[],"msg":"OK","playing":[["Aquatic_mod","Aquatic",1,2,"91.214.211.2:10800"]],"status":"OK"}
'
[efz_netplay_mod][pid=9100] StateExport: network ping=1->0 delay=0->0 seq=12715
[efz_netplay_mod][pid=9100] StateExport: network ping=0->1 delay=0->0 seq=12741
[efz_netplay_mod][pid=9100] StateExport: network ping=1->0 delay=0->0 seq=12753
[efz_netplay_mod][pid=9100] StateExport: network ping=0->3 delay=0->0 seq=12779
[efz_netplay_mod][pid=9100] StateExport: network ping=3->1 delay=0->0 seq=12792
[efz_netplay_mod][pid=9100] StateExport: network ping=1->0 delay=0->0 seq=12805
[efz_netplay_mod][pid=9100] StateExport: network ping=0->1 delay=0->0 seq=12817
[efz_netplay_mod][pid=9100] LobbySession::DoPollStatus: response='{"alias":"EFZ","challenges":[],"id":8380,"idle":[],"msg":"OK","playing":[["Aquatic_mod","Aquatic",1,2,"91.214.211.2:10800"]],"status":"OK"}
'
[efz_netplay_mod][pid=9100] StateExport: network ping=1->2 delay=0->0 seq=12830
[efz_netplay_mod][pid=9100] StateExport: network ping=2->0 delay=0->0 seq=12843
[efz_netplay_mod][pid=9100] StateExport: network ping=0->2 delay=0->0 seq=12856
[efz_netplay_mod][pid=9100] StateExport: network ping=2->8 delay=0->0 seq=12882
[efz_netplay_mod][pid=9100] StateExport: network ping=8->0 delay=0->0 seq=12894
[efz_netplay_mod][pid=9100] LobbySession::DoPollStatus: response='{"alias":"EFZ","challenges":[],"id":8380,"idle":[],"msg":"OK","playing":[["Aquatic_mod","Aquatic",1,2,"91.214.211.2:10800"]],"status":"OK"}
'
[efz_netplay_mod][pid=9100] StateExport: network ping=0->1 delay=0->0 seq=12933
[efz_netplay_mod][pid=9100] StateExport: network ping=1->0 delay=0->0 seq=12945
[efz_netplay_mod][pid=9100] StateExport: network ping=0->2 delay=0->0 seq=12958
[efz_netplay_mod][pid=9100] StateExport: network ping=2->1 delay=0->0 seq=12971
[efz_netplay_mod][pid=9100] StateExport: network ping=1->2 delay=0->0 seq=12984
[efz_netplay_mod][pid=9100] StateExport: network ping=2->0 delay=0->0 seq=12996
[efz_netplay_mod][pid=9100] StateExport: network ping=0->1 delay=0->0 seq=13009
[efz_netplay_mod][pid=9100] StateExport: network ping=1->0 delay=0->0 seq=13022
[efz_netplay_mod][pid=9100] LobbySession::DoPollStatus: response='{"alias":"EFZ","challenges":[],"id":8380,"idle":[],"msg":"OK","playing":[["Aquatic_mod","Aquatic",1,2,"91.214.211.2:10800"]],"status":"OK"}
'
[efz_netplay_mod][pid=9100] StateExport: network ping=0->2 delay=0->0 seq=13035
[efz_netplay_mod][pid=9100] StateExport: network ping=2->1 delay=0->0 seq=13048
[efz_netplay_mod][pid=9100] StateExport: network ping=1->2 delay=0->0 seq=13060
[efz_netplay_mod][pid=9100] StateExport: network ping=2->0 delay=0->0 seq=13073
[efz_netplay_mod][pid=9100] StateExport: network ping=0->1 delay=0->0 seq=13099
[efz_netplay_mod][pid=9100] LobbySession::DoPollStatus: response='{"alias":"EFZ","challenges":[],"id":8380,"idle":[],"msg":"OK","playing":[["Aquatic_mod","Aquatic",1,2,"91.214.211.2:10800"]],"status":"OK"}
'
[efz_netplay_mod][pid=9100] StateExport: network ping=1->0 delay=0->0 seq=13145
[efz_netplay_mod][pid=9100] StateExport: network ping=0->1 delay=0->0 seq=13170
[efz_netplay_mod][pid=9100] StateExport: heartbeat seq=13200 activity=6 menu=0 screen=3 mode=1 phase=3 role=1 side=0 p1Wins=0 p2Wins=0 ping=1 delay=0 local='Aquatic' p1='Aquatic' p2='Aquatic_mod' revival='1.02h' caps=0x2EF sessionId=1 setId=0 endReason=0
[efz_netplay_mod][pid=9100] StateExport: network ping=1->0 delay=0->0 seq=13209
[efz_netplay_mod][pid=9100] LobbySession::DoPollStatus: response='{"alias":"EFZ","challenges":[],"id":8380,"idle":[],"msg":"OK","playing":[["Aquatic_mod","Aquatic",1,2,"91.214.211.2:10800"]],"status":"OK"}
'
[efz_netplay_mod][pid=9100] StateExport: network ping=0->1 delay=0->0 seq=13247
[efz_netplay_mod][pid=9100] StateExport: network ping=1->0 delay=0->0 seq=13285
[efz_netplay_mod][pid=9100] StateExport: network ping=0->1 delay=0->0 seq=13298
[efz_netplay_mod][pid=9100] StateExport: network ping=1->0 delay=0->0 seq=13311
[efz_netplay_mod][pid=9100] LobbySession::DoPollStatus: response='{"alias":"EFZ","challenges":[],"id":8380,"idle":[],"msg":"OK","playing":[["Aquatic_mod","Aquatic",1,2,"91.214.211.2:10800"]],"status":"OK"}
'
[efz_netplay_mod][pid=9100] StateExport: network ping=0->1 delay=0->0 seq=13349
[efz_netplay_mod][pid=9100] StateExport: network ping=1->0 delay=0->0 seq=13375
[efz_netplay_mod][pid=9100] LobbySession::DoPollStatus: response='{"alias":"EFZ","challenges":[],"id":8380,"idle":[],"msg":"OK","playing":[["Aquatic_mod","Aquatic",1,2,"91.214.211.2:10800"]],"status":"OK"}
'
[efz_netplay_mod][pid=9100] StateExport: network ping=0->1 delay=0->0 seq=13451
[efz_netplay_mod][pid=9100] StateExport: network ping=1->0 delay=0->0 seq=13464
[efz_netplay_mod][pid=9100] StateExport: network ping=0->1 delay=0->0 seq=13503
[efz_netplay_mod][pid=9100] StateExport: network ping=1->0 delay=0->0 seq=13515
[efz_netplay_mod][pid=9100] LobbySession::DoPollStatus: response='{"alias":"EFZ","challenges":[],"id":8380,"idle":[],"msg":"OK","playing":[["Aquatic_mod","Aquatic",1,2,"91.214.211.2:10800"]],"status":"OK"}
'
[efz_netplay_mod][pid=9100] StateExport: network ping=0->1 delay=0->0 seq=13554
[efz_netplay_mod][pid=9100] StateExport: network ping=1->0 delay=0->0 seq=13579
[efz_netplay_mod][pid=9100] StateExport: network ping=0->2 delay=0->0 seq=13592
[efz_netplay_mod][pid=9100] StateExport: network ping=2->0 delay=0->0 seq=13605
[efz_netplay_mod][pid=9100] StateExport: network ping=0->1 delay=0->0 seq=13643
[efz_netplay_mod][pid=9100] LobbySession::DoPollStatus: response='{"alias":"EFZ","challenges":[],"id":8380,"idle":[],"msg":"OK","playing":[["Aquatic_mod","Aquatic",1,2,"91.214.211.2:10800"]],"status":"OK"}
'
[efz_netplay_mod][pid=9100] StateExport: network ping=1->0 delay=0->0 seq=13669
[efz_netplay_mod][pid=9100] StateExport: network ping=0->1 delay=0->0 seq=13707
[efz_netplay_mod][pid=9100] StateExport: network ping=1->2 delay=0->0 seq=13745
[efz_netplay_mod][pid=9100] LobbySession::DoPollStatus: response='{"alias":"EFZ","challenges":[],"id":8380,"idle":[],"msg":"OK","playing":[["Aquatic_mod","Aquatic",1,2,"91.214.211.2:10800"]],"status":"OK"}
'
[efz_netplay_mod][pid=9100] StateExport: network ping=2->0 delay=0->0 seq=13758
[efz_netplay_mod][pid=9100] StateExport: network ping=0->1 delay=0->0 seq=13784
[efz_netplay_mod][pid=9100] StateExport: network ping=1->0 delay=0->0 seq=13796
[efz_netplay_mod][pid=9100] StateExport: heartbeat seq=13800 activity=6 menu=0 screen=3 mode=1 phase=3 role=1 side=0 p1Wins=0 p2Wins=0 ping=0 delay=0 local='Aquatic' p1='Aquatic' p2='Aquatic_mod' revival='1.02h' caps=0x2EF sessionId=1 setId=0 endReason=0
[efz_netplay_mod][pid=9100] StateExport: network ping=0->1 delay=0->0 seq=13835
[efz_netplay_mod][pid=9100] StateExport: network ping=1->0 delay=0->0 seq=13847
[efz_netplay_mod][pid=9100] LobbySession::DoPollStatus: response='{"alias":"EFZ","challenges":[],"id":8380,"idle":[],"msg":"OK","playing":[["Aquatic_mod","Aquatic",1,2,"91.214.211.2:10800"]],"status":"OK"}
'
[efz_netplay_mod][pid=9100] StateExport: network ping=0->1 delay=0->0 seq=13886
[efz_netplay_mod][pid=9100] StateExport: network ping=1->0 delay=0->0 seq=13899
[efz_netplay_mod][pid=9100] StateExport: network ping=0->1 delay=0->0 seq=13950
[efz_netplay_mod][pid=9100] LobbySession::DoPollStatus: response='{"alias":"EFZ","challenges":[],"id":8380,"idle":[],"msg":"OK","playing":[["Aquatic_mod","Aquatic",1,2,"91.214.211.2:10800"]],"status":"OK"}
'
[efz_netplay_mod][pid=9100] StateExport: network ping=1->0 delay=0->0 seq=13988
[efz_netplay_mod][pid=9100] StateExport: network ping=0->1 delay=0->0 seq=14026
[efz_netplay_mod][pid=9100] StateExport: network ping=1->0 delay=0->0 seq=14052
[efz_netplay_mod][pid=9100] LobbySession::DoPollStatus: response='{"alias":"EFZ","challenges":[],"id":8380,"idle":[],"msg":"OK","playing":[["Aquatic_mod","Aquatic",1,2,"91.214.211.2:10800"]],"status":"OK"}
'
[efz_netplay_mod][pid=9100] StateExport: network ping=0->1 delay=0->0 seq=14103
[efz_netplay_mod][pid=9100] StateExport: network ping=1->0 delay=0->0 seq=14129
[efz_netplay_mod][pid=9100] StateExport: network ping=0->1 delay=0->0 seq=14167
[efz_netplay_mod][pid=9100] LobbySession::DoPollStatus: response='{"alias":"EFZ","challenges":[],"id":8380,"idle":[],"msg":"OK","playing":[["Aquatic_mod","Aquatic",1,2,"91.214.211.2:10800"]],"status":"OK"}
'
[efz_netplay_mod][pid=9100] StateExport: network ping=1->0 delay=0->0 seq=14192
[efz_netplay_mod][pid=9100] StateExport: network ping=0->1 delay=0->0 seq=14269
[efz_netplay_mod][pid=9100] LobbySession::DoPollStatus: response='{"alias":"EFZ","challenges":[],"id":8380,"idle":[],"msg":"OK","playing":[["Aquatic_mod","Aquatic",1,2,"91.214.211.2:10800"]],"status":"OK"}
'
[efz_netplay_mod][pid=9100] StateExport: network ping=1->0 delay=0->0 seq=14282
[efz_netplay_mod][pid=9100] StateExport: network ping=0->1 delay=0->0 seq=14320
[efz_netplay_mod][pid=9100] StateExport: network ping=1->0 delay=0->0 seq=14333
[efz_netplay_mod][pid=9100] StateExport: network ping=0->1 delay=0->0 seq=14346
[efz_netplay_mod][pid=9100] StateExport: network ping=1->2 delay=0->0 seq=14359
[efz_netplay_mod][pid=9100] StateExport: network ping=2->3 delay=0->0 seq=14372
[efz_netplay_mod][pid=9100] LobbySession::DoPollStatus: response='{"alias":"EFZ","challenges":[],"id":8380,"idle":[],"msg":"OK","playing":[["Aquatic_mod","Aquatic",1,2,"91.214.211.2:10800"]],"status":"OK"}
'
[efz_netplay_mod][pid=9100] StateExport: network ping=3->0 delay=0->0 seq=14384
[efz_netplay_mod][pid=9100] StateExport: heartbeat seq=14400 activity=6 menu=0 screen=3 mode=1 phase=3 role=1 side=0 p1Wins=0 p2Wins=0 ping=0 delay=0 local='Aquatic' p1='Aquatic' p2='Aquatic_mod' revival='1.02h' caps=0x2EF sessionId=1 setId=0 endReason=0
[efz_netplay_mod][pid=9100] StateExport: network ping=0->1 delay=0->0 seq=14499
[efz_netplay_mod][pid=9100] StateExport: network ping=1->0 delay=0->0 seq=14512
[efz_netplay_mod][pid=9100] LobbySession::DoPollStatus: response='{"alias":"EFZ","challenges":[],"id":8380,"idle":[["Player",3]],"msg":"OK","playing":[["Aquatic_mod","Aquatic",1,2,"91.214.211.2:10800"]],"status":"OK"}
'
[efz_netplay_mod][pid=9100] StateExport: network ping=0->1 delay=0->0 seq=14538
[efz_netplay_mod][pid=9100] StateExport: network ping=1->0 delay=0->0 seq=14550
[efz_netplay_mod][pid=9100] StateExport: network ping=0->1 delay=0->0 seq=14589
[efz_netplay_mod][pid=9100] StateExport: network ping=1->0 delay=0->0 seq=14601
[efz_netplay_mod][pid=9100] LobbySession::DoPollStatus: response='{"alias":"EFZ","challenges":[],"id":8380,"idle":[["Player",3]],"msg":"OK","playing":[["Aquatic_mod","Aquatic",1,2,"91.214.211.2:10800"]],"status":"OK"}
'
[efz_netplay_mod][pid=9100] LobbySession::DoPollStatus: response='{"alias":"EFZ","challenges":[],"id":8380,"idle":[["Player",3]],"msg":"OK","playing":[["Aquatic_mod","Aquatic",1,2,"91.214.211.2:10800"]],"status":"OK"}
'
[efz_netplay_mod][pid=9100] LobbySession::DoPollStatus: response='{"alias":"EFZ","challenges":[],"id":8380,"idle":[["Player",3]],"msg":"OK","playing":[["Aquatic_mod","Aquatic",1,2,"91.214.211.2:10800"]],"status":"OK"}
'
[efz_netplay_mod][pid=9100] LobbySession::DoPollStatus: response='{"alias":"EFZ","challenges":[],"id":8380,"idle":[["Player",3]],"msg":"OK","playing":[["Aquatic_mod","Aquatic",1,2,"91.214.211.2:10800"]],"status":"OK"}
'
[efz_netplay_mod][pid=9100] StateExport: heartbeat seq=15000 activity=6 menu=0 screen=3 mode=1 phase=3 role=1 side=0 p1Wins=0 p2Wins=0 ping=0 delay=0 local='Aquatic' p1='Aquatic' p2='Aquatic_mod' revival='1.02h' caps=0x2EF sessionId=1 setId=0 endReason=0
[efz_netplay_mod][pid=9100] LobbySession::DoPollStatus: response='{"alias":"EFZ","challenges":[],"id":8380,"idle":[["Player",3]],"msg":"OK","playing":[["Aquatic_mod","Aquatic",1,2,"91.214.211.2:10800"]],"status":"OK"}
'
[efz_netplay_mod][pid=9100] LobbySession::DoPollStatus: response='{"alias":"EFZ","challenges":[],"id":8380,"idle":[["Player",3]],"msg":"OK","playing":[["Aquatic_mod","Aquatic",1,2,"91.214.211.2:10800"]],"status":"OK"}
'
[efz_netplay_mod][pid=9100] LobbySession::DoPollStatus: response='{"alias":"EFZ","challenges":[],"id":8380,"idle":[["Player",3]],"msg":"OK","playing":[["Aquatic_mod","Aquatic",1,2,"91.214.211.2:10800"]],"status":"OK"}
'
[efz_netplay_mod][pid=9100] LobbySession::DoPollStatus: response='{"alias":"EFZ","challenges":[],"id":8380,"idle":[["Player",3]],"msg":"OK","playing":[["Aquatic_mod","Aquatic",1,2,"91.214.211.2:10800"]],"status":"OK"}
'
[efz_netplay_mod][pid=9100] LobbySession::DoPollStatus: response='{"alias":"EFZ","challenges":[],"id":8380,"idle":[["Player",3]],"msg":"OK","playing":[["Aquatic_mod","Aquatic",1,2,"91.214.211.2:10800"]],"status":"OK"}
'
[efz_netplay_mod][pid=9100] LobbySession::DoPollStatus: response='{"alias":"EFZ","challenges":[],"id":8380,"idle":[["Player",3]],"msg":"OK","playing":[["Aquatic_mod","Aquatic",1,2,"91.214.211.2:10800"]],"status":"OK"}
'
[efz_netplay_mod][pid=9100] StateExport: heartbeat seq=15600 activity=6 menu=0 screen=3 mode=1 phase=3 role=1 side=0 p1Wins=0 p2Wins=0 ping=0 delay=0 local='Aquatic' p1='Aquatic' p2='Aquatic_mod' revival='1.02h' caps=0x2EF sessionId=1 setId=0 endReason=0
[efz_netplay_mod][pid=9100] LobbySession::DoPollStatus: response='{"alias":"EFZ","challenges":[],"id":8380,"idle":[["Player",3]],"msg":"OK","playing":[["Aquatic_mod","Aquatic",1,2,"91.214.211.2:10800"]],"status":"OK"}
'
[efz_netplay_mod][pid=9100] LobbySession::DoPollStatus: response='{"alias":"EFZ","challenges":[],"id":8380,"idle":[["Player",3]],"msg":"OK","playing":[["Aquatic_mod","Aquatic",1,2,"91.214.211.2:10800"]],"status":"OK"}
'
[efz_netplay_mod][pid=9100] LobbySession::DoPollStatus: response='{"alias":"EFZ","challenges":[],"id":8380,"idle":[["Player",3]],"msg":"OK","playing":[["Aquatic_mod","Aquatic",1,2,"91.214.211.2:10800"]],"status":"OK"}
'
[efz_netplay_mod][pid=9100] LobbySession::DoPollStatus: response='{"alias":"EFZ","challenges":[],"id":8380,"idle":[["Player",3]],"msg":"OK","playing":[["Aquatic_mod","Aquatic",1,2,"91.214.211.2:10800"]],"status":"OK"}
'
[efz_netplay_mod][pid=9100] LobbySession::DoPollStatus: response='{"alias":"EFZ","challenges":[],"id":8380,"idle":[["Player",3]],"msg":"OK","playing":[["Aquatic_mod","Aquatic",1,2,"91.214.211.2:10800"]],"status":"OK"}
'
[efz_netplay_mod][pid=9100] StateExport: heartbeat seq=16200 activity=6 menu=0 screen=3 mode=1 phase=3 role=1 side=0 p1Wins=0 p2Wins=0 ping=0 delay=0 local='Aquatic' p1='Aquatic' p2='Aquatic_mod' revival='1.02h' caps=0x2EF sessionId=1 setId=0 endReason=0
[efz_netplay_mod][pid=9100] LobbySession::DoPollStatus: response='{"alias":"EFZ","challenges":[],"id":8380,"idle":[["Player",3]],"msg":"OK","playing":[["Aquatic_mod","Aquatic",1,2,"91.214.211.2:10800"]],"status":"OK"}
'
[efz_netplay_mod][pid=9100] LobbySession::DoPollStatus: response='{"alias":"EFZ","challenges":[],"id":8380,"idle":[["Player",3]],"msg":"OK","playing":[["Aquatic_mod","Aquatic",1,2,"91.214.211.2:10800"]],"status":"OK"}
'
[efz_netplay_mod][pid=9100] LobbySession::DoPollStatus: response='{"alias":"EFZ","challenges":[],"id":8380,"idle":[["Player",3]],"msg":"OK","playing":[["Aquatic_mod","Aquatic",1,2,"91.214.211.2:10800"]],"status":"OK"}
'
[efz_netplay_mod][pid=9100] LobbySession::DoPollStatus: response='{"alias":"EFZ","challenges":[],"id":8380,"idle":[["Player",3]],"msg":"OK","playing":[["Aquatic_mod","Aquatic",1,2,"91.214.211.2:10800"]],"status":"OK"}
'
[efz_netplay_mod][pid=9100] LobbySession::DoPollStatus: response='{"alias":"EFZ","challenges":[],"id":8380,"idle":[["Player",3]],"msg":"OK","playing":[["Aquatic_mod","Aquatic",1,2,"91.214.211.2:10800"]],"status":"OK"}
'
[efz_netplay_mod][pid=9100] LobbySession::DoPollStatus: response='{"alias":"EFZ","challenges":[],"id":8380,"idle":[["Player",3]],"msg":"OK","playing":[["Aquatic_mod","Aquatic",1,2,"91.214.211.2:10800"]],"status":"OK"}
'
[efz_netplay_mod][pid=9100] StateExport: heartbeat seq=16800 activity=6 menu=0 screen=3 mode=1 phase=3 role=1 side=0 p1Wins=0 p2Wins=0 ping=0 delay=0 local='Aquatic' p1='Aquatic' p2='Aquatic_mod' revival='1.02h' caps=0x2EF sessionId=1 setId=0 endReason=0
[efz_netplay_mod][pid=9100] LobbySession::DoPollStatus: response='{"alias":"EFZ","challenges":[],"id":8380,"idle":[["Player",3]],"msg":"OK","playing":[["Aquatic_mod","Aquatic",1,2,"91.214.211.2:10800"]],"status":"OK"}
'
[efz_netplay_mod][pid=9100] LobbySession::DoPollStatus: response='{"alias":"EFZ","challenges":[],"id":8380,"idle":[["Player",3]],"msg":"OK","playing":[["Aquatic_mod","Aquatic",1,2,"91.214.211.2:10800"]],"status":"OK"}
'
[efz_netplay_mod][pid=9100] LobbySession::DoPollStatus: response='{"alias":"EFZ","challenges":[],"id":8380,"idle":[["Player",3]],"msg":"OK","playing":[["Aquatic_mod","Aquatic",1,2,"91.214.211.2:10800"]],"status":"OK"}
'
[efz_netplay_mod][pid=9100] LobbySession::DoPollStatus: response='{"alias":"EFZ","challenges":[],"id":8380,"idle":[["Player",3]],"msg":"OK","playing":[["Aquatic_mod","Aquatic",1,2,"91.214.211.2:10800"]],"status":"OK"}
'
[efz_netplay_mod][pid=9100] LobbySession::DoPollStatus: response='{"alias":"EFZ","challenges":[],"id":8380,"idle":[["Player",3]],"msg":"OK","playing":[["Aquatic_mod","Aquatic",1,2,"91.214.211.2:10800"]],"status":"OK"}
'
[efz_netplay_mod][pid=9100] LobbySession::DoPollStatus: response='{"alias":"EFZ","challenges":[],"id":8380,"idle":[["Player",3]],"msg":"OK","playing":[["Aquatic_mod","Aquatic",1,2,"91.214.211.2:10800"]],"status":"OK"}
'
[efz_netplay_mod][pid=9100] StateExport: heartbeat seq=17400 activity=6 menu=0 screen=3 mode=1 phase=3 role=1 side=0 p1Wins=0 p2Wins=0 ping=0 delay=0 local='Aquatic' p1='Aquatic' p2='Aquatic_mod' revival='1.02h' caps=0x2EF sessionId=1 setId=0 endReason=0
[efz_netplay_mod][pid=9100] LobbySession::DoPollStatus: response='{"alias":"EFZ","challenges":[],"id":8380,"idle":[["Player",3]],"msg":"OK","playing":[["Aquatic_mod","Aquatic",1,2,"91.214.211.2:10800"]],"status":"OK"}
'
[efz_netplay_mod][pid=9100] LobbySession::DoPollStatus: response='{"alias":"EFZ","challenges":[],"id":8380,"idle":[["Player",3]],"msg":"OK","playing":[["Aquatic_mod","Aquatic",1,2,"91.214.211.2:10800"]],"status":"OK"}
'
[efz_netplay_mod][pid=9100] LobbySession::DoPollStatus: response='{"alias":"EFZ","challenges":[],"id":8380,"idle":[["Player",3]],"msg":"OK","playing":[["Aquatic_mod","Aquatic",1,2,"91.214.211.2:10800"]],"status":"OK"}
'
[efz_netplay_mod][pid=9100] LobbySession::DoPollStatus: response='{"alias":"EFZ","challenges":[],"id":8380,"idle":[["Player",3]],"msg":"OK","playing":[["Aquatic_mod","Aquatic",1,2,"91.214.211.2:10800"]],"status":"OK"}
'
[efz_netplay_mod][pid=9100] LobbySession::DoPollStatus: response='{"alias":"EFZ","challenges":[],"id":8380,"idle":[["Player",3]],"msg":"OK","playing":[["Aquatic_mod","Aquatic",1,2,"91.214.211.2:10800"]],"status":"OK"}
'
[efz_netplay_mod][pid=9100] LobbySession::DoPollStatus: response='{"alias":"EFZ","challenges":[],"id":8380,"idle":[["Player",3]],"msg":"OK","playing":[["Aquatic_mod","Aquatic",1,2,"91.214.211.2:10800"]],"status":"OK"}
'
[efz_netplay_mod][pid=9100] StateExport: heartbeat seq=18000 activity=6 menu=0 screen=3 mode=1 phase=3 role=1 side=0 p1Wins=0 p2Wins=0 ping=0 delay=0 local='Aquatic' p1='Aquatic' p2='Aquatic_mod' revival='1.02h' caps=0x2EF sessionId=1 setId=0 endReason=0
[efz_netplay_mod][pid=9100] LobbySession::DoPollStatus: response='{"alias":"EFZ","challenges":[],"id":8380,"idle":[["Player",3]],"msg":"OK","playing":[["Aquatic_mod","Aquatic",1,2,"91.214.211.2:10800"]],"status":"OK"}
'
[efz_netplay_mod][pid=9100] LobbySession::DoPollStatus: response='{"alias":"EFZ","challenges":[],"id":8380,"idle":[["Player",3]],"msg":"OK","playing":[["Aquatic_mod","Aquatic",1,2,"91.214.211.2:10800"]],"status":"OK"}
'
[efz_netplay_mod][pid=9100] LobbySession::DoPollStatus: response='{"alias":"EFZ","challenges":[],"id":8380,"idle":[["Player",3]],"msg":"OK","playing":[["Aquatic_mod","Aquatic",1,2,"91.214.211.2:10800"]],"status":"OK"}
'
[efz_netplay_mod][pid=9100] LobbySession::DoPollStatus: response='{"alias":"EFZ","challenges":[],"id":8380,"idle":[["Player",3]],"msg":"OK","playing":[["Aquatic_mod","Aquatic",1,2,"91.214.211.2:10800"]],"status":"OK"}
'
[efz_netplay_mod][pid=9100] LobbySession::DoPollStatus: response='{"alias":"EFZ","challenges":[],"id":8380,"idle":[["Player",3]],"msg":"OK","playing":[["Aquatic_mod","Aquatic",1,2,"91.214.211.2:10800"]],"status":"OK"}
'
[efz_netplay_mod][pid=9100] StateExport: heartbeat seq=18600 activity=6 menu=0 screen=3 mode=1 phase=3 role=1 side=0 p1Wins=0 p2Wins=0 ping=0 delay=0 local='Aquatic' p1='Aquatic' p2='Aquatic_mod' revival='1.02h' caps=0x2EF sessionId=1 setId=0 endReason=0
[efz_netplay_mod][pid=9100] LobbySession::DoPollStatus: response='{"alias":"EFZ","challenges":[],"id":8380,"idle":[["Player",3]],"msg":"OK","playing":[["Aquatic_mod","Aquatic",1,2,"91.214.211.2:10800"]],"status":"OK"}
'
[efz_netplay_mod][pid=9100] LobbySession::DoPollStatus: response='{"alias":"EFZ","challenges":[],"id":8380,"idle":[["Player",3]],"msg":"OK","playing":[["Aquatic_mod","Aquatic",1,2,"91.214.211.2:10800"]],"status":"OK"}
'
[efz_netplay_mod][pid=9100] LobbySession::DoPollStatus: response='{"alias":"EFZ","challenges":[],"id":8380,"idle":[["Player",3]],"msg":"OK","playing":[["Aquatic_mod","Aquatic",1,2,"91.214.211.2:10800"]],"status":"OK"}
'
[efz_netplay_mod][pid=9100] LobbySession::DoPollStatus: response='{"alias":"EFZ","challenges":[],"id":8380,"idle":[["Player",3]],"msg":"OK","playing":[["Aquatic_mod","Aquatic",1,2,"91.214.211.2:10800"]],"status":"OK"}
'
[efz_netplay_mod][pid=9100] LobbySession::DoPollStatus: response='{"alias":"EFZ","challenges":[],"id":8380,"idle":[["Player",3]],"msg":"OK","playing":[["Aquatic_mod","Aquatic",1,2,"91.214.211.2:10800"]],"status":"OK"}
'
[efz_netplay_mod][pid=9100] LobbySession::DoPollStatus: response='{"alias":"EFZ","challenges":[],"id":8380,"idle":[["Player",3]],"msg":"OK","playing":[["Aquatic_mod","Aquatic",1,2,"91.214.211.2:10800"]],"status":"OK"}
'
[efz_netplay_mod][pid=9100] StateExport: heartbeat seq=19200 activity=6 menu=0 screen=3 mode=1 phase=3 role=1 side=0 p1Wins=0 p2Wins=0 ping=0 delay=0 local='Aquatic' p1='Aquatic' p2='Aquatic_mod' revival='1.02h' caps=0x2EF sessionId=1 setId=0 endReason=0
[efz_netplay_mod][pid=9100] LobbySession::DoPollStatus: response='{"alias":"EFZ","challenges":[],"id":8380,"idle":[["Player",3]],"msg":"OK","playing":[["Aquatic_mod","Aquatic",1,2,"91.214.211.2:10800"]],"status":"OK"}
'
[efz_netplay_mod][pid=9100] LobbySession::DoPollStatus: response='{"alias":"EFZ","challenges":[],"id":8380,"idle":[["Player",3]],"msg":"OK","playing":[["Aquatic_mod","Aquatic",1,2,"91.214.211.2:10800"]],"status":"OK"}
'
[efz_netplay_mod][pid=9100] LobbySession::DoPollStatus: response='{"alias":"EFZ","challenges":[],"id":8380,"idle":[["Player",3]],"msg":"OK","playing":[["Aquatic_mod","Aquatic",1,2,"91.214.211.2:10800"]],"status":"OK"}
'
[efz_netplay_mod][pid=9100] LobbySession::DoPollStatus: response='{"alias":"EFZ","challenges":[],"id":8380,"idle":[["Player",3]],"msg":"OK","playing":[["Aquatic_mod","Aquatic",1,2,"91.214.211.2:10800"]],"status":"OK"}
'
[efz_netplay_mod][pid=9100] LobbySession::DoPollStatus: response='{"alias":"EFZ","challenges":[],"id":8380,"idle":[["Player",3]],"msg":"OK","playing":[["Aquatic_mod","Aquatic",1,2,"91.214.211.2:10800"]],"status":"OK"}
'
[efz_netplay_mod][pid=9100] LobbySession::DoPollStatus: response='{"alias":"EFZ","challenges":[],"id":8380,"idle":[["Player",3]],"msg":"OK","playing":[["Aquatic_mod","Aquatic",1,2,"91.214.211.2:10800"]],"status":"OK"}
'
[efz_netplay_mod][pid=9100] StateExport: heartbeat seq=19800 activity=6 menu=0 screen=3 mode=1 phase=3 role=1 side=0 p1Wins=0 p2Wins=0 ping=0 delay=0 local='Aquatic' p1='Aquatic' p2='Aquatic_mod' revival='1.02h' caps=0x2EF sessionId=1 setId=0 endReason=0
[efz_netplay_mod][pid=9100] LobbySession::DoPollStatus: response='{"alias":"EFZ","challenges":[],"id":8380,"idle":[["Player",3]],"msg":"OK","playing":[["Aquatic_mod","Aquatic",1,2,"91.214.211.2:10800"]],"status":"OK"}
'
[efz_netplay_mod][pid=9100] LobbySession::DoPollStatus: response='{"alias":"EFZ","challenges":[],"id":8380,"idle":[["Player",3]],"msg":"OK","playing":[["Aquatic_mod","Aquatic",1,2,"91.214.211.2:10800"]],"status":"OK"}
'
[efz_netplay_mod][pid=9100] LobbySession::DoPollStatus: response='{"alias":"EFZ","challenges":[],"id":8380,"idle":[["Player",3]],"msg":"OK","playing":[["Aquatic_mod","Aquatic",1,2,"91.214.211.2:10800"]],"status":"OK"}
'
[efz_netplay_mod][pid=9100] LobbySession::DoPollStatus: response='{"alias":"EFZ","challenges":[],"id":8380,"idle":[["Player",3]],"msg":"OK","playing":[["Aquatic_mod","Aquatic",1,2,"91.214.211.2:10800"]],"status":"OK"}
'
[efz_netplay_mod][pid=9100] LobbySession::DoPollStatus: response='{"alias":"EFZ","challenges":[],"id":8380,"idle":[["Player",3]],"msg":"OK","playing":[["Aquatic_mod","Aquatic",1,2,"91.214.211.2:10800"]],"status":"OK"}
'
[efz_netplay_mod][pid=9100] LobbySession::DoPollStatus: response='{"alias":"EFZ","challenges":[],"id":8380,"idle":[["Player",3]],"msg":"OK","playing":[["Aquatic_mod","Aquatic",1,2,"91.214.211.2:10800"]],"status":"OK"}
'
[efz_netplay_mod][pid=9100] StateExport: heartbeat seq=20400 activity=6 menu=0 screen=3 mode=1 phase=3 role=1 side=0 p1Wins=0 p2Wins=0 ping=0 delay=0 local='Aquatic' p1='Aquatic' p2='Aquatic_mod' revival='1.02h' caps=0x2EF sessionId=1 setId=0 endReason=0
[efz_netplay_mod][pid=9100] LobbySession::DoPollStatus: response='{"alias":"EFZ","challenges":[],"id":8380,"idle":[["Player",3]],"msg":"OK","playing":[["Aquatic_mod","Aquatic",1,2,"91.214.211.2:10800"]],"status":"OK"}
'
[efz_netplay_mod][pid=9100] LobbySession::DoPollStatus: response='{"alias":"EFZ","challenges":[],"id":8380,"idle":[["Player",3]],"msg":"OK","playing":[["Aquatic_mod","Aquatic",1,2,"91.214.211.2:10800"]],"status":"OK"}
'
[efz_netplay_mod][pid=9100] LobbySession::DoPollStatus: response='{"alias":"EFZ","challenges":[],"id":8380,"idle":[["Player",3]],"msg":"OK","playing":[["Aquatic_mod","Aquatic",1,2,"91.214.211.2:10800"]],"status":"OK"}
'
[efz_netplay_mod][pid=9100] LobbySession::DoPollStatus: response='{"alias":"EFZ","challenges":[],"id":8380,"idle":[["Player",3]],"msg":"OK","playing":[["Aquatic_mod","Aquatic",1,2,"91.214.211.2:10800"]],"status":"OK"}
'
[efz_netplay_mod][pid=9100] LobbySession::DoPollStatus: response='{"alias":"EFZ","challenges":[],"id":8380,"idle":[["Player",3]],"msg":"OK","playing":[["Aquatic_mod","Aquatic",1,2,"91.214.211.2:10800"]],"status":"OK"}
'
[efz_netplay_mod][pid=9100] StateExport: heartbeat seq=21000 activity=6 menu=0 screen=3 mode=1 phase=3 role=1 side=0 p1Wins=0 p2Wins=0 ping=0 delay=0 local='Aquatic' p1='Aquatic' p2='Aquatic_mod' revival='1.02h' caps=0x2EF sessionId=1 setId=0 endReason=0
[efz_netplay_mod][pid=9100] LobbySession::DoPollStatus: response='{"alias":"EFZ","challenges":[],"id":8380,"idle":[["Player",3]],"msg":"OK","playing":[["Aquatic_mod","Aquatic",1,2,"91.214.211.2:10800"]],"status":"OK"}
'
[efz_netplay_mod][pid=9100] LobbySession::DoPollStatus: response='{"alias":"EFZ","challenges":[],"id":8380,"idle":[["Player",3]],"msg":"OK","playing":[["Aquatic_mod","Aquatic",1,2,"91.214.211.2:10800"]],"status":"OK"}
'
[efz_netplay_mod][pid=9100] LobbySession::DoPollStatus: response='{"alias":"EFZ","challenges":[],"id":8380,"idle":[["Player",3]],"msg":"OK","playing":[["Aquatic_mod","Aquatic",1,2,"91.214.211.2:10800"]],"status":"OK"}
'
[efz_netplay_mod][pid=9100] LobbySession::DoPollStatus: response='{"alias":"EFZ","challenges":[],"id":8380,"idle":[["Player",3]],"msg":"OK","playing":[["Aquatic_mod","Aquatic",1,2,"91.214.211.2:10800"]],"status":"OK"}
'
[efz_netplay_mod][pid=9100] LobbySession::DoPollStatus: response='{"alias":"EFZ","challenges":[],"id":8380,"idle":[["Player",3]],"msg":"OK","playing":[["Aquatic_mod","Aquatic",1,2,"91.214.211.2:10800"]],"status":"OK"}
'
[efz_netplay_mod][pid=9100] LobbySession::DoPollStatus: response='{"alias":"EFZ","challenges":[],"id":8380,"idle":[["Player",3]],"msg":"OK","playing":[["Aquatic_mod","Aquatic",1,2,"91.214.211.2:10800"]],"status":"OK"}
'
[efz_netplay_mod][pid=9100] StateExport: heartbeat seq=21600 activity=6 menu=0 screen=3 mode=1 phase=3 role=1 side=0 p1Wins=0 p2Wins=0 ping=0 delay=0 local='Aquatic' p1='Aquatic' p2='Aquatic_mod' revival='1.02h' caps=0x2EF sessionId=1 setId=0 endReason=0
[efz_netplay_mod][pid=9100] LobbySession::DoPollStatus: response='{"alias":"EFZ","challenges":[],"id":8380,"idle":[["Player",3]],"msg":"OK","playing":[["Aquatic_mod","Aquatic",1,2,"91.214.211.2:10800"]],"status":"OK"}
'
[efz_netplay_mod][pid=9100] LobbySession::DoPollStatus: response='{"alias":"EFZ","challenges":[],"id":8380,"idle":[["Player",3]],"msg":"OK","playing":[["Aquatic_mod","Aquatic",1,2,"91.214.211.2:10800"]],"status":"OK"}
'
[efz_netplay_mod][pid=9100] LobbySession::DoPollStatus: response='{"alias":"EFZ","challenges":[],"id":8380,"idle":[["Player",3]],"msg":"OK","playing":[["Aquatic_mod","Aquatic",1,2,"91.214.211.2:10800"]],"status":"OK"}
'
[efz_netplay_mod][pid=9100] LobbySession::DoPollStatus: response='{"alias":"EFZ","challenges":[],"id":8380,"idle":[["Player",3]],"msg":"OK","playing":[["Aquatic_mod","Aquatic",1,2,"91.214.211.2:10800"]],"status":"OK"}
'
[efz_netplay_mod][pid=9100] LobbySession::DoPollStatus: response='{"alias":"EFZ","challenges":[],"id":8380,"idle":[["Player",3]],"msg":"OK","playing":[["Aquatic_mod","Aquatic",1,2,"91.214.211.2:10800"]],"status":"OK"}
'
[efz_netplay_mod][pid=9100] LobbySession::DoPollStatus: response='{"alias":"EFZ","challenges":[],"id":8380,"idle":[["Player",3]],"msg":"OK","playing":[["Aquatic_mod","Aquatic",1,2,"91.214.211.2:10800"]],"status":"OK"}
'
[efz_netplay_mod][pid=9100] StateExport: heartbeat seq=22200 activity=6 menu=0 screen=3 mode=1 phase=3 role=1 side=0 p1Wins=0 p2Wins=0 ping=0 delay=0 local='Aquatic' p1='Aquatic' p2='Aquatic_mod' revival='1.02h' caps=0x2EF sessionId=1 setId=0 endReason=0
[efz_netplay_mod][pid=9100] LobbySession::DoPollStatus: response='{"alias":"EFZ","challenges":[],"id":8380,"idle":[["Player",3]],"msg":"OK","playing":[["Aquatic_mod","Aquatic",1,2,"91.214.211.2:10800"]],"status":"OK"}
'
[efz_netplay_mod][pid=9100] LobbySession::DoPollStatus: response='{"alias":"EFZ","challenges":[],"id":8380,"idle":[["Player",3]],"msg":"OK","playing":[["Aquatic_mod","Aquatic",1,2,"91.214.211.2:10800"]],"status":"OK"}
'
[efz_netplay_mod][pid=9100] LobbySession::DoPollStatus: response='{"alias":"EFZ","challenges":[],"id":8380,"idle":[["Player",3]],"msg":"OK","playing":[["Aquatic_mod","Aquatic",1,2,"91.214.211.2:10800"]],"status":"OK"}
'
[efz_netplay_mod][pid=9100] LobbySession::DoPollStatus: response='{"alias":"EFZ","challenges":[],"id":8380,"idle":[["Player",3]],"msg":"OK","playing":[["Aquatic_mod","Aquatic",1,2,"91.214.211.2:10800"]],"status":"OK"}
'
[efz_netplay_mod][pid=9100] LobbySession::DoPollStatus: response='{"alias":"EFZ","challenges":[],"id":8380,"idle":[["Player",3]],"msg":"OK","playing":[["Aquatic_mod","Aquatic",1,2,"91.214.211.2:10800"]],"status":"OK"}
'
[efz_netplay_mod][pid=9100] LobbySession::DoPollStatus: response='{"alias":"EFZ","challenges":[],"id":8380,"idle":[["Player",3]],"msg":"OK","playing":[["Aquatic_mod","Aquatic",1,2,"91.214.211.2:10800"]],"status":"OK"}
'
[efz_netplay_mod][pid=9100] StateExport: heartbeat seq=22800 activity=6 menu=0 screen=3 mode=1 phase=3 role=1 side=0 p1Wins=0 p2Wins=0 ping=0 delay=0 local='Aquatic' p1='Aquatic' p2='Aquatic_mod' revival='1.02h' caps=0x2EF sessionId=1 setId=0 endReason=0
[efz_netplay_mod][pid=9100] LobbySession::DoPollStatus: response='{"alias":"EFZ","challenges":[],"id":8380,"idle":[["Player",3]],"msg":"OK","playing":[["Aquatic_mod","Aquatic",1,2,"91.214.211.2:10800"]],"status":"OK"}
'
[efz_netplay_mod][pid=9100] LobbySession::DoPollStatus: response='{"alias":"EFZ","challenges":[],"id":8380,"idle":[["Player",3]],"msg":"OK","playing":[["Aquatic_mod","Aquatic",1,2,"91.214.211.2:10800"]],"status":"OK"}
'
[efz_netplay_mod][pid=9100] LobbySession::DoPollStatus: response='{"alias":"EFZ","challenges":[],"id":8380,"idle":[["Player",3]],"msg":"OK","playing":[["Aquatic_mod","Aquatic",1,2,"91.214.211.2:10800"]],"status":"OK"}
'
[efz_netplay_mod][pid=9100] LobbySession::DoPollStatus: response='{"alias":"EFZ","challenges":[],"id":8380,"idle":[["Player",3]],"msg":"OK","playing":[["Aquatic_mod","Aquatic",1,2,"91.214.211.2:10800"]],"status":"OK"}
'
[efz_netplay_mod][pid=9100] LobbySession::DoPollStatus: response='{"alias":"EFZ","challenges":[],"id":8380,"idle":[["Player",3]],"msg":"OK","playing":[["Aquatic_mod","Aquatic",1,2,"91.214.211.2:10800"]],"status":"OK"}
'
[efz_netplay_mod][pid=9100] StateExport: heartbeat seq=23400 activity=6 menu=0 screen=3 mode=1 phase=3 role=1 side=0 p1Wins=0 p2Wins=0 ping=0 delay=0 local='Aquatic' p1='Aquatic' p2='Aquatic_mod' revival='1.02h' caps=0x2EF sessionId=1 setId=0 endReason=0
[efz_netplay_mod][pid=9100] LobbySession::DoPollStatus: response='{"alias":"EFZ","challenges":[],"id":8380,"idle":[["Player",3]],"msg":"OK","playing":[["Aquatic_mod","Aquatic",1,2,"91.214.211.2:10800"]],"status":"OK"}
'
[efz_netplay_mod][pid=9100] LobbySession::DoPollStatus: response='{"alias":"EFZ","challenges":[],"id":8380,"idle":[["Player",3]],"msg":"OK","playing":[["Aquatic_mod","Aquatic",1,2,"91.214.211.2:10800"]],"status":"OK"}
'
[efz_netplay_mod][pid=9100] LobbySession::DoPollStatus: response='{"alias":"EFZ","challenges":[],"id":8380,"idle":[["Player",3]],"msg":"OK","playing":[["Aquatic_mod","Aquatic",1,2,"91.214.211.2:10800"]],"status":"OK"}
'
[efz_netplay_mod][pid=9100] LobbySession::DoPollStatus: response='{"alias":"EFZ","challenges":[],"id":8380,"idle":[["Player",3]],"msg":"OK","playing":[["Aquatic_mod","Aquatic",1,2,"91.214.211.2:10800"]],"status":"OK"}
'
[efz_netplay_mod][pid=9100] LobbySession::DoPollStatus: response='{"alias":"EFZ","challenges":[],"id":8380,"idle":[["Player",3]],"msg":"OK","playing":[["Aquatic_mod","Aquatic",1,2,"91.214.211.2:10800"]],"status":"OK"}
'
[efz_netplay_mod][pid=9100] LobbySession::DoPollStatus: response='{"alias":"EFZ","challenges":[],"id":8380,"idle":[["Player",3]],"msg":"OK","playing":[["Aquatic_mod","Aquatic",1,2,"91.214.211.2:10800"]],"status":"OK"}
'
[efz_netplay_mod][pid=9100] StateExport: heartbeat seq=24000 activity=6 menu=0 screen=3 mode=1 phase=3 role=1 side=0 p1Wins=0 p2Wins=0 ping=0 delay=0 local='Aquatic' p1='Aquatic' p2='Aquatic_mod' revival='1.02h' caps=0x2EF sessionId=1 setId=0 endReason=0
[efz_netplay_mod][pid=9100] LobbySession::DoPollStatus: response='{"alias":"EFZ","challenges":[],"id":8380,"idle":[["Player",3]],"msg":"OK","playing":[["Aquatic_mod","Aquatic",1,2,"91.214.211.2:10800"]],"status":"OK"}
'
[efz_netplay_mod][pid=9100] LobbySession::DoPollStatus: response='{"alias":"EFZ","challenges":[],"id":8380,"idle":[["Player",3]],"msg":"OK","playing":[["Aquatic_mod","Aquatic",1,2,"91.214.211.2:10800"]],"status":"OK"}
'
[efz_netplay_mod][pid=9100] LobbySession::DoPollStatus: response='{"alias":"EFZ","challenges":[],"id":8380,"idle":[["Player",3]],"msg":"OK","playing":[["Aquatic_mod","Aquatic",1,2,"91.214.211.2:10800"]],"status":"OK"}
'
[efz_netplay_mod][pid=9100] LobbySession::DoPollStatus: response='{"alias":"EFZ","challenges":[],"id":8380,"idle":[["Player",3]],"msg":"OK","playing":[["Aquatic_mod","Aquatic",1,2,"91.214.211.2:10800"]],"status":"OK"}
'
[efz_netplay_mod][pid=9100] LobbySession::DoPollStatus: response='{"alias":"EFZ","challenges":[],"id":8380,"idle":[],"msg":"OK","playing":[["Aquatic_mod","Aquatic",1,2,"91.214.211.2:10800"]],"status":"OK"}
'
[efz_netplay_mod][pid=9100] LobbySession::DoPollStatus: response='{"alias":"EFZ","challenges":[],"id":8380,"idle":[],"msg":"OK","playing":[["Aquatic_mod","Aquatic",1,2,"91.214.211.2:10800"]],"status":"OK"}
'
[efz_netplay_mod][pid=9100] StateExport: heartbeat seq=24600 activity=6 menu=0 screen=3 mode=1 phase=3 role=1 side=0 p1Wins=0 p2Wins=0 ping=0 delay=0 local='Aquatic' p1='Aquatic' p2='Aquatic_mod' revival='1.02h' caps=0x2EF sessionId=1 setId=0 endReason=0
[efz_netplay_mod][pid=9100] LobbySession::DoPollStatus: response='{"alias":"EFZ","challenges":[],"id":8380,"idle":[],"msg":"OK","playing":[["Aquatic_mod","Aquatic",1,2,"91.214.211.2:10800"]],"status":"OK"}
'
[efz_netplay_mod][pid=9100] LobbySession::DoPollStatus: response='{"alias":"EFZ","challenges":[],"id":8380,"idle":[],"msg":"OK","playing":[["Aquatic_mod","Aquatic",1,2,"91.214.211.2:10800"]],"status":"OK"}
'
[efz_netplay_mod][pid=9100] LobbySession::DoPollStatus: response='{"alias":"EFZ","challenges":[],"id":8380,"idle":[],"msg":"OK","playing":[["Aquatic_mod","Aquatic",1,2,"91.214.211.2:10800"]],"status":"OK"}
'
[efz_netplay_mod][pid=9100] LobbySession::DoPollStatus: response='{"alias":"EFZ","challenges":[],"id":8380,"idle":[],"msg":"OK","playing":[["Aquatic_mod","Aquatic",1,2,"91.214.211.2:10800"]],"status":"OK"}
'
[efz_netplay_mod][pid=9100] LobbySession::DoPollStatus: response='{"alias":"EFZ","challenges":[],"id":8380,"idle":[],"msg":"OK","playing":[["Aquatic_mod","Aquatic",1,2,"91.214.211.2:10800"]],"status":"OK"}
'
[efz_netplay_mod][pid=9100] LobbySession::DoPollStatus: response='{"alias":"EFZ","challenges":[],"id":8380,"idle":[],"msg":"OK","playing":[["Aquatic_mod","Aquatic",1,2,"91.214.211.2:10800"]],"status":"OK"}
'
[efz_netplay_mod][pid=9100] StateExport: heartbeat seq=25200 activity=6 menu=0 screen=3 mode=1 phase=3 role=1 side=0 p1Wins=0 p2Wins=0 ping=0 delay=0 local='Aquatic' p1='Aquatic' p2='Aquatic_mod' revival='1.02h' caps=0x2EF sessionId=1 setId=0 endReason=0
[efz_netplay_mod][pid=9100] LobbySession::DoPollStatus: response='{"alias":"EFZ","challenges":[],"id":8380,"idle":[],"msg":"OK","playing":[["Aquatic_mod","Aquatic",1,2,"91.214.211.2:10800"]],"status":"OK"}
'
[efz_netplay_mod][pid=9100] LobbySession::DoPollStatus: response='{"alias":"EFZ","challenges":[],"id":8380,"idle":[],"msg":"OK","playing":[["Aquatic_mod","Aquatic",1,2,"91.214.211.2:10800"]],"status":"OK"}
'
[efz_netplay_mod][pid=9100] LobbySession::DoPollStatus: response='{"alias":"EFZ","challenges":[],"id":8380,"idle":[],"msg":"OK","playing":[["Aquatic_mod","Aquatic",1,2,"91.214.211.2:10800"]],"status":"OK"}
'
[efz_netplay_mod][pid=9100] LobbySession::DoPollStatus: response='{"alias":"EFZ","challenges":[],"id":8380,"idle":[],"msg":"OK","playing":[["Aquatic_mod","Aquatic",1,2,"91.214.211.2:10800"]],"status":"OK"}
'
[efz_netplay_mod][pid=9100] LobbySession::DoPollStatus: response='{"alias":"EFZ","challenges":[],"id":8380,"idle":[],"msg":"OK","playing":[["Aquatic_mod","Aquatic",1,2,"91.214.211.2:10800"]],"status":"OK"}
'
[efz_netplay_mod][pid=9100] StateExport: heartbeat seq=25800 activity=6 menu=0 screen=3 mode=1 phase=3 role=1 side=0 p1Wins=0 p2Wins=0 ping=0 delay=0 local='Aquatic' p1='Aquatic' p2='Aquatic_mod' revival='1.02h' caps=0x2EF sessionId=1 setId=0 endReason=0
[efz_netplay_mod][pid=9100] LobbySession::DoPollStatus: response='{"alias":"EFZ","challenges":[],"id":8380,"idle":[],"msg":"OK","playing":[["Aquatic_mod","Aquatic",1,2,"91.214.211.2:10800"]],"status":"OK"}
'
[efz_netplay_mod][pid=9100] LobbySession::DoPollStatus: response='{"alias":"EFZ","challenges":[],"id":8380,"idle":[],"msg":"OK","playing":[["Aquatic_mod","Aquatic",1,2,"91.214.211.2:10800"]],"status":"OK"}
'
[efz_netplay_mod][pid=9100] LobbySession::DoPollStatus: response='{"alias":"EFZ","challenges":[],"id":8380,"idle":[],"msg":"OK","playing":[["Aquatic_mod","Aquatic",1,2,"91.214.211.2:10800"]],"status":"OK"}
'
[efz_netplay_mod][pid=9100] LobbySession::DoPollStatus: response='{"alias":"EFZ","challenges":[],"id":8380,"idle":[],"msg":"OK","playing":[["Aquatic_mod","Aquatic",1,2,"91.214.211.2:10800"]],"status":"OK"}
'
[efz_netplay_mod][pid=9100] Takeover: closing child job object handle=00000D38
[efz_netplay_mod][pid=9100] CrashHandler: uninstalled
[efz_netplay_mod] logger shutting down
[efz_netplay_mod] logger initialized
[efz_netplay_mod][pid=8796] CrashHandler: installed (mode=host dir='D:\EFZ + Revival 1.02h\mods\efz_netplay_mod' vectored=04B80C20)
[efz_netplay_mod][pid=8796] Module attached at 71630000
[efz_netplay_mod][pid=8796] DetectRevivalVersion: matched timestamp 0x62929371 → 1.02h
[efz_netplay_mod][pid=8796] Takeover: host revival base=0x6C820000
[efz_netplay_mod][pid=8796] Takeover: patched EfzRevival.dll null-guard at +0x21E0
[efz_netplay_mod][pid=8796] Takeover: local init(2,102) result=43449080
[efz_netplay_mod][pid=8796] PatchRevivalDllExitProcess: patched IAT entry orig=0x76BC6A20 stub=0x7164FA00
[efz_netplay_mod][pid=8796] InstallNetplayFrameHook: installed at DLL RVA 0x6EE10, trampoline at 7173BCF4
[efz_netplay_mod][pid=8796] InstallNetplayFrameHook: fixed up trampoline E8/E9 at +1: origDisp=0xFFFFF29A newDisp=0xFB152352 absTarget=6C88E090
[efz_netplay_mod][pid=8796] InstallNetplayFrameHook: per-frame tick hook installed at DLL RVA 0x6EDF0, trampoline at 7173BD38
[efz_netplay_mod][pid=8796] Takeover: host initialized
[efz_netplay_mod][pid=8796] SessionBridge: initialized (role=host, reason=startup)
[efz_netplay_mod][pid=8796] StateExport: initialized (shm=ok, view=08D10000)
[efz_netplay_mod][pid=8796] InstallHooks: module directory 'D:\EFZ + Revival 1.02h\mods\efz_netplay_mod'
[efz_netplay_mod][pid=8796] ResolveNetplayBackgroundPath: searching for netplay_bg.dat
[efz_netplay_mod][pid=8796] ResolveNetplayBackgroundPath: [DLL dir] probing 'D:\EFZ + Revival 1.02h\mods\efz_netplay_mod\assets\netplay_bg.dat'
[efz_netplay_mod][pid=8796] ResolveNetplayBackgroundPath: using 'D:\EFZ + Revival 1.02h\mods\efz_netplay_mod\assets\netplay_bg.dat'
[efz_netplay_mod][pid=8796] InstallHooks: netplay assets verified at 'D:\EFZ + Revival 1.02h\mods\efz_netplay_mod\assets\netplay_bg.dat'
[efz_netplay_mod][pid=8796] ValidateMenuSpecs: row-slot map valid
[efz_netplay_mod][pid=8796] Patched 'wrap compare 6->7' at 0x0077612E
[efz_netplay_mod][pid=8796] Patched 'wrap clamp 6->7' at 0x0077614B
[efz_netplay_mod][pid=8796] Patched 'switch compare 6->7' at 0x007761D5
[efz_netplay_mod][pid=8796] Patched 'panel dest height 98->112' at 0x00776578
[efz_netplay_mod][pid=8796] Patched 'panel src height 98->112' at 0x007765A3
[efz_netplay_mod][pid=8796] Patched 'panel dest top 130->123' at 0x007765A7
[efz_netplay_mod][pid=8796] Patched 'highlight src base 98->112' at 0x0077664A
[efz_netplay_mod][pid=8796] Patched 'highlight screen base 130->123' at 0x00776696
[efz_netplay_mod][pid=8796] Patched 'switch dispatch table -> custom' at 0x007761E5
[efz_netplay_mod][pid=8796] Patched 'title vtable render -> hook' at 0x00789980
[efz_netplay_mod][pid=8796] Patched 'title vtable update -> hook' at 0x00789984
[efz_netplay_mod][pid=8796] InstallHooks: success (title update=0x00775FB0 netplayAssets=1)
[efz_netplay_mod][pid=8796] InstallHooks succeeded
[efz_netplay_mod][pid=8796] SCREEN_MONITOR: index 255 -> 0 tick=1 mode=0/2 screenObj=0x11DF6888 charselect(init=1 exit=0 obj=0x11DF6CE0)
[efz_netplay_mod][pid=8796] TICK_HOOK: *** ECX MISMATCH *** frameTick=1 exeECX=0x11DF6888 dllSession=0x04BBCB80 — overriding ECX with current session
[efz_netplay_mod][pid=8796] TICK_HOOK: current session vtable=0x6C8B0544 (RVA=0x90544)
[efz_netplay_mod][pid=8796] DIAG[tick_ecx_mismatch]: dllExitPatchesSaved=0 tournamentPatchesSaved=0 renderContextSaved=0 savedRenderCtx=0x00000000
[efz_netplay_mod][pid=8796] DIAG[tick_ecx_mismatch]: dllBase=0x6C820000 roleFlag=2 sessionPtr=0x04BBCB80 renderCtx=0x725C6BC8 globalState=0x02970048
[efz_netplay_mod][pid=8796] DIAG[tick_ecx_mismatch]: session vtable=0x6C8B0544 initComplete=79499048 activePlayer=0
[efz_netplay_mod][pid=8796] DIAG[tick_ecx_mismatch]: exitPatch[0] RVA=0x79BFD byte=0x74 expected=0x74
[efz_netplay_mod][pid=8796] DIAG[tick_ecx_mismatch]: exitPatch[1] RVA=0x72CAF byte=0x74 expected=0x74
[efz_netplay_mod][pid=8796] DIAG[tick_ecx_mismatch]: nearJccPatch[0] RVA=0x72B25 bytes=0F 85
[efz_netplay_mod][pid=8796] DIAG[tick_ecx_mismatch]: nearJccPatch[1] RVA=0x72B2E bytes=0F 85
[efz_netplay_mod][pid=8796] DIAG[tick_ecx_mismatch]: nearJccPatch[2] RVA=0x72EAB bytes=0F 84
[efz_netplay_mod][pid=8796] DIAG[tick_ecx_mismatch]: nearJccPatch[3] RVA=0x72EBE bytes=0F 84
[efz_netplay_mod][pid=8796] DIAG[tick_ecx_mismatch]: nearJccPatch[4] RVA=0x74CA1 bytes=0F 84
[efz_netplay_mod][pid=8796] DIAG[tick_ecx_mismatch]: nearJccPatch[5] RVA=0x74CB4 bytes=0F 84
[efz_netplay_mod][pid=8796] DIAG[tick_ecx_mismatch]: nearJccPatch[6] RVA=0x74CC1 bytes=0F 84
[efz_netplay_mod][pid=8796] DIAG[tick_ecx_mismatch]: localRoleFlag=2 localInitApplied=0 exitIntercepted=0 exitMode=-1 frameHookInstalled=1 frameRecoveryPending=0 forceLocalPlayInitCount=0
[efz_netplay_mod][pid=8796] DIAG[tick_ecx_mismatch]: revivalProcess=0x00000000 revivalPid=0 lastValidatedSession=0x04BBCB80 lastSessionPtrOffset=0xA02EC
[efz_netplay_mod][pid=8796] TICK_HOOK: heartbeat frameTick=1 session=0x04BBCB80 exeECX=0x11DF6888 match=0
[efz_netplay_mod][pid=8796] StateExport: heartbeat seq=1 activity=0 menu=0 screen=0 mode=0 phase=0 role=0 side=-1 p1Wins=0 p2Wins=0 ping=-1 delay=-1 local='' p1='' p2='' revival='1.02h' caps=0x21 sessionId=0 setId=0 endReason=0
[efz_netplay_mod][pid=8796] HookedTitleUpdateImpl: calls=300 netplayActive=0
[efz_netplay_mod][pid=8796] StateExport: heartbeat seq=600 activity=0 menu=0 screen=0 mode=0 phase=0 role=0 side=-1 p1Wins=0 p2Wins=0 ping=-1 delay=-1 local='' p1='' p2='' revival='1.02h' caps=0x21 sessionId=0 setId=0 endReason=0
[efz_netplay_mod][pid=8796] TICK_HOOK: heartbeat frameTick=600 session=0x04BBCB80 exeECX=0x11DF6888 match=0
[efz_netplay_mod][pid=8796] HookedTitleUpdateImpl: calls=600 netplayActive=0
[efz_netplay_mod][pid=8796] StateExport: heartbeat seq=1200 activity=0 menu=0 screen=0 mode=0 phase=0 role=0 side=-1 p1Wins=0 p2Wins=0 ping=-1 delay=-1 local='' p1='' p2='' revival='1.02h' caps=0x21 sessionId=0 setId=0 endReason=0
[efz_netplay_mod][pid=8796] NetplayCaseImpl: invoked
[efz_netplay_mod][pid=8796] TriggerNetplayMenuEntry: titleSelection=5 screenContext=0x11DF6888
[efz_netplay_mod][pid=8796] PlayUiSound: sfx=6 gameSystem=0x02970048
[efz_netplay_mod][pid=8796] EnterNetplayMenu: request active=0 skipFadeOut=0
[efz_netplay_mod][pid=8796] RunTransitionFadeOut: begin palette=299854006 baseVolume=0 volumeAdjustment=0
[efz_netplay_mod][pid=8796] RunTransitionFadeOut: complete result=1
[efz_netplay_mod][pid=8796] LoadNetplayAssets: begin (screenContext=0x11DF6888)
[efz_netplay_mod][pid=8796] ResolveNetplayBackgroundPath: searching for netplay_bg.dat
[efz_netplay_mod][pid=8796] ResolveNetplayBackgroundPath: [DLL dir] probing 'D:\EFZ + Revival 1.02h\mods\efz_netplay_mod\assets\netplay_bg.dat'
[efz_netplay_mod][pid=8796] ResolveNetplayBackgroundPath: using 'D:\EFZ + Revival 1.02h\mods\efz_netplay_mod\assets\netplay_bg.dat'
[efz_netplay_mod][pid=8796] ResolveNetplayObjectsPath: searching for netplay objects
[efz_netplay_mod][pid=8796] ResolveNetplayObjectsPath: [DLL dir] probing 'D:\EFZ + Revival 1.02h\mods\efz_netplay_mod\assets\netplay_ob.dat'
[efz_netplay_mod][pid=8796] ResolveNetplayObjectsPath: using 'D:\EFZ + Revival 1.02h\mods\efz_netplay_mod\assets\netplay_ob.dat'
[efz_netplay_mod][pid=8796] ParseEfzDatImage: parsed 'D:\EFZ + Revival 1.02h\mods\efz_netplay_mod\assets\netplay_ob.dat' size=154370 firstByte=255 headerOffset=766 width=320 height=480 transparentSrc=20 hasTransparent=1 method=near_magenta exact=0 near=1
[efz_netplay_mod][pid=8796] LoadNetplayAssets: derived source transparent index=20 from netplay_ob.dat
[efz_netplay_mod][pid=8796] LoadNetplayAssets: derived netplay_ob layout srcY[261..387] dstY[95..221] rowH=14 width=320
[efz_netplay_mod][pid=8796] LoadNetplayAssets: forcing transparent color=213 (src=20 + offset=193)
[efz_netplay_mod][pid=8796] LoadNetplayAssets: done bg='D:\EFZ + Revival 1.02h\mods\efz_netplay_mod\assets\netplay_bg.dat' obj='D:\EFZ + Revival 1.02h\mods\efz_netplay_mod\assets\netplay_ob.dat' (palette bg=1 obj=1 transparent=213)
[efz_netplay_mod][pid=8796] LoadNetplayAssets: object profile colorOffset=193 paletteStart=193 paletteCount=48 configStyle=1 optionCount=5 backIndex=4
[efz_netplay_mod][pid=8796] LoadNetplaySpriteFont: no sprite font map found (runtime text disabled)
[efz_netplay_mod][pid=8796] LoadNetplayAssets: sprite font unavailable, using object-sheet-only rendering
[efz_netplay_mod][pid=8796] LoadNetplayMenuSettingsFromIni: loaded Network.Name='Aquatic'
[efz_netplay_mod][pid=8796] LoadNetplayMenuSettingsFromIni: loaded Network.Port=10800
[efz_netplay_mod][pid=8796] ResetTitleMenuState: selection=0 menuState=0 initState=0 exitState=0
[efz_netplay_mod][pid=8796] NetplayMenuSwitch: menu=Main selection=0 count=5 row=0(ROW_HOST) entry=HOST
[efz_netplay_mod][pid=8796] InstallNetplayWindowHook: hwnd=0x0003118C originalProc=0x71081150
[efz_netplay_mod][pid=8796] RunTransitionFadeIn: begin palette=299854006
[efz_netplay_mod][pid=8796] RunTransitionFadeIn: complete result=1
[efz_netplay_mod][pid=8796] EnterNetplayMenu: active menu=Main selection=0 bgmTrack=8 configStyle=1 optionCount=5 backIndex=4 skipFadeOut=0
[efz_netplay_mod][pid=8796] HookedTitleUpdateImpl: title confirm edge selection=0
[efz_netplay_mod][pid=8796] Takeover: host revival base=0x6C820000
[efz_netplay_mod][pid=8796] StateExport: flow menu=0->1 charsel=0->0 match=0->0 screen=0 mode=0 phase=0 role=0 p1Wins=0 p2Wins=0
[efz_netplay_mod][pid=8796] StateExport: activity 0->1 screen=0 mode=0 phase=0 role=0 side=-1 p1='' p2='' caps=0xB1 sessionId=0 setId=0 seq=1400
[efz_netplay_mod][pid=8796] NetplayInput: P1(h=0 v=0 c=0 b=0) P2(h=0 v=0 c=0 b=0)
[efz_netplay_mod][pid=8796] NetplayFrame: updates=1 menu=Main selection=0 row=0(ROW_HOST) inactivity=0 slide=0 nativeSlideRaw=0 nativeSlideScaled=0
[efz_netplay_mod][pid=8796] NetplayInput: P1(h=0 v=1 c=0 b=0) P2(h=0 v=0 c=0 b=0)
[efz_netplay_mod][pid=8796] PlayUiSound: sfx=8 gameSystem=0x02970048
[efz_netplay_mod][pid=8796] NetplaySelection: player=0 menu=Main from=0 to=1 row=1(ROW_JOIN) label=JOIN inputV=1
[efz_netplay_mod][pid=8796] NetplayInput: P1(h=0 v=0 c=0 b=0) P2(h=0 v=0 c=0 b=0)
[efz_netplay_mod][pid=8796] NetplayInput: P1(h=0 v=1 c=0 b=0) P2(h=0 v=0 c=0 b=0)
[efz_netplay_mod][pid=8796] PlayUiSound: sfx=8 gameSystem=0x02970048
[efz_netplay_mod][pid=8796] NetplaySelection: player=0 menu=Main from=1 to=2 row=5(ROW_RESERVED5) label=LOBBY inputV=1
[efz_netplay_mod][pid=8796] NetplayInput: P1(h=0 v=0 c=0 b=0) P2(h=0 v=0 c=0 b=0)
[efz_netplay_mod][pid=8796] NetplayInput: P1(h=0 v=-1 c=0 b=0) P2(h=0 v=0 c=0 b=0)
[efz_netplay_mod][pid=8796] PlayUiSound: sfx=8 gameSystem=0x02970048
[efz_netplay_mod][pid=8796] NetplaySelection: player=0 menu=Main from=2 to=1 row=1(ROW_JOIN) label=JOIN inputV=-1
[efz_netplay_mod][pid=8796] NetplayInput: P1(h=0 v=0 c=0 b=0) P2(h=0 v=0 c=0 b=0)
[efz_netplay_mod][pid=8796] NetplayInput: P1(h=0 v=-1 c=0 b=0) P2(h=0 v=0 c=0 b=0)
[efz_netplay_mod][pid=8796] PlayUiSound: sfx=8 gameSystem=0x02970048
[efz_netplay_mod][pid=8796] NetplaySelection: player=0 menu=Main from=1 to=0 row=0(ROW_HOST) label=HOST inputV=-1
[efz_netplay_mod][pid=8796] NetplayInput: P1(h=0 v=0 c=0 b=0) P2(h=0 v=0 c=0 b=0)
[efz_netplay_mod][pid=8796] NetplayInput: P1(h=0 v=1 c=0 b=0) P2(h=0 v=0 c=0 b=0)
[efz_netplay_mod][pid=8796] PlayUiSound: sfx=8 gameSystem=0x02970048
[efz_netplay_mod][pid=8796] NetplaySelection: player=0 menu=Main from=0 to=1 row=1(ROW_JOIN) label=JOIN inputV=1
[efz_netplay_mod][pid=8796] NetplayInput: P1(h=0 v=0 c=0 b=0) P2(h=0 v=0 c=0 b=0)
[efz_netplay_mod][pid=8796] NetplayInput: P1(h=0 v=-1 c=0 b=0) P2(h=0 v=0 c=0 b=0)
[efz_netplay_mod][pid=8796] PlayUiSound: sfx=8 gameSystem=0x02970048
[efz_netplay_mod][pid=8796] NetplaySelection: player=0 menu=Main from=1 to=0 row=0(ROW_HOST) label=HOST inputV=-1
[efz_netplay_mod][pid=8796] NetplayFrame: updates=129 menu=Main selection=0 row=0(ROW_HOST) inactivity=0 slide=0 nativeSlideRaw=0 nativeSlideScaled=0
[efz_netplay_mod][pid=8796] NetplayInput: P1(h=0 v=0 c=0 b=0) P2(h=0 v=0 c=0 b=0)
[efz_netplay_mod][pid=8796] NetplayInput: P1(h=0 v=1 c=0 b=0) P2(h=0 v=0 c=0 b=0)
[efz_netplay_mod][pid=8796] PlayUiSound: sfx=8 gameSystem=0x02970048
[efz_netplay_mod][pid=8796] NetplaySelection: player=0 menu=Main from=0 to=1 row=1(ROW_JOIN) label=JOIN inputV=1
[efz_netplay_mod][pid=8796] NetplayInput: P1(h=0 v=0 c=0 b=0) P2(h=0 v=0 c=0 b=0)
[efz_netplay_mod][pid=8796] NetplayInput: P1(h=0 v=1 c=0 b=0) P2(h=0 v=0 c=0 b=0)
[efz_netplay_mod][pid=8796] PlayUiSound: sfx=8 gameSystem=0x02970048
[efz_netplay_mod][pid=8796] NetplaySelection: player=0 menu=Main from=1 to=2 row=5(ROW_RESERVED5) label=LOBBY inputV=1
[efz_netplay_mod][pid=8796] NetplayInput: P1(h=0 v=0 c=0 b=0) P2(h=0 v=0 c=0 b=0)
[efz_netplay_mod][pid=8796] NetplayInput: P1(h=0 v=1 c=0 b=0) P2(h=0 v=0 c=0 b=0)
[efz_netplay_mod][pid=8796] PlayUiSound: sfx=8 gameSystem=0x02970048
[efz_netplay_mod][pid=8796] NetplaySelection: player=0 menu=Main from=2 to=3 row=2(ROW_NICKNAME) label=CHANGE_NICKNAME inputV=1
[efz_netplay_mod][pid=8796] NetplayInput: P1(h=0 v=0 c=0 b=0) P2(h=0 v=0 c=0 b=0)
[efz_netplay_mod][pid=8796] NetplayInput: P1(h=0 v=-1 c=0 b=0) P2(h=0 v=0 c=0 b=0)
[efz_netplay_mod][pid=8796] PlayUiSound: sfx=8 gameSystem=0x02970048
[efz_netplay_mod][pid=8796] NetplaySelection: player=0 menu=Main from=3 to=2 row=5(ROW_RESERVED5) label=LOBBY inputV=-1
[efz_netplay_mod][pid=8796] HookedTitleUpdateImpl: calls=900 netplayActive=1
[efz_netplay_mod][pid=8796] StateExport: heartbeat seq=1800 activity=1 menu=1 screen=0 mode=0 phase=0 role=0 side=-1 p1Wins=0 p2Wins=0 ping=-1 delay=-1 local='' p1='' p2='' revival='1.02h' caps=0xB1 sessionId=0 setId=0 endReason=0
[efz_netplay_mod][pid=8796] NetplayInput: P1(h=0 v=0 c=0 b=0) P2(h=0 v=0 c=0 b=0)
[efz_netplay_mod][pid=8796] NetplayInput: P1(h=0 v=0 c=1 b=0) P2(h=0 v=0 c=0 b=0)
[efz_netplay_mod][pid=8796] PlayUiSound: sfx=6 gameSystem=0x02970048
[efz_netplay_mod][pid=8796] NetplayConfirm: player=0 menu=Main selection=2 row=5(ROW_RESERVED5) label=LOBBY action=OpenLobby
[efz_netplay_mod][pid=8796] NetplayAction: menu=Main selection=2 row=5(ROW_RESERVED5) action=OpenLobby
[efz_netplay_mod][pid=8796] NetplaySlide(native): start from=Main(2) to=Lobby(0) dir=1
[efz_netplay_mod][pid=8796] SwitchToMenu: entering Lobby, creating session for 'Aquatic' port=10800
[efz_netplay_mod][pid=8796] LobbySession::PollThread: entering
[efz_netplay_mod][pid=8796] LobbySession: started for nickname='Aquatic'
[efz_netplay_mod][pid=8796] NetplayMenuSwitch: menu=Lobby selection=0 count=1 row=7(ROW_RETURN) entry=BACK
[efz_netplay_mod][pid=8796] LobbySession: endpoint config override=0 baseUrl='' proxyOverride=0 proxyBaseUrl='' forceWinInet=0 forceEmbeddedTls=0 tlsVerify=0 embeddedAvailable=1
[efz_netplay_mod][pid=8796] NetplaySlide(native): complete menu=Lobby selection=0
[efz_netplay_mod][pid=8796] AcquireMenuDrawSurfaceLock: locked backbuffer surface (surface=0x0D04AFB8 size=640x480 pitch=640)
[efz_netplay_mod][pid=8796] AcquireMenuDrawSurfaceLock: backbuffer surface details size=640x480 pitch=640 (lockW=0 lockH=480)
[efz_netplay_mod][pid=8796] OverlayTextPalette: selected=224 rgb=(255,255,255) normal=217 rgb=(160,160,160) transparent=213
[efz_netplay_mod][pid=8796] NetplayInput: P1(h=0 v=0 c=0 b=0) P2(h=0 v=0 c=0 b=0)
[efz_netplay_mod][pid=8796] NetplayFrame: updates=221 menu=Lobby selection=0 row=7(ROW_RETURN) inactivity=10 slide=0 nativeSlideRaw=0 nativeSlideScaled=0
[efz_netplay_mod][pid=8796] LobbySession::DoHttpGet: backend=EmbeddedTLS endpoint=primary verify=0
[efz_netplay_mod][pid=8796] LobbySession::DoJoin: response='{"alias":"EFZ","challenges":[],"id":2016,"idle":[["Aquatic",1]],"msg":1,"playing":[],"secret":7938,"status":"OK","type":"Private"}
'
[efz_netplay_mod][pid=8796] LobbySession::PollThread: joined lobby id=2016 playerId=1
[efz_netplay_mod][pid=8796] LobbySession::DiscoverPublicIp: resolved=91.214.211.2
[efz_netplay_mod][pid=8796] LobbySession::DoPollStatus: response='{"alias":"EFZ","challenges":[],"id":2016,"idle":[["Aquatic",1]],"msg":"OK","playing":[],"status":"OK"}
'
[efz_netplay_mod][pid=8796] NetplayFrame: updates=349 menu=Lobby selection=0 row=6(ROW_RESERVED6) inactivity=138 slide=0 nativeSlideRaw=0 nativeSlideScaled=0
[efz_netplay_mod][pid=8796] LobbySession::DoPollStatus: response='{"alias":"EFZ","challenges":[],"id":2016,"idle":[["Aquatic",1]],"msg":"OK","playing":[],"status":"OK"}
'
[efz_netplay_mod][pid=8796] NetplayFrame: updates=477 menu=Lobby selection=0 row=6(ROW_RESERVED6) inactivity=266 slide=0 nativeSlideRaw=0 nativeSlideScaled=0
[efz_netplay_mod][pid=8796] TICK_HOOK: heartbeat frameTick=1200 session=0x04BBCB80 exeECX=0x11DF6888 match=0
[efz_netplay_mod][pid=8796] HookedTitleUpdateImpl: calls=1200 netplayActive=1
[efz_netplay_mod][pid=8796] StateExport: heartbeat seq=2400 activity=1 menu=1 screen=0 mode=0 phase=0 role=0 side=-1 p1Wins=0 p2Wins=0 ping=-1 delay=-1 local='' p1='' p2='' revival='1.02h' caps=0xB1 sessionId=0 setId=0 endReason=0
[efz_netplay_mod][pid=8796] LobbySession::DoPollStatus: response='{"alias":"EFZ","challenges":[],"id":2016,"idle":[["Aquatic",1]],"msg":"OK","playing":[],"status":"OK"}
'
[efz_netplay_mod][pid=8796] NetplayFrame: updates=605 menu=Lobby selection=0 row=6(ROW_RESERVED6) inactivity=394 slide=0 nativeSlideRaw=0 nativeSlideScaled=0
[efz_netplay_mod][pid=8796] LobbySession::DoPollStatus: response='{"alias":"EFZ","challenges":[],"id":2016,"idle":[["Aquatic",1]],"msg":"OK","playing":[],"status":"OK"}
'
[efz_netplay_mod][pid=8796] NetplayInput: P1(h=0 v=1 c=0 b=0) P2(h=0 v=0 c=0 b=0)
[efz_netplay_mod][pid=8796] PlayUiSound: sfx=8 gameSystem=0x02970048
[efz_netplay_mod][pid=8796] NetplaySelection: player=0 menu=Lobby from=0 to=1 row=7(ROW_RETURN) label=BACK inputV=1
[efz_netplay_mod][pid=8796] NetplayInput: P1(h=0 v=0 c=1 b=0) P2(h=0 v=0 c=0 b=0)
[efz_netplay_mod][pid=8796] PlayUiSound: sfx=6 gameSystem=0x02970048
[efz_netplay_mod][pid=8796] NetplayConfirm: player=0 menu=Lobby selection=1 row=7(ROW_RETURN) label=BACK action=BackToMain
[efz_netplay_mod][pid=8796] NetplayAction: menu=Lobby selection=1 row=7(ROW_RETURN) action=BackToMain
[efz_netplay_mod][pid=8796] NetplaySlide(native): start from=Lobby(1) to=Main(2) dir=-1
[efz_netplay_mod][pid=8796] LobbySession::DoPollStatus: response='{"alias":"EFZ","challenges":[],"id":2016,"idle":[["Aquatic",1]],"msg":"OK","playing":[],"status":"OK"}
'
[efz_netplay_mod][pid=8796] SwitchToMenu: leaving Lobby, tearing down lobby session asynchronously
[efz_netplay_mod][pid=8796] LobbySession: shutting down
[efz_netplay_mod][pid=8796] NetplayMenuSwitch: menu=Main selection=2 count=5 row=5(ROW_RESERVED5) entry=LOBBY
[efz_netplay_mod][pid=8796] NetplaySlide(native): complete menu=Main selection=2
[efz_netplay_mod][pid=8796] NetplayInput: P1(h=0 v=0 c=0 b=0) P2(h=0 v=0 c=0 b=0)
[efz_netplay_mod][pid=8796] NetplayFrame: updates=700 menu=Main selection=2 row=5(ROW_RESERVED5) inactivity=0 slide=0 nativeSlideRaw=0 nativeSlideScaled=0
[efz_netplay_mod][pid=8796] LobbySession::DoLeave: response='{"msg":"OK","status":"OK"}
'
[efz_netplay_mod][pid=8796] LobbySession::PollThread: exiting
[efz_netplay_mod][pid=8796] LobbySession: shut down complete
[efz_netplay_mod][pid=8796] NetplayInput: P1(h=0 v=1 c=0 b=0) P2(h=0 v=0 c=0 b=0)
[efz_netplay_mod][pid=8796] PlayUiSound: sfx=8 gameSystem=0x02970048
[efz_netplay_mod][pid=8796] NetplaySelection: player=0 menu=Main from=2 to=3 row=2(ROW_NICKNAME) label=CHANGE_NICKNAME inputV=1
[efz_netplay_mod][pid=8796] NetplayInput: P1(h=0 v=0 c=0 b=0) P2(h=0 v=0 c=0 b=0)
[efz_netplay_mod][pid=8796] NetplayInput: P1(h=0 v=-1 c=0 b=0) P2(h=0 v=0 c=0 b=0)
[efz_netplay_mod][pid=8796] PlayUiSound: sfx=8 gameSystem=0x02970048
[efz_netplay_mod][pid=8796] NetplaySelection: player=0 menu=Main from=3 to=2 row=5(ROW_RESERVED5) label=LOBBY inputV=-1
[efz_netplay_mod][pid=8796] NetplayInput: P1(h=0 v=0 c=0 b=0) P2(h=0 v=0 c=0 b=0)
[efz_netplay_mod][pid=8796] NetplayInput: P1(h=0 v=-1 c=0 b=0) P2(h=0 v=0 c=0 b=0)
[efz_netplay_mod][pid=8796] PlayUiSound: sfx=8 gameSystem=0x02970048
[efz_netplay_mod][pid=8796] NetplaySelection: player=0 menu=Main from=2 to=1 row=1(ROW_JOIN) label=JOIN inputV=-1
[efz_netplay_mod][pid=8796] NetplayInput: P1(h=0 v=0 c=0 b=0) P2(h=0 v=0 c=0 b=0)
[efz_netplay_mod][pid=8796] HookedTitleUpdateImpl: calls=1500 netplayActive=1
[efz_netplay_mod][pid=8796] StateExport: heartbeat seq=3000 activity=1 menu=1 screen=0 mode=0 phase=0 role=0 side=-1 p1Wins=0 p2Wins=0 ping=-1 delay=-1 local='' p1='' p2='' revival='1.02h' caps=0xB1 sessionId=0 setId=0 endReason=0
[efz_netplay_mod][pid=8796] NetplayFrame: updates=829 menu=Main selection=1 row=1(ROW_JOIN) inactivity=72 slide=0 nativeSlideRaw=0 nativeSlideScaled=0
[efz_netplay_mod][pid=8796] NetplayInput: P1(h=0 v=-1 c=0 b=0) P2(h=0 v=0 c=0 b=0)
[efz_netplay_mod][pid=8796] PlayUiSound: sfx=8 gameSystem=0x02970048
[efz_netplay_mod][pid=8796] NetplaySelection: player=0 menu=Main from=1 to=0 row=0(ROW_HOST) label=HOST inputV=-1
[efz_netplay_mod][pid=8796] NetplayInput: P1(h=0 v=0 c=0 b=0) P2(h=0 v=0 c=0 b=0)
[efz_netplay_mod][pid=8796] NetplayInput: P1(h=0 v=0 c=1 b=0) P2(h=0 v=0 c=0 b=0)
[efz_netplay_mod][pid=8796] PlayUiSound: sfx=6 gameSystem=0x02970048
[efz_netplay_mod][pid=8796] NetplayConfirm: player=0 menu=Main selection=0 row=0(ROW_HOST) label=HOST action=OpenHost
[efz_netplay_mod][pid=8796] NetplayAction: menu=Main selection=0 row=0(ROW_HOST) action=OpenHost
[efz_netplay_mod][pid=8796] NetplaySlide(native): start from=Main(0) to=Host(0) dir=1
[efz_netplay_mod][pid=8796] NetplayMenuSwitch: menu=Host selection=0 count=3 row=0(ROW_HOST) entry=HOST_START
[efz_netplay_mod][pid=8796] NetplaySlide(native): complete menu=Host selection=0
[efz_netplay_mod][pid=8796] NetplayInput: P1(h=0 v=0 c=0 b=0) P2(h=0 v=0 c=0 b=0)
[efz_netplay_mod][pid=8796] NetplayInput: P1(h=0 v=0 c=1 b=0) P2(h=0 v=0 c=0 b=0)
[efz_netplay_mod][pid=8796] PlayUiSound: sfx=6 gameSystem=0x02970048
[efz_netplay_mod][pid=8796] NetplayConfirm: player=0 menu=Host selection=0 row=0(ROW_HOST) label=HOST_START action=HostStart
[efz_netplay_mod][pid=8796] NetplayAction: menu=Host selection=0 row=0(ROW_HOST) action=HostStart
[efz_netplay_mod][pid=8796] SessionBridge: StartSession role=0 port=10800 address='' nickname='Aquatic'
[efz_netplay_mod][pid=8796] HostingOverlay: activated port=10800, starting IP fetch
[efz_netplay_mod][pid=8796] Takeover: StartSession role=0 port=10800 address='' nickname='Aquatic'
[efz_netplay_mod][pid=8796] DIAG[StartSession_entry]: dllExitPatchesSaved=0 tournamentPatchesSaved=0 renderContextSaved=0 savedRenderCtx=0x00000000
[efz_netplay_mod][pid=8796] StateExport: new session sessionId=1
[efz_netplay_mod][pid=8796] StateExport: nicknames local=''->'Aquatic' p1=''->'' p2=''->'' seq=3168
[efz_netplay_mod][pid=8796] DIAG[StartSession_entry]: dllBase=0x6C820000 roleFlag=2 sessionPtr=0x04BBCB80 renderCtx=0x725C6BC8 globalState=0x02970048
[efz_netplay_mod][pid=8796] DIAG[StartSession_entry]: session vtable=0x6C8B0544 initComplete=79499048 activePlayer=0
[efz_netplay_mod][pid=8796] DIAG[StartSession_entry]: exitPatch[0] RVA=0x79BFD byte=0x74 expected=0x74
[efz_netplay_mod][pid=8796] DIAG[StartSession_entry]: exitPatch[1] RVA=0x72CAF byte=0x74 expected=0x74
[efz_netplay_mod][pid=8796] DIAG[StartSession_entry]: nearJccPatch[0] RVA=0x72B25 bytes=0F 85
[efz_netplay_mod][pid=8796] DIAG[StartSession_entry]: nearJccPatch[1] RVA=0x72B2E bytes=0F 85
[efz_netplay_mod][pid=8796] DIAG[StartSession_entry]: nearJccPatch[2] RVA=0x72EAB bytes=0F 84
[efz_netplay_mod][pid=8796] DIAG[StartSession_entry]: nearJccPatch[3] RVA=0x72EBE bytes=0F 84
[efz_netplay_mod][pid=8796] DIAG[StartSession_entry]: nearJccPatch[4] RVA=0x74CA1 bytes=0F 84
[efz_netplay_mod][pid=8796] DIAG[StartSession_entry]: nearJccPatch[5] RVA=0x74CB4 bytes=0F 84
[efz_netplay_mod][pid=8796] DIAG[StartSession_entry]: nearJccPatch[6] RVA=0x74CC1 bytes=0F 84
[efz_netplay_mod][pid=8796] DIAG[StartSession_entry]: localRoleFlag=2 localInitApplied=0 exitIntercepted=0 exitMode=-1 frameHookInstalled=1 frameRecoveryPending=0 forceLocalPlayInitCount=0
[efz_netplay_mod][pid=8796] DIAG[StartSession_entry]: revivalProcess=0x00000000 revivalPid=0 lastValidatedSession=0x04BBCB80 lastSessionPtrOffset=0xA02EC
[efz_netplay_mod][pid=8796] Takeover: host revival base=0x6C820000
[efz_netplay_mod][pid=8796] SaveRenderContext: saved EfzRender* 0x725C6BC8 from offset 0xA0798 initOnceGuard=0x00000101 (H2: guard SET — init() will NOT refresh renderCtx)
[efz_netplay_mod][pid=8796] Takeover: phase Idle -> Connecting reason=''
[efz_netplay_mod][pid=8796] TICK_HOOK: *** ECX MISMATCH *** frameTick=1 exeECX=0x11DF6888 dllSession=0x04BBCB80 — overriding ECX with current session
[efz_netplay_mod][pid=8796] TICK_HOOK: current session vtable=0x6C8B0544 (RVA=0x90544)
[efz_netplay_mod][pid=8796] DIAG[tick_ecx_mismatch]: dllExitPatchesSaved=0 tournamentPatchesSaved=0 renderContextSaved=1 savedRenderCtx=0x725C6BC8
[efz_netplay_mod][pid=8796] DIAG[tick_ecx_mismatch]: dllBase=0x6C820000 roleFlag=2 sessionPtr=0x04BBCB80 renderCtx=0x725C6BC8 globalState=0x02970048
[efz_netplay_mod][pid=8796] DIAG[tick_ecx_mismatch]: session vtable=0x6C8B0544 initComplete=79499048 activePlayer=0
[efz_netplay_mod][pid=8796] DIAG[tick_ecx_mismatch]: exitPatch[0] RVA=0x79BFD byte=0x74 expected=0x74
[efz_netplay_mod][pid=8796] DIAG[tick_ecx_mismatch]: exitPatch[1] RVA=0x72CAF byte=0x74 expected=0x74
[efz_netplay_mod][pid=8796] DIAG[tick_ecx_mismatch]: nearJccPatch[0] RVA=0x72B25 bytes=0F 85
[efz_netplay_mod][pid=8796] DIAG[tick_ecx_mismatch]: nearJccPatch[1] RVA=0x72B2E bytes=0F 85
[efz_netplay_mod][pid=8796] DIAG[tick_ecx_mismatch]: nearJccPatch[2] RVA=0x72EAB bytes=0F 84
[efz_netplay_mod][pid=8796] DIAG[tick_ecx_mismatch]: nearJccPatch[3] RVA=0x72EBE bytes=0F 84
[efz_netplay_mod][pid=8796] DIAG[tick_ecx_mismatch]: nearJccPatch[4] RVA=0x74CA1 bytes=0F 84
[efz_netplay_mod][pid=8796] DIAG[tick_ecx_mismatch]: nearJccPatch[5] RVA=0x74CB4 bytes=0F 84
[efz_netplay_mod][pid=8796] DIAG[tick_ecx_mismatch]: nearJccPatch[6] RVA=0x74CC1 bytes=0F 84
[efz_netplay_mod][pid=8796] DIAG[tick_ecx_mismatch]: localRoleFlag=2 localInitApplied=0 exitIntercepted=0 exitMode=-1 frameHookInstalled=1 frameRecoveryPending=0 forceLocalPlayInitCount=0
[efz_netplay_mod][pid=8796] DIAG[tick_ecx_mismatch]: revivalProcess=0x00000000 revivalPid=0 lastValidatedSession=0x00000000 lastSessionPtrOffset=0x0
[efz_netplay_mod][pid=8796] TICK_HOOK: heartbeat frameTick=1 session=0x04BBCB80 exeECX=0x11DF6888 match=0
[efz_netplay_mod][pid=8796] Takeover: WriteIni path='D:\EFZ + Revival 1.02h\EfzRevival.ini' existed=1 role=0 port=10800 nickname='Aquatic' address='' result=1 (updated keys: Network.Name, Network.Port)
[efz_netplay_mod][pid=8796] NetplayInput: P1(h=0 v=0 c=0 b=0) P2(h=0 v=0 c=0 b=0)
[efz_netplay_mod][pid=8796] Takeover: spawned EfzRevival suspended pid=34424
[efz_netplay_mod][pid=8796] Takeover: created kill-on-close job object handle=000012C0
[efz_netplay_mod][pid=8796] Takeover: assigned pid=34424 to kill-on-close job
[efz_netplay_mod] logger initialized
[efz_netplay_mod][pid=34424] CrashHandler: installed (mode=injected_takeover dir='D:\EFZ + Revival 1.02h\mods\efz_netplay_mod' vectored=00D58AB0)
[efz_netplay_mod][pid=34424] Module attached in EfzRevival.exe (injected takeover mode)
[efz_netplay_mod][pid=34424] DetectRevivalVersion: EfzRevival.dll not loaded — keeping default profile 1.02e
[efz_netplay_mod][pid=34424] Takeover: injected initialized ready=1 block=0x00830000 init=0x000000FC console=0x0000015C initAddr=0x00000000 hostRevivalBase=0x6C820000
[efz_netplay_mod][pid=8796] Takeover: injected self module base=0x71630000
[efz_netplay_mod][pid=8796] Takeover: PatchIat target module='efzrevival.exe' base=0x00860000
[efz_netplay_mod][pid=8796] Takeover: module 'efzrevival.exe' patched import ReadConsoleW old=0x76BC3BB0 new=0x71650C10
[efz_netplay_mod][pid=8796] Takeover: module 'efzrevival.exe' patched import WriteConsoleOutputCharacterW old=0x76BC3E60 new=0x71651270
[efz_netplay_mod][pid=8796] Takeover: module 'efzrevival.exe' patched import ReadConsoleA old=0x76BC3B80 new=0x71650AD0
[efz_netplay_mod][pid=8796] Takeover: module 'efzrevival.exe' patched import TerminateProcess old=0x76BB9910 new=0x71650EB0
[efz_netplay_mod][pid=8796] Takeover: module 'efzrevival.exe' patched import CreateProcessA old=0x76BD5150 new=0x71650980
[efz_netplay_mod][pid=8796] Takeover: module 'efzrevival.exe' patched import OutputDebugStringW old=0x76BD64F0 new=0x71650AB0
[efz_netplay_mod][pid=8796] Takeover: module 'efzrevival.exe' patched import count=16
[efz_netplay_mod][pid=8796] Takeover: PatchIat target module='msvcp_win.dll' base=0x75830000
[efz_netplay_mod][pid=8796] Takeover: module 'msvcp_win.dll' patched import TerminateProcess old=0x76BB9910 new=0x71650EB0
[efz_netplay_mod][pid=8796] Takeover: module 'msvcp_win.dll' patched import count=2
[efz_netplay_mod][pid=8796] Takeover: PatchIat target module='ucrtbase.dll' base=0x76250000
[efz_netplay_mod][pid=8796] Takeover: module 'ucrtbase.dll' patched import TerminateProcess old=0x76BB9910 new=0x71650EB0
[efz_netplay_mod][pid=8796] Takeover: module 'ucrtbase.dll' patched import OutputDebugStringW old=0x770168E0 new=0x71650AB0
[efz_netplay_mod][pid=8796] Takeover: module 'ucrtbase.dll' patched import ReadConsoleW old=0x7700F6C0 new=0x71650C10
[efz_netplay_mod][pid=8796] Takeover: module 'ucrtbase.dll' patched import count=7
[efz_netplay_mod][pid=8796] Takeover: PatchIat target module='msvcrt.dll' base=0x75630000
[efz_netplay_mod][pid=8796] Takeover: module 'msvcrt.dll' patched import ReadConsoleW old=0x7700F6C0 new=0x71650C10
[efz_netplay_mod][pid=8796] Takeover: module 'msvcrt.dll' patched import CreateProcessA old=0x76BD5150 new=0x71650980
[efz_netplay_mod][pid=8796] Takeover: module 'msvcrt.dll' patched import TerminateProcess old=0x76BB9910 new=0x71650EB0
[efz_netplay_mod][pid=8796] Takeover: module 'msvcrt.dll' patched import count=8
[efz_netplay_mod][pid=8796] Takeover: patched import total count=33 modules=4
[efz_netplay_mod][pid=8796] Takeover: resumed main thread result=1
[efz_netplay_mod][pid=8796] Takeover: signaled console script menu=1 primaryLen=3 auxLen=2 auxSerial=1
[efz_netplay_mod][pid=8796] Takeover: phase Connecting -> Connecting reason='awaiting handshake'
[efz_netplay_mod][pid=8796] Takeover: start session armed (asynchronous handshake via Tick)
[efz_netplay_mod][pid=8796] Takeover: connecting diag session=0x04BBCB80 sessionOff=0xA02EC roleFlag=2 ping=0 delay=-1 sync(mode=0 flag1084=0 session=0 flags=0/2 ready=0) src(exe=1 dll=1 roleDll=1 sessDll=1) hits(rc=0 auto=0 cp=0 wpm=0 crt=0)
[efz_netplay_mod][pid=8796] Takeover: runtime-ready probe ready=0 source=none localInit=0 prompt=0 input=0 session=0 bind(pid=0 handle=0) syncReady=0 role=2
[efz_netplay_mod][pid=34424] nb_stub_ReadConsoleA: served input serial=1 source=injected value='1
'
[efz_netplay_mod][pid=34424] nb_stub_ReadConsoleA: auto input serial=1 source=injected reason=aux_line read=128 value='
' count=1
[efz_netplay_mod][pid=8796] HostingOverlay: public IPv4 = 91.214.211.2
[efz_netplay_mod][pid=8796] Takeover: late PatchIat retry result=1 attempts=1 success=1 elapsed=500ms
[efz_netplay_mod][pid=8796] NetplayFrame: updates=920 menu=Host selection=0 row=0(ROW_HOST) inactivity=69 slide=0 nativeSlideRaw=0 nativeSlideScaled=0
[efz_netplay_mod][pid=8796] Takeover: connecting diag session=0x04BBCB80 sessionOff=0xA02EC roleFlag=2 ping=0 delay=-1 sync(mode=0 flag1084=0 session=0 flags=0/2 ready=0) src(exe=1 dll=1 roleDll=1 sessDll=1) hits(rc=2 auto=1 cp=0 wpm=0 crt=0)
[efz_netplay_mod][pid=8796] NetplayFrame: updates=1048 menu=Host selection=0 row=0(ROW_HOST) inactivity=197 slide=0 nativeSlideRaw=0 nativeSlideScaled=0
[efz_netplay_mod][pid=8796] Takeover: runtime-ready probe ready=0 source=none localInit=0 prompt=0 input=0 session=0 bind(pid=0 handle=0) syncReady=0 role=2
[efz_netplay_mod][pid=8796] HookedTitleUpdateImpl: calls=1800 netplayActive=1
[efz_netplay_mod][pid=8796] StateExport: heartbeat seq=3600 activity=1 menu=1 screen=0 mode=1 phase=1 role=0 side=-1 p1Wins=0 p2Wins=0 ping=-1 delay=-1 local='Aquatic' p1='' p2='' revival='1.02h' caps=0xB5 sessionId=1 setId=0 endReason=0
[efz_netplay_mod][pid=8796] Takeover: late PatchIat retry result=1 attempts=7 success=7 elapsed=3500ms
[efz_netplay_mod][pid=8796] Takeover: connecting diag session=0x04BBCB80 sessionOff=0xA02EC roleFlag=2 ping=0 delay=-1 sync(mode=0 flag1084=0 session=0 flags=0/2 ready=0) src(exe=1 dll=1 roleDll=1 sessDll=1) hits(rc=2 auto=1 cp=0 wpm=0 crt=0)
[efz_netplay_mod][pid=8796] NetplayFrame: updates=1176 menu=Host selection=0 row=0(ROW_HOST) inactivity=325 slide=0 nativeSlideRaw=0 nativeSlideScaled=0
[efz_netplay_mod][pid=8796] Takeover: connecting diag session=0x04BBCB80 sessionOff=0xA02EC roleFlag=2 ping=0 delay=-1 sync(mode=0 flag1084=0 session=0 flags=0/2 ready=0) src(exe=1 dll=1 roleDll=1 sessDll=1) hits(rc=2 auto=1 cp=0 wpm=0 crt=0)
[efz_netplay_mod][pid=8796] Takeover: runtime-ready probe ready=0 source=none localInit=0 prompt=0 input=0 session=0 bind(pid=0 handle=0) syncReady=0 role=2
[efz_netplay_mod][pid=8796] Takeover: late PatchIat retry result=1 attempts=13 success=13 elapsed=6500ms
[efz_netplay_mod][pid=8796] NetplayFrame: updates=1305 menu=Host selection=0 row=0(ROW_HOST) inactivity=454 slide=0 nativeSlideRaw=0 nativeSlideScaled=0
[efz_netplay_mod][pid=8796] Takeover: connecting diag session=0x04BBCB80 sessionOff=0xA02EC roleFlag=2 ping=0 delay=-1 sync(mode=0 flag1084=0 session=0 flags=0/2 ready=0) src(exe=1 dll=1 roleDll=1 sessDll=1) hits(rc=2 auto=1 cp=0 wpm=0 crt=0)
[efz_netplay_mod][pid=8796] HookedTitleUpdateImpl: calls=2100 netplayActive=1
[efz_netplay_mod][pid=8796] StateExport: heartbeat seq=4200 activity=1 menu=1 screen=0 mode=1 phase=1 role=0 side=-1 p1Wins=0 p2Wins=0 ping=-1 delay=-1 local='Aquatic' p1='' p2='' revival='1.02h' caps=0xB5 sessionId=1 setId=0 endReason=0
[efz_netplay_mod][pid=8796] NetplayFrame: updates=1433 menu=Host selection=0 row=0(ROW_HOST) inactivity=582 slide=0 nativeSlideRaw=0 nativeSlideScaled=0
[efz_netplay_mod][pid=8796] Takeover: runtime-ready probe ready=0 source=none localInit=0 prompt=0 input=0 session=0 bind(pid=0 handle=0) syncReady=0 role=2
[efz_netplay_mod][pid=8796] TICK_HOOK: heartbeat frameTick=600 session=0x04BBCB80 exeECX=0x11DF6888 match=0
[efz_netplay_mod][pid=8796] Takeover: late PatchIat retry result=1 attempts=19 success=19 elapsed=9500ms
[efz_netplay_mod][pid=8796] Takeover: connecting diag session=0x04BBCB80 sessionOff=0xA02EC roleFlag=2 ping=0 delay=-1 sync(mode=0 flag1084=0 session=0 flags=0/2 ready=0) src(exe=1 dll=1 roleDll=1 sessDll=1) hits(rc=2 auto=1 cp=0 wpm=0 crt=0)
[efz_netplay_mod][pid=8796] NetplayFrame: updates=1561 menu=Host selection=0 row=0(ROW_HOST) inactivity=710 slide=0 nativeSlideRaw=0 nativeSlideScaled=0
[efz_netplay_mod][pid=34424] nb_stub_ReadConsoleA: passthrough (ready=1 result=1 read=1 err=0)
[efz_netplay_mod][pid=8796] Takeover: connecting diag session=0x04BBCB80 sessionOff=0xA02EC roleFlag=2 ping=0 delay=-1 sync(mode=0 flag1084=0 session=0 flags=0/2 ready=0) src(exe=1 dll=1 roleDll=1 sessDll=1) hits(rc=2 auto=1 cp=0 wpm=0 crt=0)
[efz_netplay_mod][pid=8796] Takeover: runtime-ready probe ready=0 source=none localInit=0 prompt=0 input=0 session=0 bind(pid=0 handle=0) syncReady=0 role=2
[efz_netplay_mod][pid=8796] Takeover: late PatchIat retry result=1 attempts=25 success=25 elapsed=12500ms
[efz_netplay_mod][pid=8796] NetplayFrame: updates=1688 menu=Host selection=0 row=0(ROW_HOST) inactivity=837 slide=0 nativeSlideRaw=0 nativeSlideScaled=0
[efz_netplay_mod][pid=8796] HookedTitleUpdateImpl: calls=2400 netplayActive=1
[efz_netplay_mod][pid=8796] StateExport: heartbeat seq=4800 activity=1 menu=1 screen=0 mode=1 phase=1 role=0 side=-1 p1Wins=0 p2Wins=0 ping=-1 delay=-1 local='Aquatic' p1='' p2='' revival='1.02h' caps=0xB5 sessionId=1 setId=0 endReason=0
[efz_netplay_mod][pid=8796] Takeover: connecting diag session=0x04BBCB80 sessionOff=0xA02EC roleFlag=2 ping=0 delay=-1 sync(mode=0 flag1084=0 session=0 flags=0/2 ready=0) src(exe=1 dll=1 roleDll=1 sessDll=1) hits(rc=2 auto=1 cp=0 wpm=0 crt=0)
[efz_netplay_mod][pid=8796] NetplayFrame: updates=1817 menu=Host selection=0 row=0(ROW_HOST) inactivity=966 slide=0 nativeSlideRaw=0 nativeSlideScaled=0
[efz_netplay_mod][pid=8796] Takeover: runtime-ready probe ready=0 source=none localInit=0 prompt=0 input=0 session=0 bind(pid=0 handle=0) syncReady=0 role=2
[efz_netplay_mod][pid=34424] Takeover: console prompt detected type=delay serial=1 avg=-1 minPing=-1 maxPing=-1 rec=-1 range=0..20 text='Enter the initial input delay (between ) 0 and 20, none for recommended):'
[efz_netplay_mod][pid=8796] Takeover: delay prompt observed promptSerial=1 servedSerial=0 (waiting for init handshake/runtime sync before connected)
[efz_netplay_mod][pid=8796] DelayOverlay: activated promptSerial=1 ping=-1 current=0 min=0 max=20 recommended=0 names='' vs ''
[efz_netplay_mod][pid=8796] DelayOverlay: pixel draw surface=640x480 pitch=640
[efz_netplay_mod][pid=8796] Takeover: late PatchIat retry result=1 attempts=31 success=31 elapsed=15500ms
[efz_netplay_mod][pid=8796] Takeover: connecting diag session=0x04BBCB80 sessionOff=0xA02EC roleFlag=2 ping=0 delay=-1 sync(mode=0 flag1084=0 session=0 flags=0/2 ready=0) src(exe=1 dll=1 roleDll=1 sessDll=1) hits(rc=2 auto=1 cp=0 wpm=0 crt=0)
[efz_netplay_mod][pid=8796] NetplayFrame: updates=1944 menu=Host selection=0 row=0(ROW_HOST) inactivity=1093 slide=0 nativeSlideRaw=0 nativeSlideScaled=0
[efz_netplay_mod][pid=8796] HookedTitleUpdateImpl: calls=2700 netplayActive=1
[efz_netplay_mod][pid=8796] StateExport: heartbeat seq=5400 activity=1 menu=1 screen=0 mode=1 phase=1 role=0 side=-1 p1Wins=0 p2Wins=0 ping=-1 delay=-1 local='Aquatic' p1='' p2='' revival='1.02h' caps=0xB5 sessionId=1 setId=0 endReason=0
[efz_netplay_mod][pid=8796] Takeover: connecting diag session=0x04BBCB80 sessionOff=0xA02EC roleFlag=2 ping=0 delay=-1 sync(mode=0 flag1084=0 session=0 flags=0/2 ready=0) src(exe=1 dll=1 roleDll=1 sessDll=1) hits(rc=2 auto=1 cp=0 wpm=0 crt=0)
[efz_netplay_mod][pid=8796] Takeover: runtime-ready probe ready=0 source=none localInit=0 prompt=0 input=0 session=0 bind(pid=0 handle=0) syncReady=0 role=2
[efz_netplay_mod][pid=8796] Takeover: late PatchIat retry result=1 attempts=37 success=37 elapsed=18500ms
[efz_netplay_mod][pid=8796] NetplayFrame: updates=2072 menu=Host selection=0 row=0(ROW_HOST) inactivity=1221 slide=0 nativeSlideRaw=0 nativeSlideScaled=0
[efz_netplay_mod][pid=8796] TICK_HOOK: heartbeat frameTick=1200 session=0x04BBCB80 exeECX=0x11DF6888 match=0
[efz_netplay_mod][pid=8796] NetplayInput: P1(h=0 v=0 c=1 b=0) P2(h=0 v=0 c=0 b=0)
[efz_netplay_mod][pid=34424] nb_stub_ReadConsoleA: auto input serial=1 source=injected reason=prompt_delay_selected read=128 value='0
' count=2
[efz_netplay_mod][pid=8796] Takeover: ApplyInputDelay queued prompt input value=0 promptSerial=1 inputSerial=1
[efz_netplay_mod][pid=8796] SessionBridge: ApplyInputDelay value=0 result=1 phase=Connecting
[efz_netplay_mod][pid=8796] PlayUiSound: sfx=6 gameSystem=0x02970048
[efz_netplay_mod][pid=8796] DelayOverlay: confirmed player=0 selected=0 recommended=0 min=0 max=20 ping=-1 phase=Connecting syncReady=0
[efz_netplay_mod][pid=8796] DelayOverlay: waiting for runtime sync after delay selection phase=Connecting prompt=1/1
[efz_netplay_mod][pid=8796] NetplayInput: P1(h=0 v=0 c=0 b=0) P2(h=0 v=0 c=0 b=0)
[efz_netplay_mod][pid=34424] nb_stub_CreateProcessA: redirected to host pid=8796 source=injected
[efz_netplay_mod][pid=34424] nb_stub_ReadProcessMemory: spoof addr=0x007871F4 size=4 value=0x4386998F count=1
[efz_netplay_mod][pid=34424] nb_stub_CreateRemoteThread: bypass call start=0x76BC0E70 call=1 base=0x6C820000
[efz_netplay_mod][pid=8796] Takeover: observed takeover create path hits cp=1 wpm=1 crt=1
[efz_netplay_mod][pid=34424] nb_stub_WriteProcessMemory: observed init write mode=0 magic=102 dst=0x02AE0000
[efz_netplay_mod][pid=34424] nb_stub_WriteProcessMemory: captured init params via write mode=0 magic=102
[efz_netplay_mod][pid=34424] nb_stub_CreateRemoteThread: captured init params mode=0 magic=102 start=0x6C88F0B0 call=2
[efz_netplay_mod][pid=34424] Takeover: capture revival native logs=0 source=ini:D:\EFZ + Revival 1.02h\EfzRevival.ini
[efz_netplay_mod][pid=8796] Takeover: connecting diag session=0x04BBCB80 sessionOff=0xA02EC roleFlag=2 ping=0 delay=-1 sync(mode=0 flag1084=0 session=0 flags=0/2 ready=0) src(exe=1 dll=1 roleDll=1 sessDll=1) hits(rc=3 auto=2 cp=1 wpm=2 crt=2)
[efz_netplay_mod][pid=8796] DIAG[Tick_init_handshake_pre]: dllExitPatchesSaved=0 tournamentPatchesSaved=0 renderContextSaved=1 savedRenderCtx=0x725C6BC8
[efz_netplay_mod][pid=8796] DIAG[Tick_init_handshake_pre]: dllBase=0x6C820000 roleFlag=2 sessionPtr=0x04BBCB80 renderCtx=0x725C6BC8 globalState=0x02970048
[efz_netplay_mod][pid=8796] DIAG[Tick_init_handshake_pre]: session vtable=0x6C8B0544 initComplete=79499048 activePlayer=0
[efz_netplay_mod][pid=8796] DIAG[Tick_init_handshake_pre]: exitPatch[0] RVA=0x79BFD byte=0x74 expected=0x74
[efz_netplay_mod][pid=8796] DIAG[Tick_init_handshake_pre]: exitPatch[1] RVA=0x72CAF byte=0x74 expected=0x74
[efz_netplay_mod][pid=8796] DIAG[Tick_init_handshake_pre]: nearJccPatch[0] RVA=0x72B25 bytes=0F 85
[efz_netplay_mod][pid=8796] DIAG[Tick_init_handshake_pre]: nearJccPatch[1] RVA=0x72B2E bytes=0F 85
[efz_netplay_mod][pid=8796] DIAG[Tick_init_handshake_pre]: nearJccPatch[2] RVA=0x72EAB bytes=0F 84
[efz_netplay_mod][pid=8796] DIAG[Tick_init_handshake_pre]: nearJccPatch[3] RVA=0x72EBE bytes=0F 84
[efz_netplay_mod][pid=8796] DIAG[Tick_init_handshake_pre]: nearJccPatch[4] RVA=0x74CA1 bytes=0F 84
[efz_netplay_mod][pid=8796] DIAG[Tick_init_handshake_pre]: nearJccPatch[5] RVA=0x74CB4 bytes=0F 84
[efz_netplay_mod][pid=8796] DIAG[Tick_init_handshake_pre]: nearJccPatch[6] RVA=0x74CC1 bytes=0F 84
[efz_netplay_mod][pid=8796] DIAG[Tick_init_handshake_pre]: localRoleFlag=2 localInitApplied=0 exitIntercepted=0 exitMode=-1 frameHookInstalled=1 frameRecoveryPending=0 forceLocalPlayInitCount=0
[efz_netplay_mod][pid=8796] DIAG[Tick_init_handshake_pre]: revivalProcess=0x000012E8 revivalPid=34424 lastValidatedSession=0x04BBCB80 lastSessionPtrOffset=0xA02EC
[efz_netplay_mod][pid=8796] Takeover: init handshake observed (deferred) mode=0 magic=102 serial=3
[efz_netplay_mod][pid=8796] INIT_SNAP[Tick_init_pre]: roleFlag=2 sessionPtr=0x04BBCB80 initFlag=0 initByte=0x00 renderCtx=0x725C6BC8 renderCtxBase=0x00000000 initOnceGuard=0x00000101 timerPtr=0x725C6AD0 globalStatePtr=0x02970048
[efz_netplay_mod][pid=8796] INIT_SNAP[Tick_init_pre]: roleFlag[1]=0xA0610 val=1821111164
[efz_netplay_mod][pid=8796] INIT_SNAP[Tick_init_pre]: session vtable=0x6C8B0544 initComplete=79499048 activePlayer=0 queuePlayer=0 inputDelay=456957799
[efz_netplay_mod][pid=8796] INIT_SNAP[Tick_init_pre]: session currentFrame=0 gameModeSnap=0 matchId=0 sentinel=1463066146 helperHandle=0x00000000
[efz_netplay_mod][pid=8796] INIT_SNAP[Tick_init_pre]: session histPrimary=0x00000000 histSecondary=0x00000000 histPrimaryVec=0x04BBCE94 histSecondaryVec=0x04BBCEA0
[efz_netplay_mod][pid=8796] INIT_SNAP[Tick_init_pre]: session +4=13304013 +8=13107408 +12=2031646 +16=3080224 +36=1
[efz_netplay_mod][pid=8796] INIT_SNAP[Tick_init_pre]: g_localRoleFlag=2 g_localInitApplied=0 g_dllExitPatchesSaved=0 g_tournamentPatchesSaved=0 g_renderContextSaved=1 g_savedRenderCtx=0x725C6BC8 g_frameHookInstalled=1 initCount=0
[efz_netplay_mod][pid=8796] Tick_init_handshake: DestroyCurrentSession starting session=0x04BBCB80 role=2
[efz_netplay_mod][pid=8796] Tick_init_handshake: DestroyCurrentSession vtable=0x6C8B0544 (RVA 0x00090544)
[efz_netplay_mod][pid=8796] Tick_init_handshake: DestroyCurrentSession calling dtor vtable[0]=0x6C849090 session=0x04BBCB80 role=2
[efz_netplay_mod][pid=8796] Tick_init_handshake: DestroyCurrentSession destructor completed
[efz_netplay_mod][pid=8796] ResetModeConstructorTrampolineCache: cleared 2 entries
[efz_netplay_mod][pid=8796] Tick_init_handshake: DestroyCurrentSession done session=0x04BBCB80 role=2 globalsZeroed=1
[efz_netplay_mod][pid=8796] Tick_init_handshake: about to save EXE hook bytes before init() mode=0 oldSession=0x04BBCB80
[efz_netplay_mod][pid=8796] SaveExeFrameHookBytes: saved 10 bytes at 0x00401582 [E9 B9 F2 77 04 90 90 90 90 90]
[efz_netplay_mod][pid=8796] SaveModeCtorOriginalBytesOnce: captured 0x00763E50=[C6 40 2D 00 8B 4D D0] 0x00763F04=[8B 4D D0 C6 41 2D 00]
[efz_netplay_mod][pid=8796] RestoreModeCtorOriginalBytes: restored 0x00763E50=[C6 40 2D 00 8B 4D D0] 0x00763F04=[8B 4D D0 C6 41 2D 00]
[efz_netplay_mod][pid=8796] ResetModeConstructorTrampolineCache: cleared 2 entries
[efz_netplay_mod][pid=8796] Tick_init_handshake: 0x401582 pre-init  [E9 B9 F2 77 04 90 90 90 90 90]
[efz_netplay_mod][pid=8796] Tick_init_handshake: calling init(mode=0, magic=102)
[efz_netplay_mod][pid=8796] Tick_init_handshake: 0x401582 post-init [E9 99 5E C7 0C 90 90 90 90 90]
[efz_netplay_mod][pid=8796] Tick_init_handshake: restoring saved EXE hook bytes (mode=0)
[efz_netplay_mod][pid=8796] RestoreExeFrameHookBytes: restored 10 bytes at 0x00401582 [E9 B9 F2 77 04 90 90 90 90 90]
[efz_netplay_mod][pid=8796] Tick_init_handshake: 0x401582 restored  [E9 B9 F2 77 04 90 90 90 90 90]
[efz_netplay_mod][pid=8796] Tick_init_handshake: modeCtorFixup 0x00763E50 tramp=0D0775E0 orig=[C6 40 2D 00 8B 4D D0]
[efz_netplay_mod][pid=8796] Tick_init_handshake: modeCtorFixup 0x00763E50 no relative instructions found
[efz_netplay_mod][pid=8796] Tick_init_handshake: modeCtorFixup 0x00763F04 tramp=0D077680 orig=[8B 4D D0 C6 41 2D 00]
[efz_netplay_mod][pid=8796] Tick_init_handshake: modeCtorFixup 0x00763F04 no relative instructions found
[efz_netplay_mod][pid=8796] INIT_SNAP[Tick_init_post]: roleFlag=0 sessionPtr=0x14ADCE20 initFlag=0 initByte=0x00 renderCtx=0x725C6BC8 renderCtxBase=0x00000000 initOnceGuard=0x00000101 timerPtr=0x725C6AD0 globalStatePtr=0x02970048
[efz_netplay_mod][pid=8796] INIT_SNAP[Tick_init_post]: roleFlag[1]=0xA0610 val=1821111164
[efz_netplay_mod][pid=8796] INIT_SNAP[Tick_init_post]: session vtable=0x6C8B0400 initComplete=0 activePlayer=0 queuePlayer=1 inputDelay=0
[efz_netplay_mod][pid=8796] INIT_SNAP[Tick_init_post]: session currentFrame=0 gameModeSnap=0 matchId=0 sentinel=2147482647 helperHandle=0x00000000
[efz_netplay_mod][pid=8796] INIT_SNAP[Tick_init_post]: session histPrimary=0x00000000 histSecondary=0x14ADD198 histPrimaryVec=0x14ADD134 histSecondaryVec=0x14ADD140
[efz_netplay_mod][pid=8796] INIT_SNAP[Tick_init_post]: session +4=149191928 +8=344 +12=0 +16=131072 +36=480
[efz_netplay_mod][pid=8796] INIT_SNAP[Tick_init_post]: g_localRoleFlag=0 g_localInitApplied=1 g_dllExitPatchesSaved=0 g_tournamentPatchesSaved=0 g_renderContextSaved=1 g_savedRenderCtx=0x725C6BC8 g_frameHookInstalled=1 initCount=0
[efz_netplay_mod][pid=8796] Takeover: local init(mode=0 magic=102) result=1699600 [deferred] oldSession=0x04BBCB80 newSession=0x14ADCE20
[efz_netplay_mod][pid=8796] Takeover: InvokeStartInitPlayer calling sub_10072880 session=0x14ADCE20 fn=0x6C893220 initComplete=0
[efz_netplay_mod][pid=8796] Takeover: InvokeStartInitPlayer completed session=0x14ADCE20 initComplete=1 activePlayer=0
[efz_netplay_mod][pid=8796] Takeover: netplay role = Host (P1, activePlayer=0)
[efz_netplay_mod][pid=8796] INIT_SNAP[Tick_startInitPlayer_post]: roleFlag=0 sessionPtr=0x14ADCE20 initFlag=0 initByte=0x00 renderCtx=0x725C6BC8 renderCtxBase=0x00000000 initOnceGuard=0x00000101 timerPtr=0x725C6AD0 globalStatePtr=0x02970048
[efz_netplay_mod][pid=8796] INIT_SNAP[Tick_startInitPlayer_post]: roleFlag[1]=0xA0610 val=1821111164
[efz_netplay_mod][pid=8796] INIT_SNAP[Tick_startInitPlayer_post]: session vtable=0x6C8B0400 initComplete=1 activePlayer=0 queuePlayer=1 inputDelay=0
[efz_netplay_mod][pid=8796] INIT_SNAP[Tick_startInitPlayer_post]: session currentFrame=0 gameModeSnap=0 matchId=0 sentinel=2147482647 helperHandle=0x00001478
[efz_netplay_mod][pid=8796] INIT_SNAP[Tick_startInitPlayer_post]: session histPrimary=0x14ADD134 histSecondary=0x14ADD140 histPrimaryVec=0x14ADD134 histSecondaryVec=0x14ADD140
[efz_netplay_mod][pid=8796] INIT_SNAP[Tick_startInitPlayer_post]: session +4=0 +8=0 +12=0 +16=0 +36=480
[efz_netplay_mod][pid=8796] INIT_SNAP[Tick_startInitPlayer_post]: g_localRoleFlag=0 g_localInitApplied=1 g_dllExitPatchesSaved=0 g_tournamentPatchesSaved=0 g_renderContextSaved=1 g_savedRenderCtx=0x725C6BC8 g_frameHookInstalled=1 initCount=0
[efz_netplay_mod][pid=8796] Takeover: InvokeStartInitPlayer result=1 [deferred]
[efz_netplay_mod][pid=8796] Takeover: init snapshot step SaveAndApplyDllExitProcessPatches for mode=0 (to be reversed by RestoreDllExitProcessPatches on exit)
[efz_netplay_mod][pid=8796] SaveAndApplyDllExitProcessPatches: site 0 RVA 0x79BFD: patched 0x74 -> 0xEB
[efz_netplay_mod][pid=8796] SaveAndApplyDllExitProcessPatches: site 1 RVA 0x72CAF: patched 0x74 -> 0xEB
[efz_netplay_mod][pid=8796] SaveAndApplyDllExitProcessPatches: near-Jcc 0 RVA 0x72B25: patched 0F 85 -> 6xNOP
[efz_netplay_mod][pid=8796] SaveAndApplyDllExitProcessPatches: near-Jcc 1 RVA 0x72B2E: patched 0F 85 -> 6xNOP
[efz_netplay_mod][pid=8796] SaveAndApplyDllExitProcessPatches: near-Jcc 2 RVA 0x72EAB: patched 0F 84 -> 6xNOP
[efz_netplay_mod][pid=8796] SaveAndApplyDllExitProcessPatches: near-Jcc 3 RVA 0x72EBE: patched 0F 84 -> 6xNOP
[efz_netplay_mod][pid=8796] SaveAndApplyDllExitProcessPatches: near-Jcc 4 RVA 0x74CA1: patched 0F 84 -> 6xNOP
[efz_netplay_mod][pid=8796] SaveAndApplyDllExitProcessPatches: near-Jcc 5 RVA 0x74CB4: patched 0F 84 -> 6xNOP
[efz_netplay_mod][pid=8796] SaveAndApplyDllExitProcessPatches: near-Jcc 6 RVA 0x74CC1: patched 0F 84 -> 6xNOP
[efz_netplay_mod][pid=8796] SaveAndApplyDllExitProcessPatches: applied 2/2 single-byte + 7/7 near-Jcc patches
[efz_netplay_mod][pid=8796] SaveAndApplyDllExitProcessPatches: all patches verified OK
[efz_netplay_mod][pid=8796] Takeover: init snapshot complete for mode=0
[efz_netplay_mod][pid=8796] Takeover: post-init session binding mode=0 source=strict session=0x14ADCE20 pidField=34424 expectedPid=34424 handle=0x00001478 handlePid=34424 handleExit=259 patched(pid=0 handle=0)
[efz_netplay_mod][pid=8796] INIT_SNAP[Tick_initSequence_complete]: roleFlag=0 sessionPtr=0x14ADCE20 initFlag=0 initByte=0x00 renderCtx=0x725C6BC8 renderCtxBase=0x00000000 initOnceGuard=0x00000101 timerPtr=0x725C6AD0 globalStatePtr=0x02970048
[efz_netplay_mod][pid=8796] INIT_SNAP[Tick_initSequence_complete]: roleFlag[1]=0xA0610 val=1821111164
[efz_netplay_mod][pid=8796] INIT_SNAP[Tick_initSequence_complete]: session vtable=0x6C8B0400 initComplete=1 activePlayer=0 queuePlayer=1 inputDelay=0
[efz_netplay_mod][pid=8796] INIT_SNAP[Tick_initSequence_complete]: session currentFrame=0 gameModeSnap=0 matchId=0 sentinel=2147482647 helperHandle=0x00001478
[efz_netplay_mod][pid=8796] INIT_SNAP[Tick_initSequence_complete]: session histPrimary=0x14ADD134 histSecondary=0x14ADD140 histPrimaryVec=0x14ADD134 histSecondaryVec=0x14ADD140
[efz_netplay_mod][pid=8796] INIT_SNAP[Tick_initSequence_complete]: session +4=0 +8=0 +12=0 +16=0 +36=480
[efz_netplay_mod][pid=8796] INIT_SNAP[Tick_initSequence_complete]: g_localRoleFlag=0 g_localInitApplied=1 g_dllExitPatchesSaved=1 g_tournamentPatchesSaved=0 g_renderContextSaved=1 g_savedRenderCtx=0x725C6BC8 g_frameHookInstalled=1 initCount=0
[efz_netplay_mod][pid=8796] DIAG[Tick_init_handshake_post]: dllExitPatchesSaved=1 tournamentPatchesSaved=0 renderContextSaved=1 savedRenderCtx=0x725C6BC8
[efz_netplay_mod][pid=8796] DIAG[Tick_init_handshake_post]: dllBase=0x6C820000 roleFlag=0 sessionPtr=0x14ADCE20 renderCtx=0x725C6BC8 globalState=0x02970048
[efz_netplay_mod][pid=8796] DIAG[Tick_init_handshake_post]: session vtable=0x6C8B0400 initComplete=1 activePlayer=0
[efz_netplay_mod][pid=8796] DIAG[Tick_init_handshake_post]: exitPatch[0] RVA=0x79BFD byte=0xEB expected=0x74
[efz_netplay_mod][pid=8796] DIAG[Tick_init_handshake_post]: exitPatch[1] RVA=0x72CAF byte=0xEB expected=0x74
[efz_netplay_mod][pid=8796] DIAG[Tick_init_handshake_post]: nearJccPatch[0] RVA=0x72B25 bytes=90 90
[efz_netplay_mod][pid=8796] DIAG[Tick_init_handshake_post]: nearJccPatch[1] RVA=0x72B2E bytes=90 90
[efz_netplay_mod][pid=8796] DIAG[Tick_init_handshake_post]: nearJccPatch[2] RVA=0x72EAB bytes=90 90
[efz_netplay_mod][pid=8796] DIAG[Tick_init_handshake_post]: nearJccPatch[3] RVA=0x72EBE bytes=90 90
[efz_netplay_mod][pid=8796] DIAG[Tick_init_handshake_post]: nearJccPatch[4] RVA=0x74CA1 bytes=90 90
[efz_netplay_mod][pid=8796] DIAG[Tick_init_handshake_post]: nearJccPatch[5] RVA=0x74CB4 bytes=90 90
[efz_netplay_mod][pid=8796] DIAG[Tick_init_handshake_post]: nearJccPatch[6] RVA=0x74CC1 bytes=90 90
[efz_netplay_mod][pid=8796] DIAG[Tick_init_handshake_post]: localRoleFlag=0 localInitApplied=1 exitIntercepted=0 exitMode=-1 frameHookInstalled=1 frameRecoveryPending=0 forceLocalPlayInitCount=0
[efz_netplay_mod][pid=8796] DIAG[Tick_init_handshake_post]: revivalProcess=0x000012E8 revivalPid=34424 lastValidatedSession=0x14ADCE20 lastSessionPtrOffset=0xA02EC
[efz_netplay_mod][pid=8796] Takeover: runtime-ready probe ready=1 source=post_delay_binding localInit=1 prompt=1 input=1 session=1 bind(pid=1 handle=1) syncReady=0 role=0
[efz_netplay_mod][pid=8796] Takeover: phase Connecting -> DelaySetup reason=''
[efz_netplay_mod][pid=8796] Takeover: promoted to delay setup prompt=1/1 ping=0 delay=0
[efz_netplay_mod][pid=8796] Takeover: phase DelaySetup -> Connected reason=''
[efz_netplay_mod][pid=8796] Takeover: promoted to connected after runtime ready source=post_delay_binding sync=0/0/0 ping=0 delay=0
[efz_netplay_mod][pid=8796] StateExport: network ping=-1->0 delay=-1->0 seq=5728
[efz_netplay_mod][pid=8796] DelayOverlay: connected pre-handoff delay started frames=18 sync(mode=0 flag1084=0 session=0)
[efz_netplay_mod][pid=8796] StateExport: nicknames local='Aquatic'->'Aquatic' p1=''->'Aquatic' p2=''->'Aquatic_mod' seq=5729
[efz_netplay_mod][pid=8796] StateExport: network ping=0->1 delay=0->0 seq=5841
[efz_netplay_mod][pid=8796] StateExport: network ping=1->0 delay=0->0 seq=5854
[efz_netplay_mod][pid=8796] StateExport: heartbeat seq=6000 activity=1 menu=1 screen=0 mode=1 phase=3 role=1 side=0 p1Wins=0 p2Wins=0 ping=0 delay=0 local='Aquatic' p1='Aquatic' p2='Aquatic_mod' revival='1.02h' caps=0xBD sessionId=1 setId=0 endReason=0
[efz_netplay_mod][pid=8796] StateExport: network ping=0->1 delay=0->0 seq=6033
[efz_netplay_mod][pid=8796] StateExport: network ping=1->0 delay=0->0 seq=6046
[efz_netplay_mod][pid=8796] StateExport: network ping=0->1 delay=0->0 seq=6110
[efz_netplay_mod][pid=8796] StateExport: network ping=1->0 delay=0->0 seq=6135
[efz_netplay_mod][pid=8796] StateExport: network ping=0->1 delay=0->0 seq=6174
[efz_netplay_mod][pid=8796] StateExport: network ping=1->0 delay=0->0 seq=6199
[efz_netplay_mod][pid=8796] TICK_HOOK: heartbeat frameTick=1800 session=0x14ADCE20 exeECX=0x11DF6888 match=0
[efz_netplay_mod][pid=8796] StateExport: network ping=0->1 delay=0->0 seq=6557
[efz_netplay_mod][pid=8796] StateExport: network ping=1->0 delay=0->0 seq=6570
[efz_netplay_mod][pid=8796] StateExport: network ping=0->1 delay=0->0 seq=6583
[efz_netplay_mod][pid=8796] StateExport: network ping=1->0 delay=0->0 seq=6595
[efz_netplay_mod][pid=8796] StateExport: heartbeat seq=6600 activity=1 menu=1 screen=0 mode=1 phase=3 role=1 side=0 p1Wins=0 p2Wins=0 ping=0 delay=0 local='Aquatic' p1='Aquatic' p2='Aquatic_mod' revival='1.02h' caps=0xBD sessionId=1 setId=0 endReason=0
[efz_netplay_mod][pid=8796] StateExport: network ping=0->1 delay=0->0 seq=6621
[efz_netplay_mod][pid=8796] NetplayFrame: updates=2167 menu=Host selection=0 row=0(ROW_HOST) inactivity=1315 slide=0 nativeSlideRaw=0 nativeSlideScaled=0
[efz_netplay_mod][pid=8796] NetplayInput: P1(h=0 v=1 c=0 b=0) P2(h=0 v=0 c=0 b=0)
[efz_netplay_mod][pid=8796] NetplayInput: P1(h=0 v=0 c=0 b=0) P2(h=0 v=0 c=0 b=0)
[efz_netplay_mod][pid=8796] NetplayInput: P1(h=0 v=1 c=0 b=0) P2(h=0 v=0 c=0 b=0)
[efz_netplay_mod][pid=8796] NetplayInput: P1(h=0 v=0 c=0 b=0) P2(h=0 v=0 c=0 b=0)
[efz_netplay_mod][pid=8796] NetplayInput: P1(h=0 v=0 c=1 b=0) P2(h=0 v=0 c=0 b=0)
[efz_netplay_mod][pid=8796] NetplayInput: P1(h=0 v=0 c=0 b=0) P2(h=0 v=0 c=0 b=0)
[efz_netplay_mod][pid=8796] DelayOverlay: runtime sync ready after delay selection phase=Connected sync(mode=0 flag1084=0 session=0)
[efz_netplay_mod][pid=8796] Takeover: host revival base=0x6C820000
[efz_netplay_mod][pid=8796] Takeover: PrepareVsHumanHandoff roleSet=1 syncReady=0 mode=0 flag1084=0 sessionByte=0 flags=0/2 roleFlag=0
[efz_netplay_mod][pid=8796] SessionBridge: PrepareVsHumanHandoff result=1 sync(mode=0 flag1084=0 session=0 flags=0/2)
[efz_netplay_mod][pid=8796] HandoffConnectedSessionToVsHumanState: begin prepared=1 sync(mode=0 flag1084=0 session=0 flags=0/2 role=0) screen=0 peerAlive=1 PRE_charselect(obj=0x11DF6CE0 init=1 exit=0 mode=0/2)
[efz_netplay_mod][pid=8796] RunTransitionFadeOut: begin palette=299854006 baseVolume=0 volumeAdjustment=0
[efz_netplay_mod][pid=8796] RunTransitionFadeOut: complete result=1
[efz_netplay_mod][pid=8796] PrepareVsHumanGameState: charselect full reset grid p1(0,0) p2(2,0) color=0/0 (obj=0x11DF6CE0)
[efz_netplay_mod][pid=8796] PrepareVsHumanGameState: mode=4 secondaryMode=4 replaySession=0 rounds=2 cpuFlags=0/0 wins=0/0 match=0 continue=0 stage=0
[efz_netplay_mod][pid=8796] StopCurrentBgm: reason=handoff_connected_session gameSystem=0x02970048 result=1
[efz_netplay_mod][pid=8796] RemoveNetplayWindowHook: restored
[efz_netplay_mod][pid=8796] StateExport: STALL detected — 328 ms since last update (seq=6643 phase=3)
[efz_netplay_mod][pid=8796] StateExport: flow menu=1->0 charsel=0->0 match=0->0 screen=0 mode=1 phase=3 role=1 p1Wins=0 p2Wins=0
[efz_netplay_mod][pid=8796] StateExport: activity 1->0 screen=0 mode=1 phase=3 role=1 side=0 p1='Aquatic' p2='Aquatic_mod' caps=0x2D sessionId=1 setId=0 seq=6644
[efz_netplay_mod][pid=8796] HandoffConnectedSessionToVsHumanState: queued global transition nextState=1 returnToNetplay=1 POST_charselect(init=1 exit=0 mode=4/4)
[efz_netplay_mod][pid=8796] NetplayTransition: returning global state=1 from netplay menu
[efz_netplay_mod][pid=8796] StateExport: charsel p1CharId=255->6 locked=0->0 p2CharId=255->4 locked=0->0 cursor=6 seq=6645
[efz_netplay_mod][pid=8796] StateExport: flow menu=0->0 charsel=0->1 match=0->0 screen=1 mode=1 phase=3 role=1 p1Wins=0 p2Wins=0
[efz_netplay_mod][pid=8796] StateExport: activity 0->4 screen=1 mode=1 phase=3 role=1 side=0 p1='Aquatic' p2='Aquatic_mod' caps=0x1ED sessionId=1 setId=0 seq=6645
[efz_netplay_mod][pid=8796] StateExport:   charsel p1CharId=6 p2CharId=4 p1Locked=0 p2Locked=0 cursorChar=6
[efz_netplay_mod][pid=8796] SCREEN_MONITOR: index 0 -> 1 tick=2180 mode=4/4 screenObj=0x11DF6CE0 charselect(init=1 exit=0 obj=0x11DF6CE0)
[efz_netplay_mod][pid=8796] StateExport: STALL detected — 344 ms since last update (seq=6645 phase=3)
[efz_netplay_mod][pid=8796] StateExport: network ping=1->0 delay=0->1 seq=6646
[efz_netplay_mod][pid=8796] StateExport: charsel p1CharId=6->7 locked=0->1 p2CharId=4->4 locked=0->0 cursor=7 seq=6725
[efz_netplay_mod][pid=8796] StateExport: charsel p1CharId=7->1 locked=1->1 p2CharId=4->4 locked=0->0 cursor=1 seq=6726
[efz_netplay_mod][pid=8796] StateExport: charsel p1CharId=1->3 locked=1->1 p2CharId=4->4 locked=0->0 cursor=3 seq=6727
[efz_netplay_mod][pid=8796] StateExport: charsel p1CharId=3->9 locked=1->1 p2CharId=4->4 locked=0->0 cursor=9 seq=6728
[efz_netplay_mod][pid=8796] StateExport: charsel p1CharId=9->2 locked=1->1 p2CharId=4->4 locked=0->0 cursor=2 seq=6729
[efz_netplay_mod][pid=8796] StateExport: charsel p1CharId=2->20 locked=1->1 p2CharId=4->4 locked=0->0 cursor=20 seq=6730
[efz_netplay_mod][pid=8796] StateExport: charsel p1CharId=20->12 locked=1->1 p2CharId=4->4 locked=0->0 cursor=12 seq=6731
[efz_netplay_mod][pid=8796] StateExport: charsel p1CharId=12->15 locked=1->1 p2CharId=4->4 locked=0->0 cursor=15 seq=6732
[efz_netplay_mod][pid=8796] StateExport: charsel p1CharId=15->13 locked=1->1 p2CharId=4->4 locked=0->0 cursor=13 seq=6735
[efz_netplay_mod][pid=8796] StateExport: network ping=0->4 delay=1->1 seq=6738
[efz_netplay_mod][pid=8796] StateExport: charsel p1CharId=13->15 locked=1->1 p2CharId=4->4 locked=0->0 cursor=15 seq=6738
[efz_netplay_mod][pid=8796] StateExport: charsel p1CharId=15->255 locked=1->1 p2CharId=4->4 locked=0->0 cursor=255 seq=6739
[efz_netplay_mod][pid=8796] StateExport: charsel p1CharId=255->0 locked=1->1 p2CharId=4->4 locked=0->0 cursor=0 seq=6741
[efz_netplay_mod][pid=8796] StateExport: charsel p1CharId=0->6 locked=1->1 p2CharId=4->4 locked=0->0 cursor=6 seq=6743
[efz_netplay_mod][pid=8796] StateExport: charsel p1CharId=6->7 locked=1->1 p2CharId=4->4 locked=0->0 cursor=7 seq=6744
[efz_netplay_mod][pid=8796] StateExport: charsel p1CharId=7->1 locked=1->1 p2CharId=4->4 locked=0->0 cursor=1 seq=6745
[efz_netplay_mod][pid=8796] StateExport: charsel p1CharId=1->8 locked=1->1 p2CharId=4->4 locked=0->0 cursor=8 seq=6747
[efz_netplay_mod][pid=8796] StateExport: charsel p1CharId=8->9 locked=1->1 p2CharId=4->4 locked=0->0 cursor=9 seq=6749
[efz_netplay_mod][pid=8796] StateExport: network ping=4->0 delay=1->1 seq=6750
[efz_netplay_mod][pid=8796] StateExport: charsel p1CharId=9->2 locked=1->1 p2CharId=4->4 locked=0->0 cursor=2 seq=6751
[efz_netplay_mod][pid=8796] StateExport: charsel p1CharId=2->9 locked=1->1 p2CharId=4->4 locked=0->0 cursor=9 seq=6752
[efz_netplay_mod][pid=8796] StateExport: charsel p1CharId=9->2 locked=1->1 p2CharId=4->4 locked=0->0 cursor=2 seq=6753
[efz_netplay_mod][pid=8796] StateExport: charsel p1CharId=2->20 locked=1->1 p2CharId=4->4 locked=0->0 cursor=20 seq=6754
[efz_netplay_mod][pid=8796] StateExport: charsel p1CharId=20->23 locked=1->1 p2CharId=4->4 locked=0->0 cursor=23 seq=6755
[efz_netplay_mod][pid=8796] StateExport: charsel p1CharId=23->20 locked=1->1 p2CharId=4->4 locked=0->0 cursor=20 seq=6756
[efz_netplay_mod][pid=8796] StateExport: charsel p1CharId=20->21 locked=1->1 p2CharId=4->4 locked=0->0 cursor=21 seq=6759
[efz_netplay_mod][pid=8796] StateExport: charsel p1CharId=21->23 locked=1->1 p2CharId=4->4 locked=0->0 cursor=23 seq=6760
[efz_netplay_mod][pid=8796] StateExport: charsel p1CharId=23->14 locked=1->1 p2CharId=4->4 locked=0->0 cursor=14 seq=6761
[efz_netplay_mod][pid=8796] StateExport: charsel p1CharId=14->12 locked=1->1 p2CharId=4->4 locked=0->0 cursor=12 seq=6762
[efz_netplay_mod][pid=8796] StateExport: charsel p1CharId=12->15 locked=1->1 p2CharId=4->4 locked=0->0 cursor=15 seq=6763
[efz_netplay_mod][pid=8796] StateExport: charsel p1CharId=15->17 locked=1->1 p2CharId=4->4 locked=0->0 cursor=17 seq=6764
[efz_netplay_mod][pid=8796] StateExport: charsel p1CharId=17->15 locked=1->1 p2CharId=4->4 locked=0->0 cursor=15 seq=6765
[efz_netplay_mod][pid=8796] StateExport: charsel p1CharId=15->255 locked=1->1 p2CharId=4->4 locked=0->0 cursor=255 seq=6766
[efz_netplay_mod][pid=8796] StateExport: charsel p1CharId=255->19 locked=1->1 p2CharId=4->4 locked=0->0 cursor=19 seq=6767
[efz_netplay_mod][pid=8796] StateExport: charsel p1CharId=19->255 locked=1->1 p2CharId=4->4 locked=0->0 cursor=255 seq=6769
[efz_netplay_mod][pid=8796] StateExport: charsel p1CharId=255->16 locked=1->1 p2CharId=4->4 locked=0->0 cursor=16 seq=6770
[efz_netplay_mod][pid=8796] StateExport: charsel p1CharId=16->6 locked=1->1 p2CharId=4->4 locked=0->0 cursor=6 seq=6771
[efz_netplay_mod][pid=8796] StateExport: charsel p1CharId=6->7 locked=1->1 p2CharId=4->4 locked=0->0 cursor=7 seq=6772
[efz_netplay_mod][pid=8796] StateExport: charsel p1CharId=7->1 locked=1->1 p2CharId=4->4 locked=0->0 cursor=1 seq=6775
[efz_netplay_mod][pid=8796] StateExport: charsel p1CharId=1->8 locked=1->1 p2CharId=4->4 locked=0->0 cursor=8 seq=6776
[efz_netplay_mod][pid=8796] StateExport: charsel p1CharId=8->9 locked=1->1 p2CharId=4->4 locked=0->0 cursor=9 seq=6777
[efz_netplay_mod][pid=8796] StateExport: charsel p1CharId=9->8 locked=1->1 p2CharId=4->4 locked=0->0 cursor=8 seq=6778
[efz_netplay_mod][pid=8796] StateExport: charsel p1CharId=8->23 locked=1->1 p2CharId=4->4 locked=0->0 cursor=23 seq=6779
[efz_netplay_mod][pid=8796] StateExport: charsel p1CharId=23->14 locked=1->1 p2CharId=4->4 locked=0->0 cursor=14 seq=6780
[efz_netplay_mod][pid=8796] StateExport: charsel p1CharId=14->17 locked=1->1 p2CharId=4->4 locked=0->0 cursor=17 seq=6781
[efz_netplay_mod][pid=8796] StateExport: charsel p1CharId=17->16 locked=1->1 p2CharId=4->4 locked=0->0 cursor=16 seq=6782
[efz_netplay_mod][pid=8796] StateExport: charsel p1CharId=16->16 locked=1->0 p2CharId=4->4 locked=0->0 cursor=16 seq=6784
[efz_netplay_mod][pid=8796] TICK_HOOK: heartbeat frameTick=2400 session=0x14ADCE20 exeECX=0x11DF6CE0 match=0
[efz_netplay_mod][pid=8796] StateExport: network ping=0->1 delay=1->1 seq=6878
[efz_netplay_mod][pid=8796] StateExport: network ping=1->2 delay=1->1 seq=6891
[efz_netplay_mod][pid=8796] StateExport: network ping=2->0 delay=1->1 seq=6903
[efz_netplay_mod][pid=8796] StateExport: charsel p1CharId=16->16 locked=0->0 p2CharId=4->6 locked=0->1 cursor=16 seq=6918
[efz_netplay_mod][pid=8796] StateExport: charsel p1CharId=16->16 locked=0->0 p2CharId=6->4 locked=1->1 cursor=16 seq=6919
[efz_netplay_mod][pid=8796] StateExport: charsel p1CharId=16->16 locked=0->0 p2CharId=4->11 locked=1->1 cursor=16 seq=6920
[efz_netplay_mod][pid=8796] StateExport: charsel p1CharId=16->16 locked=0->0 p2CharId=11->7 locked=1->1 cursor=16 seq=6921
[efz_netplay_mod][pid=8796] StateExport: charsel p1CharId=16->16 locked=0->0 p2CharId=7->1 locked=1->1 cursor=16 seq=6922
[efz_netplay_mod][pid=8796] StateExport: charsel p1CharId=16->16 locked=0->0 p2CharId=1->3 locked=1->1 cursor=16 seq=6923
[efz_netplay_mod][pid=8796] StateExport: charsel p1CharId=16->16 locked=0->0 p2CharId=3->9 locked=1->1 cursor=16 seq=6924
[efz_netplay_mod][pid=8796] StateExport: charsel p1CharId=16->16 locked=0->0 p2CharId=9->21 locked=1->1 cursor=16 seq=6925
[efz_netplay_mod][pid=8796] StateExport: charsel p1CharId=16->16 locked=0->0 p2CharId=21->23 locked=1->1 cursor=16 seq=6926
[efz_netplay_mod][pid=8796] StateExport: charsel p1CharId=16->16 locked=0->0 p2CharId=23->14 locked=1->1 cursor=16 seq=6929
[efz_netplay_mod][pid=8796] StateExport: charsel p1CharId=16->16 locked=0->0 p2CharId=14->12 locked=1->1 cursor=16 seq=6930
[efz_netplay_mod][pid=8796] StateExport: charsel p1CharId=16->16 locked=0->0 p2CharId=12->18 locked=1->1 cursor=16 seq=6932
[efz_netplay_mod][pid=8796] StateExport: charsel p1CharId=16->16 locked=0->0 p2CharId=18->12 locked=1->1 cursor=16 seq=6933
[efz_netplay_mod][pid=8796] StateExport: charsel p1CharId=16->16 locked=0->0 p2CharId=12->15 locked=1->1 cursor=16 seq=6934
[efz_netplay_mod][pid=8796] StateExport: charsel p1CharId=16->16 locked=0->0 p2CharId=15->255 locked=1->1 cursor=16 seq=6935
[efz_netplay_mod][pid=8796] StateExport: charsel p1CharId=16->16 locked=0->0 p2CharId=255->16 locked=1->1 cursor=16 seq=6936
[efz_netplay_mod][pid=8796] StateExport: charsel p1CharId=16->16 locked=0->0 p2CharId=16->6 locked=1->1 cursor=16 seq=6937
[efz_netplay_mod][pid=8796] StateExport: charsel p1CharId=16->16 locked=0->0 p2CharId=6->7 locked=1->1 cursor=16 seq=6938
[efz_netplay_mod][pid=8796] StateExport: charsel p1CharId=16->16 locked=0->0 p2CharId=7->1 locked=1->1 cursor=16 seq=6939
[efz_netplay_mod][pid=8796] StateExport: charsel p1CharId=16->16 locked=0->0 p2CharId=1->8 locked=1->1 cursor=16 seq=6940
[efz_netplay_mod][pid=8796] StateExport: charsel p1CharId=16->16 locked=0->0 p2CharId=8->23 locked=1->1 cursor=16 seq=6941
[efz_netplay_mod][pid=8796] StateExport: charsel p1CharId=16->16 locked=0->0 p2CharId=23->20 locked=1->1 cursor=16 seq=6942
[efz_netplay_mod][pid=8796] StateExport: charsel p1CharId=16->16 locked=0->0 p2CharId=20->12 locked=1->1 cursor=16 seq=6943
[efz_netplay_mod][pid=8796] StateExport: charsel p1CharId=16->16 locked=0->0 p2CharId=12->15 locked=1->1 cursor=16 seq=6944
[efz_netplay_mod][pid=8796] StateExport: charsel p1CharId=16->16 locked=0->0 p2CharId=15->13 locked=1->1 cursor=16 seq=6946
[efz_netplay_mod][pid=8796] StateExport: charsel p1CharId=16->16 locked=0->0 p2CharId=13->17 locked=1->1 cursor=16 seq=6947
[efz_netplay_mod][pid=8796] StateExport: charsel p1CharId=16->16 locked=0->0 p2CharId=17->16 locked=1->1 cursor=16 seq=6948
[efz_netplay_mod][pid=8796] StateExport: charsel p1CharId=16->16 locked=0->0 p2CharId=16->6 locked=1->1 cursor=16 seq=6949
[efz_netplay_mod][pid=8796] StateExport: charsel p1CharId=16->16 locked=0->0 p2CharId=6->4 locked=1->1 cursor=16 seq=6950
[efz_netplay_mod][pid=8796] StateExport: charsel p1CharId=16->16 locked=0->0 p2CharId=4->11 locked=1->1 cursor=16 seq=6951
[efz_netplay_mod][pid=8796] StateExport: charsel p1CharId=16->16 locked=0->0 p2CharId=11->5 locked=1->1 cursor=16 seq=6952
[efz_netplay_mod][pid=8796] StateExport: charsel p1CharId=16->16 locked=0->0 p2CharId=5->11 locked=1->1 cursor=16 seq=6953
[efz_netplay_mod][pid=8796] StateExport: charsel p1CharId=16->16 locked=0->0 p2CharId=11->3 locked=1->1 cursor=16 seq=6954
[efz_netplay_mod][pid=8796] StateExport: charsel p1CharId=16->16 locked=0->0 p2CharId=3->10 locked=1->1 cursor=16 seq=6955
[efz_netplay_mod][pid=8796] StateExport: charsel p1CharId=16->16 locked=0->0 p2CharId=10->3 locked=1->1 cursor=16 seq=6956
[efz_netplay_mod][pid=8796] StateExport: charsel p1CharId=16->16 locked=0->0 p2CharId=3->1 locked=1->1 cursor=16 seq=6957
[efz_netplay_mod][pid=8796] StateExport: charsel p1CharId=16->16 locked=0->0 p2CharId=1->8 locked=1->1 cursor=16 seq=6958
[efz_netplay_mod][pid=8796] StateExport: charsel p1CharId=16->16 locked=0->0 p2CharId=8->23 locked=1->1 cursor=16 seq=6959
[efz_netplay_mod][pid=8796] StateExport: charsel p1CharId=16->16 locked=0->0 p2CharId=23->20 locked=1->1 cursor=16 seq=6960
[efz_netplay_mod][pid=8796] StateExport: charsel p1CharId=16->16 locked=0->0 p2CharId=20->12 locked=1->1 cursor=16 seq=6961
[efz_netplay_mod][pid=8796] StateExport: charsel p1CharId=16->16 locked=0->0 p2CharId=12->18 locked=1->1 cursor=16 seq=6962
[efz_netplay_mod][pid=8796] StateExport: charsel p1CharId=16->16 locked=0->0 p2CharId=18->13 locked=1->1 cursor=16 seq=6964
[efz_netplay_mod][pid=8796] StateExport: charsel p1CharId=16->16 locked=0->0 p2CharId=13->19 locked=1->1 cursor=16 seq=6965
[efz_netplay_mod][pid=8796] StateExport: charsel p1CharId=16->16 locked=0->0 p2CharId=19->255 locked=1->1 cursor=16 seq=6967
[efz_netplay_mod][pid=8796] StateExport: charsel p1CharId=16->16 locked=0->0 p2CharId=255->0 locked=1->1 cursor=16 seq=6968
[efz_netplay_mod][pid=8796] StateExport: charsel p1CharId=16->16 locked=0->0 p2CharId=0->6 locked=1->1 cursor=16 seq=6969
[efz_netplay_mod][pid=8796] StateExport: charsel p1CharId=16->16 locked=0->0 p2CharId=6->7 locked=1->1 cursor=16 seq=6970
[efz_netplay_mod][pid=8796] StateExport: charsel p1CharId=16->16 locked=0->0 p2CharId=7->1 locked=1->1 cursor=16 seq=6971
[efz_netplay_mod][pid=8796] StateExport: charsel p1CharId=16->16 locked=0->0 p2CharId=1->8 locked=1->1 cursor=16 seq=6973
[efz_netplay_mod][pid=8796] StateExport: charsel p1CharId=16->16 locked=0->0 p2CharId=8->2 locked=1->1 cursor=16 seq=6975
[efz_netplay_mod][pid=8796] StateExport: charsel p1CharId=16->16 locked=0->0 p2CharId=2->9 locked=1->1 cursor=16 seq=6976
[efz_netplay_mod][pid=8796] StateExport: charsel p1CharId=16->16 locked=0->0 p2CharId=9->9 locked=1->0 cursor=16 seq=6977
[efz_netplay_mod][pid=8796] StateExport: network ping=0->1 delay=1->1 seq=7019
[efz_netplay_mod][pid=8796] StateExport: network ping=1->0 delay=1->1 seq=7031
[efz_netplay_mod][pid=8796] StateExport: STALL detected — 328 ms since last update (seq=7074 phase=3)
[efz_netplay_mod][pid=8796] StateExport: activity 4->5 screen=2 mode=1 phase=3 role=1 side=0 p1='Aquatic' p2='Aquatic_mod' caps=0x1EF sessionId=1 setId=0 seq=7075
[efz_netplay_mod][pid=8796] StateExport:   charsel p1CharId=16 p2CharId=9 p1Locked=0 p2Locked=0 cursorChar=16
[efz_netplay_mod][pid=8796] SCREEN_MONITOR: index 1 -> 2 tick=2610 mode=4/4 screenObj=0x11DF7248 charselect(init=2 exit=0 obj=0x11DF6CE0)
[efz_netplay_mod][pid=8796] StateExport: STALL detected — 968 ms since last update (seq=7075 phase=3)
[efz_netplay_mod][pid=8796] StateExport: charsel p1CharId=16->255 locked=0->0 p2CharId=9->255 locked=0->0 cursor=255 seq=7076
[efz_netplay_mod][pid=8796] StateExport: flow menu=0->0 charsel=1->0 match=0->1 screen=3 mode=1 phase=3 role=1 p1Wins=0 p2Wins=0
[efz_netplay_mod][pid=8796] StateExport: activity 5->6 screen=3 mode=1 phase=3 role=1 side=0 p1='Aquatic' p2='Aquatic_mod' caps=0x2EF sessionId=1 setId=0 seq=7076
[efz_netplay_mod][pid=8796] StateExport:   match round=1 isRoundActive=1 p1Wins=0 p2Wins=0
[efz_netplay_mod][pid=8796] SCREEN_MONITOR: index 2 -> 3 tick=2611 mode=5/1 screenObj=0x11DF7688 charselect(init=2 exit=0 obj=0x11DF6CE0)
[efz_netplay_mod][pid=8796] StateExport: STALL detected — 438 ms since last update (seq=7076 phase=3)
[efz_netplay_mod][pid=8796] StateExport: network ping=0->0 delay=1->0 seq=7077
[efz_netplay_mod][pid=8796] StateExport: network ping=0->1 delay=0->0 seq=7090
[efz_netplay_mod][pid=8796] StateExport: network ping=1->0 delay=0->0 seq=7103
[efz_netplay_mod][pid=8796] StateExport: network ping=0->1 delay=0->0 seq=7116
[efz_netplay_mod][pid=8796] StateExport: network ping=1->0 delay=0->0 seq=7129
[efz_netplay_mod][pid=8796] StateExport: heartbeat seq=7200 activity=6 menu=0 screen=3 mode=1 phase=3 role=1 side=0 p1Wins=0 p2Wins=0 ping=0 delay=0 local='Aquatic' p1='Aquatic' p2='Aquatic_mod' revival='1.02h' caps=0x2EF sessionId=1 setId=0 endReason=0
[efz_netplay_mod][pid=8796] StateExport: network ping=0->1 delay=0->0 seq=7333
[efz_netplay_mod][pid=8796] StateExport: network ping=1->0 delay=0->0 seq=7346
[efz_netplay_mod][pid=8796] StateExport: network ping=0->1 delay=0->0 seq=7359
[efz_netplay_mod][pid=8796] StateExport: network ping=1->0 delay=0->0 seq=7372
[efz_netplay_mod][pid=8796] StateExport: network ping=0->1 delay=0->0 seq=7461
[efz_netplay_mod][pid=8796] TICK_HOOK: heartbeat frameTick=3000 session=0x14ADCE20 exeECX=0x11DF7688 match=0
[efz_netplay_mod][pid=8796] StateExport: network ping=1->0 delay=0->0 seq=7474
[efz_netplay_mod][pid=8796] StateExport: network ping=0->1 delay=0->0 seq=7640
[efz_netplay_mod][pid=8796] StateExport: network ping=1->0 delay=0->0 seq=7653
[efz_netplay_mod][pid=8796] StateExport: network ping=0->1 delay=0->0 seq=7666
[efz_netplay_mod][pid=8796] StateExport: network ping=1->0 delay=0->0 seq=7678
[efz_netplay_mod][pid=8796] StateExport: network ping=0->1 delay=0->0 seq=7704
[efz_netplay_mod][pid=8796] StateExport: network ping=1->2 delay=0->0 seq=7717
[efz_netplay_mod][pid=8796] StateExport: network ping=2->0 delay=0->0 seq=7729
[efz_netplay_mod][pid=8796] StateExport: heartbeat seq=7800 activity=6 menu=0 screen=3 mode=1 phase=3 role=1 side=0 p1Wins=0 p2Wins=0 ping=0 delay=0 local='Aquatic' p1='Aquatic' p2='Aquatic_mod' revival='1.02h' caps=0x2EF sessionId=1 setId=0 endReason=0
[efz_netplay_mod][pid=8796] StateExport: network ping=0->1 delay=0->0 seq=7832
[efz_netplay_mod][pid=8796] StateExport: network ping=1->0 delay=0->0 seq=7844
[efz_netplay_mod][pid=8796] StateExport: network ping=0->1 delay=0->0 seq=7857
[efz_netplay_mod][pid=8796] StateExport: network ping=1->0 delay=0->0 seq=7870
[efz_netplay_mod][pid=8796] StateExport: network ping=0->2 delay=0->0 seq=7883
[efz_netplay_mod][pid=8796] StateExport: network ping=2->0 delay=0->0 seq=7896
[efz_netplay_mod][pid=8796] StateExport: network ping=0->1 delay=0->0 seq=7908
[efz_netplay_mod][pid=8796] StateExport: network ping=1->0 delay=0->0 seq=7921
[efz_netplay_mod][pid=8796] StateExport: network ping=0->1 delay=0->0 seq=8036
[efz_netplay_mod][pid=8796] StateExport: network ping=1->0 delay=0->0 seq=8049
[efz_netplay_mod][pid=8796] TICK_HOOK: heartbeat frameTick=3600 session=0x14ADCE20 exeECX=0x11DF7688 match=0
[efz_netplay_mod][pid=8796] StateExport: network ping=0->1 delay=0->0 seq=8100
[efz_netplay_mod][pid=8796] StateExport: network ping=1->0 delay=0->0 seq=8126
[efz_netplay_mod][pid=8796] StateExport: network ping=0->1 delay=0->0 seq=8138
[efz_netplay_mod][pid=8796] StateExport: network ping=1->0 delay=0->0 seq=8151
[efz_netplay_mod][pid=8796] StateExport: network ping=0->1 delay=0->0 seq=8292
[efz_netplay_mod][pid=8796] StateExport: network ping=1->0 delay=0->0 seq=8317
[efz_netplay_mod][pid=8796] StateExport: heartbeat seq=8400 activity=6 menu=0 screen=3 mode=1 phase=3 role=1 side=0 p1Wins=0 p2Wins=0 ping=0 delay=0 local='Aquatic' p1='Aquatic' p2='Aquatic_mod' revival='1.02h' caps=0x2EF sessionId=1 setId=0 endReason=0
[efz_netplay_mod][pid=8796] StateExport: network ping=0->1 delay=0->0 seq=8419
[efz_netplay_mod][pid=8796] StateExport: network ping=1->0 delay=0->0 seq=8432
[efz_netplay_mod][pid=8796] StateExport: network ping=0->1 delay=0->0 seq=8458
[efz_netplay_mod][pid=8796] StateExport: network ping=1->0 delay=0->0 seq=8471
[efz_netplay_mod][pid=8796] StateExport: network ping=0->2 delay=0->0 seq=8496
[efz_netplay_mod][pid=8796] StateExport: network ping=2->0 delay=0->0 seq=8509
[efz_netplay_mod][pid=8796] StateExport: network ping=0->1 delay=0->0 seq=8547
[efz_netplay_mod][pid=8796] StateExport: network ping=1->0 delay=0->0 seq=8560
[efz_netplay_mod][pid=8796] StateExport: network ping=0->3 delay=0->0 seq=8599
[efz_netplay_mod][pid=8796] StateExport: network ping=3->0 delay=0->0 seq=8611
[efz_netplay_mod][pid=8796] StateExport: network ping=0->3 delay=0->0 seq=8624
[efz_netplay_mod][pid=8796] StateExport: network ping=3->1 delay=0->0 seq=8637
[efz_netplay_mod][pid=8796] StateExport: network ping=1->4 delay=0->0 seq=8650
[efz_netplay_mod][pid=8796] StateExport: network ping=4->0 delay=0->0 seq=8662
[efz_netplay_mod][pid=8796] TICK_HOOK: heartbeat frameTick=4200 session=0x14ADCE20 exeECX=0x11DF7688 match=0
[efz_netplay_mod][pid=8796] StateExport: network ping=0->1 delay=0->0 seq=8688
[efz_netplay_mod][pid=8796] StateExport: network ping=1->5 delay=0->0 seq=8701
[efz_netplay_mod][pid=8796] StateExport: network ping=5->0 delay=0->0 seq=8713
[efz_netplay_mod][pid=8796] StateExport: network ping=0->3 delay=0->0 seq=8726
[efz_netplay_mod][pid=8796] StateExport: network ping=3->0 delay=0->0 seq=8739
[efz_netplay_mod][pid=8796] StateExport: network ping=0->1 delay=0->0 seq=8777
[efz_netplay_mod][pid=8796] StateExport: network ping=1->0 delay=0->0 seq=8790
[efz_netplay_mod][pid=8796] StateExport: network ping=0->4 delay=0->0 seq=8803
[efz_netplay_mod][pid=8796] StateExport: network ping=4->0 delay=0->0 seq=8816
[efz_netplay_mod][pid=8796] StateExport: network ping=0->2 delay=0->0 seq=8854
[efz_netplay_mod][pid=8796] StateExport: network ping=2->1 delay=0->0 seq=8867
[efz_netplay_mod][pid=8796] StateExport: network ping=1->2 delay=0->0 seq=8880
[efz_netplay_mod][pid=8796] StateExport: network ping=2->0 delay=0->0 seq=8892
[efz_netplay_mod][pid=8796] StateExport: heartbeat seq=9000 activity=6 menu=0 screen=3 mode=1 phase=3 role=1 side=0 p1Wins=0 p2Wins=0 ping=0 delay=0 local='Aquatic' p1='Aquatic' p2='Aquatic_mod' revival='1.02h' caps=0x2EF sessionId=1 setId=0 endReason=0
[efz_netplay_mod][pid=8796] StateExport: network ping=0->1 delay=0->0 seq=9020
[efz_netplay_mod][pid=8796] StateExport: network ping=1->0 delay=0->0 seq=9033
[efz_netplay_mod][pid=8796] StateExport: network ping=0->1 delay=0->0 seq=9122
[efz_netplay_mod][pid=8796] StateExport: network ping=1->0 delay=0->0 seq=9135
[efz_netplay_mod][pid=8796] StateExport: network ping=0->1 delay=0->0 seq=9161
[efz_netplay_mod][pid=8796] StateExport: network ping=1->0 delay=0->0 seq=9174
[efz_netplay_mod][pid=8796] TICK_HOOK: heartbeat frameTick=4800 session=0x14ADCE20 exeECX=0x11DF7688 match=0
[efz_netplay_mod][pid=8796] StateExport: network ping=0->1 delay=0->0 seq=9429
[efz_netplay_mod][pid=8796] StateExport: network ping=1->0 delay=0->0 seq=9442
[efz_netplay_mod][pid=8796] StateExport: network ping=0->1 delay=0->0 seq=9480
[efz_netplay_mod][pid=8796] StateExport: network ping=1->0 delay=0->0 seq=9493
[efz_netplay_mod][pid=8796] StateExport: network ping=0->1 delay=0->0 seq=9506
[efz_netplay_mod][pid=8796] StateExport: network ping=1->0 delay=0->0 seq=9531
[efz_netplay_mod][pid=8796] StateExport: network ping=0->1 delay=0->0 seq=9570
[efz_netplay_mod][pid=8796] StateExport: network ping=1->0 delay=0->0 seq=9582
[efz_netplay_mod][pid=8796] StateExport: heartbeat seq=9600 activity=6 menu=0 screen=3 mode=1 phase=3 role=1 side=0 p1Wins=0 p2Wins=0 ping=0 delay=0 local='Aquatic' p1='Aquatic' p2='Aquatic_mod' revival='1.02h' caps=0x2EF sessionId=1 setId=0 endReason=0
[efz_netplay_mod][pid=8796] StateExport: network ping=0->1 delay=0->0 seq=9646
[efz_netplay_mod][pid=8796] StateExport: network ping=1->0 delay=0->0 seq=9672
[efz_netplay_mod][pid=8796] StateExport: network ping=0->1 delay=0->0 seq=9685
[efz_netplay_mod][pid=8796] StateExport: network ping=1->0 delay=0->0 seq=9697
[efz_netplay_mod][pid=8796] StateExport: network ping=0->1 delay=0->0 seq=9736
[efz_netplay_mod][pid=8796] StateExport: network ping=1->0 delay=0->0 seq=9761
[efz_netplay_mod][pid=8796] StateExport: network ping=0->1 delay=0->0 seq=9851
[efz_netplay_mod][pid=8796] StateExport: network ping=1->0 delay=0->0 seq=9864
[efz_netplay_mod][pid=8796] TICK_HOOK: heartbeat frameTick=5400 session=0x14ADCE20 exeECX=0x11DF7688 match=0
[efz_netplay_mod][pid=8796] StateExport: network ping=0->1 delay=0->0 seq=9915
[efz_netplay_mod][pid=8796] StateExport: network ping=1->0 delay=0->0 seq=9927
[efz_netplay_mod][pid=8796] StateExport: network ping=0->1 delay=0->0 seq=10158
[efz_netplay_mod][pid=8796] StateExport: network ping=1->0 delay=0->0 seq=10170
[efz_netplay_mod][pid=8796] StateExport: heartbeat seq=10200 activity=6 menu=0 screen=3 mode=1 phase=3 role=1 side=0 p1Wins=0 p2Wins=0 ping=0 delay=0 local='Aquatic' p1='Aquatic' p2='Aquatic_mod' revival='1.02h' caps=0x2EF sessionId=1 setId=0 endReason=0
[efz_netplay_mod][pid=8796] StateExport: network ping=0->2 delay=0->0 seq=10247
[efz_netplay_mod][pid=8796] StateExport: network ping=2->0 delay=0->0 seq=10260
[efz_netplay_mod][pid=8796] StateExport: network ping=0->1 delay=0->0 seq=10388
[efz_netplay_mod][pid=8796] StateExport: network ping=1->0 delay=0->0 seq=10400
[efz_netplay_mod][pid=8796] StateExport: network ping=0->1 delay=0->0 seq=10426
[efz_netplay_mod][pid=8796] StateExport: network ping=1->0 delay=0->0 seq=10439
[efz_netplay_mod][pid=8796] StateExport: network ping=0->1 delay=0->0 seq=10452
[efz_netplay_mod][pid=8796] StateExport: network ping=1->0 delay=0->0 seq=10464
[efz_netplay_mod][pid=8796] TICK_HOOK: heartbeat frameTick=6000 session=0x14ADCE20 exeECX=0x11DF7688 match=0
[efz_netplay_mod][pid=8796] StateExport: network ping=0->1 delay=0->0 seq=10618
[efz_netplay_mod][pid=8796] StateExport: network ping=1->0 delay=0->0 seq=10630
[efz_netplay_mod][pid=8796] StateExport: network ping=0->1 delay=0->0 seq=10733
[efz_netplay_mod][pid=8796] StateExport: network ping=1->0 delay=0->0 seq=10745
[efz_netplay_mod][pid=8796] StateExport: heartbeat seq=10800 activity=6 menu=0 screen=3 mode=1 phase=3 role=1 side=0 p1Wins=0 p2Wins=0 ping=0 delay=0 local='Aquatic' p1='Aquatic' p2='Aquatic_mod' revival='1.02h' caps=0x2EF sessionId=1 setId=0 endReason=0
[efz_netplay_mod][pid=8796] StateExport: network ping=0->1 delay=0->0 seq=10886
[efz_netplay_mod][pid=8796] StateExport: network ping=1->0 delay=0->0 seq=10899
[efz_netplay_mod][pid=8796] StateExport: network ping=0->1 delay=0->0 seq=11039
[efz_netplay_mod][pid=8796] StateExport: network ping=1->0 delay=0->0 seq=11052
[efz_netplay_mod][pid=8796] StateExport: network ping=0->2 delay=0->0 seq=11091
[efz_netplay_mod][pid=8796] StateExport: network ping=2->0 delay=0->0 seq=11103
[efz_netplay_mod][pid=8796] StateExport: network ping=0->6 delay=0->0 seq=11116
[efz_netplay_mod][pid=8796] StateExport: network ping=6->0 delay=0->0 seq=11129
[efz_netplay_mod][pid=8796] StateExport: network ping=0->3 delay=0->0 seq=11142
[efz_netplay_mod][pid=8796] StateExport: network ping=3->0 delay=0->0 seq=11154
[efz_netplay_mod][pid=8796] StateExport: network ping=0->2 delay=0->0 seq=11167
[efz_netplay_mod][pid=8796] StateExport: network ping=2->0 delay=0->0 seq=11180
[efz_netplay_mod][pid=8796] StateExport: network ping=0->4 delay=0->0 seq=11193
[efz_netplay_mod][pid=8796] StateExport: network ping=4->0 delay=0->0 seq=11205
[efz_netplay_mod][pid=8796] StateExport: network ping=0->4 delay=0->0 seq=11218
[efz_netplay_mod][pid=8796] StateExport: network ping=4->0 delay=0->0 seq=11231
[efz_netplay_mod][pid=8796] StateExport: network ping=0->2 delay=0->0 seq=11244
[efz_netplay_mod][pid=8796] StateExport: network ping=2->0 delay=0->0 seq=11257
[efz_netplay_mod][pid=8796] StateExport: network ping=0->1 delay=0->0 seq=11269
[efz_netplay_mod][pid=8796] StateExport: network ping=1->0 delay=0->0 seq=11282
[efz_netplay_mod][pid=8796] StateExport: network ping=0->4 delay=0->0 seq=11295
[efz_netplay_mod][pid=8796] StateExport: network ping=4->0 delay=0->0 seq=11308
[efz_netplay_mod][pid=8796] StateExport: network ping=0->4 delay=0->0 seq=11346
[efz_netplay_mod][pid=8796] StateExport: network ping=4->1 delay=0->0 seq=11359
[efz_netplay_mod][pid=8796] StateExport: network ping=1->0 delay=0->0 seq=11372
[efz_netplay_mod][pid=8796] StateExport: heartbeat seq=11400 activity=6 menu=0 screen=3 mode=1 phase=3 role=1 side=0 p1Wins=0 p2Wins=0 ping=0 delay=0 local='Aquatic' p1='Aquatic' p2='Aquatic_mod' revival='1.02h' caps=0x2EF sessionId=1 setId=0 endReason=0
[efz_netplay_mod][pid=8796] StateExport: network ping=0->1 delay=0->0 seq=11487
[efz_netplay_mod][pid=8796] StateExport: network ping=1->0 delay=0->0 seq=11512
[efz_netplay_mod][pid=8796] StateExport: network ping=0->1 delay=0->0 seq=11755
[efz_netplay_mod][pid=8796] StateExport: network ping=1->0 delay=0->0 seq=11768
[efz_netplay_mod][pid=8796] StateExport: heartbeat seq=12000 activity=6 menu=0 screen=3 mode=1 phase=3 role=1 side=0 p1Wins=0 p2Wins=0 ping=0 delay=0 local='Aquatic' p1='Aquatic' p2='Aquatic_mod' revival='1.02h' caps=0x2EF sessionId=1 setId=0 endReason=0
[efz_netplay_mod][pid=8796] StateExport: network ping=0->1 delay=0->0 seq=12266
[efz_netplay_mod][pid=8796] StateExport: network ping=1->0 delay=0->0 seq=12292
[efz_netplay_mod][pid=8796] StateExport: network ping=0->1 delay=0->0 seq=12381
[efz_netplay_mod][pid=8796] StateExport: network ping=1->0 delay=0->0 seq=12394
[efz_netplay_mod][pid=8796] StateExport: network ping=0->1 delay=0->0 seq=12471
[efz_netplay_mod][pid=8796] StateExport: network ping=1->0 delay=0->0 seq=12483
[efz_netplay_mod][pid=8796] StateExport: network ping=0->1 delay=0->0 seq=12535
[efz_netplay_mod][pid=8796] StateExport: network ping=1->0 delay=0->0 seq=12547
[efz_netplay_mod][pid=8796] StateExport: heartbeat seq=12600 activity=6 menu=0 screen=3 mode=1 phase=3 role=1 side=0 p1Wins=0 p2Wins=0 ping=0 delay=0 local='Aquatic' p1='Aquatic' p2='Aquatic_mod' revival='1.02h' caps=0x2EF sessionId=1 setId=0 endReason=0
[efz_netplay_mod][pid=8796] StateExport: network ping=0->1 delay=0->0 seq=12752
[efz_netplay_mod][pid=8796] StateExport: network ping=1->0 delay=0->0 seq=12777
[efz_netplay_mod][pid=8796] StateExport: network ping=0->1 delay=0->0 seq=12816
[efz_netplay_mod][pid=8796] StateExport: network ping=1->0 delay=0->0 seq=12828
[efz_netplay_mod][pid=8796] StateExport: network ping=0->2 delay=0->0 seq=12880
[efz_netplay_mod][pid=8796] StateExport: network ping=2->1 delay=0->0 seq=12892
[efz_netplay_mod][pid=8796] StateExport: network ping=1->0 delay=0->0 seq=12905
[efz_netplay_mod][pid=8796] StateExport: network ping=0->1 delay=0->0 seq=12931
[efz_netplay_mod][pid=8796] StateExport: network ping=1->0 delay=0->0 seq=12943
[efz_netplay_mod][pid=8796] StateExport: network ping=0->1 delay=0->0 seq=12956
[efz_netplay_mod][pid=8796] StateExport: network ping=1->0 delay=0->0 seq=12969
[efz_netplay_mod][pid=8796] StateExport: network ping=0->1 delay=0->0 seq=12982
[efz_netplay_mod][pid=8796] StateExport: network ping=1->2 delay=0->0 seq=12995
[efz_netplay_mod][pid=8796] StateExport: network ping=2->0 delay=0->0 seq=13007
[efz_netplay_mod][pid=8796] StateExport: network ping=0->1 delay=0->0 seq=13020
[efz_netplay_mod][pid=8796] StateExport: network ping=1->0 delay=0->0 seq=13046
[efz_netplay_mod][pid=8796] StateExport: network ping=0->1 delay=0->0 seq=13059
[efz_netplay_mod][pid=8796] StateExport: network ping=1->0 delay=0->0 seq=13071
[efz_netplay_mod][pid=8796] StateExport: network ping=0->1 delay=0->0 seq=13122
[efz_netplay_mod][pid=8796] StateExport: network ping=1->0 delay=0->0 seq=13148
[efz_netplay_mod][pid=8796] StateExport: network ping=0->1 delay=0->0 seq=13186
[efz_netplay_mod][pid=8796] StateExport: heartbeat seq=13200 activity=6 menu=0 screen=3 mode=1 phase=3 role=1 side=0 p1Wins=0 p2Wins=0 ping=1 delay=0 local='Aquatic' p1='Aquatic' p2='Aquatic_mod' revival='1.02h' caps=0x2EF sessionId=1 setId=0 endReason=0
[efz_netplay_mod][pid=8796] StateExport: network ping=1->0 delay=0->0 seq=13212
[efz_netplay_mod][pid=8796] StateExport: network ping=0->2 delay=0->0 seq=13378
[efz_netplay_mod][pid=8796] StateExport: network ping=2->0 delay=0->0 seq=13391
[efz_netplay_mod][pid=8796] StateExport: network ping=0->1 delay=0->0 seq=13455
[efz_netplay_mod][pid=8796] StateExport: network ping=1->0 delay=0->0 seq=13467
[efz_netplay_mod][pid=8796] StateExport: network ping=0->1 delay=0->0 seq=13506
[efz_netplay_mod][pid=8796] StateExport: network ping=1->0 delay=0->0 seq=13531
[efz_netplay_mod][pid=8796] StateExport: network ping=0->1 delay=0->0 seq=13557
[efz_netplay_mod][pid=8796] StateExport: network ping=1->0 delay=0->0 seq=13570
[efz_netplay_mod][pid=8796] StateExport: network ping=0->2 delay=0->0 seq=13634
[efz_netplay_mod][pid=8796] StateExport: network ping=2->0 delay=0->0 seq=13646
[efz_netplay_mod][pid=8796] StateExport: network ping=0->4 delay=0->0 seq=13659
[efz_netplay_mod][pid=8796] StateExport: network ping=4->0 delay=0->0 seq=13672
[efz_netplay_mod][pid=8796] StateExport: network ping=0->1 delay=0->0 seq=13710
[efz_netplay_mod][pid=8796] StateExport: network ping=1->0 delay=0->0 seq=13723
[efz_netplay_mod][pid=8796] StateExport: network ping=0->5 delay=0->0 seq=13736
[efz_netplay_mod][pid=8796] StateExport: network ping=5->1 delay=0->0 seq=13749
[efz_netplay_mod][pid=8796] StateExport: network ping=1->2 delay=0->0 seq=13761
[efz_netplay_mod][pid=8796] StateExport: network ping=2->0 delay=0->0 seq=13774
[efz_netplay_mod][pid=8796] StateExport: network ping=0->2 delay=0->0 seq=13787
[efz_netplay_mod][pid=8796] StateExport: network ping=2->0 delay=0->0 seq=13800
[efz_netplay_mod][pid=8796] StateExport: heartbeat seq=13800 activity=6 menu=0 screen=3 mode=1 phase=3 role=1 side=0 p1Wins=0 p2Wins=0 ping=0 delay=0 local='Aquatic' p1='Aquatic' p2='Aquatic_mod' revival='1.02h' caps=0x2EF sessionId=1 setId=0 endReason=0
[efz_netplay_mod][pid=8796] StateExport: network ping=0->1 delay=0->0 seq=13812
[efz_netplay_mod][pid=8796] StateExport: network ping=1->0 delay=0->0 seq=13825
[efz_netplay_mod][pid=8796] StateExport: network ping=0->1 delay=0->0 seq=13838
[efz_netplay_mod][pid=8796] StateExport: network ping=1->0 delay=0->0 seq=13851
[efz_netplay_mod][pid=8796] StateExport: network ping=0->1 delay=0->0 seq=13915
[efz_netplay_mod][pid=8796] StateExport: network ping=1->0 delay=0->0 seq=13927
[efz_netplay_mod][pid=8796] StateExport: network ping=0->2 delay=0->0 seq=13940
[efz_netplay_mod][pid=8796] StateExport: network ping=2->0 delay=0->0 seq=13953
[efz_netplay_mod][pid=8796] StateExport: network ping=0->2 delay=0->0 seq=13966
[efz_netplay_mod][pid=8796] StateExport: network ping=2->0 delay=0->0 seq=13979
[efz_netplay_mod][pid=8796] StateExport: network ping=0->1 delay=0->0 seq=14030
[efz_netplay_mod][pid=8796] StateExport: network ping=1->0 delay=0->0 seq=14055
[efz_netplay_mod][pid=8796] StateExport: network ping=0->1 delay=0->0 seq=14119
[efz_netplay_mod][pid=8796] StateExport: network ping=1->0 delay=0->0 seq=14132
[efz_netplay_mod][pid=8796] StateExport: network ping=0->2 delay=0->0 seq=14165
[efz_netplay_mod][pid=8796] StateExport: network ping=2->0 delay=0->0 seq=14178
[efz_netplay_mod][pid=8796] StateExport: network ping=0->1 delay=0->0 seq=14229
[efz_netplay_mod][pid=8796] StateExport: network ping=1->0 delay=0->0 seq=14255
[efz_netplay_mod][pid=8796] StateExport: heartbeat seq=14400 activity=6 menu=0 screen=3 mode=1 phase=3 role=1 side=0 p1Wins=0 p2Wins=0 ping=0 delay=0 local='Aquatic' p1='Aquatic' p2='Aquatic_mod' revival='1.02h' caps=0x2EF sessionId=1 setId=0 endReason=0
[efz_netplay_mod][pid=8796] StateExport: network ping=0->1 delay=0->0 seq=14446
[efz_netplay_mod][pid=8796] StateExport: network ping=1->0 delay=0->0 seq=14459
[efz_netplay_mod][pid=8796] StateExport: network ping=0->1 delay=0->0 seq=14484
[efz_netplay_mod][pid=8796] StateExport: network ping=1->0 delay=0->0 seq=14507
[efz_netplay_mod][pid=8796] StateExport: network ping=0->1 delay=0->0 seq=14546
[efz_netplay_mod][pid=8796] StateExport: network ping=1->0 delay=0->0 seq=14558
[efz_netplay_mod][pid=8796] StateExport: network ping=0->1 delay=0->0 seq=14712
[efz_netplay_mod][pid=8796] StateExport: network ping=1->0 delay=0->0 seq=14725
[efz_netplay_mod][pid=8796] StateExport: network ping=0->1 delay=0->0 seq=14763
[efz_netplay_mod][pid=8796] StateExport: network ping=1->2 delay=0->0 seq=14776
[efz_netplay_mod][pid=8796] StateExport: network ping=2->1 delay=0->0 seq=14788
[efz_netplay_mod][pid=8796] StateExport: network ping=1->0 delay=0->0 seq=14814
[efz_netplay_mod][pid=8796] StateExport: heartbeat seq=15000 activity=6 menu=0 screen=3 mode=1 phase=3 role=1 side=0 p1Wins=0 p2Wins=0 ping=0 delay=0 local='Aquatic' p1='Aquatic' p2='Aquatic_mod' revival='1.02h' caps=0x2EF sessionId=1 setId=0 endReason=0
[efz_netplay_mod][pid=8796] StateExport: network ping=0->1 delay=0->0 seq=15019
[efz_netplay_mod][pid=8796] StateExport: network ping=1->0 delay=0->0 seq=15031
[efz_netplay_mod][pid=8796] StateExport: network ping=0->1 delay=0->0 seq=15134
[efz_netplay_mod][pid=8796] StateExport: network ping=1->0 delay=0->0 seq=15146
[efz_netplay_mod][pid=8796] StateExport: network ping=0->1 delay=0->0 seq=15185
[efz_netplay_mod][pid=8796] StateExport: network ping=1->0 delay=0->0 seq=15197
[efz_netplay_mod][pid=8796] StateExport: network ping=0->1 delay=0->0 seq=15338
[efz_netplay_mod][pid=8796] StateExport: network ping=1->0 delay=0->0 seq=15389
[efz_netplay_mod][pid=8796] StateExport: network ping=0->1 delay=0->0 seq=15453
[efz_netplay_mod][pid=8796] StateExport: network ping=1->0 delay=0->0 seq=15466
[efz_netplay_mod][pid=8796] StateExport: network ping=0->1 delay=0->0 seq=15542
[efz_netplay_mod][pid=8796] StateExport: network ping=1->0 delay=0->0 seq=15555
[efz_netplay_mod][pid=8796] StateExport: network ping=0->1 delay=0->0 seq=15581
[efz_netplay_mod][pid=8796] StateExport: network ping=1->0 delay=0->0 seq=15593
[efz_netplay_mod][pid=8796] StateExport: heartbeat seq=15600 activity=6 menu=0 screen=3 mode=1 phase=3 role=1 side=0 p1Wins=0 p2Wins=0 ping=0 delay=0 local='Aquatic' p1='Aquatic' p2='Aquatic_mod' revival='1.02h' caps=0x2EF sessionId=1 setId=0 endReason=0
[efz_netplay_mod][pid=8796] StateExport: network ping=0->1 delay=0->0 seq=15785
[efz_netplay_mod][pid=8796] StateExport: network ping=1->0 delay=0->0 seq=15798
[efz_netplay_mod][pid=8796] StateExport: network ping=0->2 delay=0->0 seq=15836
[efz_netplay_mod][pid=8796] StateExport: network ping=2->0 delay=0->0 seq=15849
[efz_netplay_mod][pid=8796] StateExport: network ping=0->1 delay=0->0 seq=15887
[efz_netplay_mod][pid=8796] StateExport: network ping=1->0 delay=0->0 seq=15900
[efz_netplay_mod][pid=8796] StateExport: network ping=0->1 delay=0->0 seq=15990
[efz_netplay_mod][pid=8796] StateExport: network ping=1->0 delay=0->0 seq=16002
[efz_netplay_mod][pid=8796] StateExport: network ping=0->1 delay=0->0 seq=16066
[efz_netplay_mod][pid=8796] StateExport: network ping=1->0 delay=0->0 seq=16092
[efz_netplay_mod][pid=8796] StateExport: network ping=0->3 delay=0->0 seq=16130
[efz_netplay_mod][pid=8796] StateExport: network ping=3->0 delay=0->0 seq=16143
[efz_netplay_mod][pid=8796] StateExport: network ping=0->4 delay=0->0 seq=16169
[efz_netplay_mod][pid=8796] StateExport: network ping=4->0 delay=0->0 seq=16181
[efz_netplay_mod][pid=8796] StateExport: network ping=0->2 delay=0->0 seq=16194
[efz_netplay_mod][pid=8796] StateExport: heartbeat seq=16200 activity=6 menu=0 screen=3 mode=1 phase=3 role=1 side=0 p1Wins=0 p2Wins=0 ping=2 delay=0 local='Aquatic' p1='Aquatic' p2='Aquatic_mod' revival='1.02h' caps=0x2EF sessionId=1 setId=0 endReason=0
[efz_netplay_mod][pid=8796] StateExport: network ping=2->0 delay=0->0 seq=16207
[efz_netplay_mod][pid=8796] StateExport: network ping=0->1 delay=0->0 seq=16220
[efz_netplay_mod][pid=8796] StateExport: network ping=1->0 delay=0->0 seq=16245
[efz_netplay_mod][pid=8796] StateExport: network ping=0->1 delay=0->0 seq=16271
[efz_netplay_mod][pid=8796] StateExport: network ping=1->0 delay=0->0 seq=16283
[efz_netplay_mod][pid=8796] StateExport: network ping=0->2 delay=0->0 seq=16309
[efz_netplay_mod][pid=8796] StateExport: network ping=2->3 delay=0->0 seq=16322
[efz_netplay_mod][pid=8796] StateExport: network ping=3->0 delay=0->0 seq=16335
[efz_netplay_mod][pid=8796] StateExport: network ping=0->1 delay=0->0 seq=16347
[efz_netplay_mod][pid=8796] StateExport: network ping=1->0 delay=0->0 seq=16360
[efz_netplay_mod][pid=8796] StateExport: network ping=0->5 delay=0->0 seq=16424
[efz_netplay_mod][pid=8796] StateExport: network ping=5->0 delay=0->0 seq=16437
[efz_netplay_mod][pid=8796] StateExport: network ping=0->3 delay=0->0 seq=16450
[efz_netplay_mod][pid=8796] StateExport: network ping=3->0 delay=0->0 seq=16462
[efz_netplay_mod][pid=8796] StateExport: network ping=0->1 delay=0->0 seq=16475
[efz_netplay_mod][pid=8796] StateExport: network ping=1->0 delay=0->0 seq=16488
[efz_netplay_mod][pid=8796] StateExport: network ping=0->1 delay=0->0 seq=16501
[efz_netplay_mod][pid=8796] StateExport: network ping=1->0 delay=0->0 seq=16513
[efz_netplay_mod][pid=8796] StateExport: network ping=0->1 delay=0->0 seq=16552
[efz_netplay_mod][pid=8796] StateExport: network ping=1->0 delay=0->0 seq=16565
[efz_netplay_mod][pid=8796] StateExport: network ping=0->1 delay=0->0 seq=16577
[efz_netplay_mod][pid=8796] StateExport: network ping=1->0 delay=0->0 seq=16603
[efz_netplay_mod][pid=8796] StateExport: network ping=0->1 delay=0->0 seq=16680
[efz_netplay_mod][pid=8796] StateExport: network ping=1->0 delay=0->0 seq=16692
[efz_netplay_mod][pid=8796] StateExport: heartbeat seq=16800 activity=6 menu=0 screen=3 mode=1 phase=3 role=1 side=0 p1Wins=0 p2Wins=0 ping=0 delay=0 local='Aquatic' p1='Aquatic' p2='Aquatic_mod' revival='1.02h' caps=0x2EF sessionId=1 setId=0 endReason=0
[efz_netplay_mod][pid=8796] StateExport: network ping=0->1 delay=0->0 seq=16935
[efz_netplay_mod][pid=8796] StateExport: network ping=1->0 delay=0->0 seq=16948
[efz_netplay_mod][pid=8796] StateExport: network ping=0->1 delay=0->0 seq=16974
[efz_netplay_mod][pid=8796] StateExport: network ping=1->0 delay=0->0 seq=16986
[efz_netplay_mod][pid=8796] StateExport: network ping=0->1 delay=0->0 seq=17063
[efz_netplay_mod][pid=8796] StateExport: network ping=1->0 delay=0->0 seq=17076
[efz_netplay_mod][pid=8796] StateExport: network ping=0->1 delay=0->0 seq=17319
[efz_netplay_mod][pid=8796] StateExport: network ping=1->0 delay=0->0 seq=17331
[efz_netplay_mod][pid=8796] StateExport: network ping=0->1 delay=0->0 seq=17344
[efz_netplay_mod][pid=8796] StateExport: network ping=1->0 delay=0->0 seq=17357
[efz_netplay_mod][pid=8796] StateExport: heartbeat seq=17400 activity=6 menu=0 screen=3 mode=1 phase=3 role=1 side=0 p1Wins=0 p2Wins=0 ping=0 delay=0 local='Aquatic' p1='Aquatic' p2='Aquatic_mod' revival='1.02h' caps=0x2EF sessionId=1 setId=0 endReason=0
[efz_netplay_mod][pid=8796] StateExport: STALL detected — 329 ms since last update (seq=17417 phase=3)
[efz_netplay_mod][pid=8796] StateExport: charsel p1CharId=255->16 locked=0->0 p2CharId=255->9 locked=0->0 cursor=16 seq=17418
[efz_netplay_mod][pid=8796] StateExport: flow menu=0->0 charsel=0->1 match=1->0 screen=1 mode=1 phase=3 role=1 p1Wins=0 p2Wins=0
[efz_netplay_mod][pid=8796] StateExport: activity 6->4 screen=1 mode=1 phase=3 role=1 side=0 p1='Aquatic' p2='Aquatic_mod' caps=0x1EF sessionId=1 setId=0 seq=17418
[efz_netplay_mod][pid=8796] StateExport:   charsel p1CharId=16 p2CharId=9 p1Locked=0 p2Locked=0 cursorChar=16
[efz_netplay_mod][pid=8796] SCREEN_MONITOR: index 3 -> 1 tick=12953 mode=4/4 screenObj=0x11DF6CE0 charselect(init=2 exit=0 obj=0x11DF6CE0)
[efz_netplay_mod][pid=8796] StateExport: network ping=0->1 delay=0->1 seq=17419
[efz_netplay_mod][pid=8796] StateExport: STALL detected — 344 ms since last update (seq=17419 phase=3)
[efz_netplay_mod][pid=8796] StateExport: network ping=1->0 delay=1->1 seq=17421
[efz_netplay_mod][pid=8796] StateExport: network ping=0->1 delay=1->1 seq=17458
[efz_netplay_mod][pid=8796] StateExport: network ping=1->0 delay=1->1 seq=17470
[efz_netplay_mod][pid=8796] StateExport: network ping=0->2 delay=1->1 seq=17509
[efz_netplay_mod][pid=8796] StateExport: charsel p1CharId=16->16 locked=0->0 p2CharId=9->21 locked=0->0 cursor=16 seq=17514
[efz_netplay_mod][pid=8796] StateExport: network ping=2->0 delay=1->1 seq=17521
[efz_netplay_mod][pid=8796] StateExport: charsel p1CharId=16->16 locked=0->0 p2CharId=21->18 locked=0->0 cursor=16 seq=17536
[efz_netplay_mod][pid=8796] StateExport: charsel p1CharId=16->16 locked=0->0 p2CharId=18->13 locked=0->0 cursor=16 seq=17557
[efz_netplay_mod][pid=8796] StateExport: network ping=0->1 delay=1->1 seq=17573
[efz_netplay_mod][pid=8796] StateExport: charsel p1CharId=16->16 locked=0->0 p2CharId=13->19 locked=0->0 cursor=16 seq=17581
[efz_netplay_mod][pid=8796] StateExport: network ping=1->0 delay=1->1 seq=17585
[efz_netplay_mod][pid=8796] StateExport: charsel p1CharId=16->16 locked=0->0 p2CharId=19->4 locked=0->0 cursor=16 seq=17608
[efz_netplay_mod][pid=8796] StateExport: network ping=0->3 delay=1->1 seq=17637
[efz_netplay_mod][pid=8796] StateExport: network ping=3->0 delay=1->1 seq=17649
[efz_netplay_mod][pid=8796] StateExport: heartbeat seq=18000 activity=4 menu=0 screen=1 mode=1 phase=3 role=1 side=0 p1Wins=0 p2Wins=0 ping=0 delay=1 local='Aquatic' p1='Aquatic' p2='Aquatic_mod' revival='1.02h' caps=0x1EF sessionId=1 setId=0 endReason=0
[efz_netplay_mod][pid=34424] Takeover: console error detected='Source quit or timed out' text='Source quit or timed out'
[efz_netplay_mod][pid=8796] TICK_HOOK: *** PRE-TICK DISCONNECT *** frameTick=13733 consoleErrorSerial=1 — skipping DLL tick to prevent corrupted render
[efz_netplay_mod][pid=8796] DIAG[TickHook_disconnectDetected_entry]: dllExitPatchesSaved=1 tournamentPatchesSaved=0 renderContextSaved=1 savedRenderCtx=0x725C6BC8
[efz_netplay_mod][pid=8796] DIAG[TickHook_disconnectDetected_entry]: dllBase=0x6C820000 roleFlag=0 sessionPtr=0x14ADCE20 renderCtx=0x725C6BC8 globalState=0x02970048
[efz_netplay_mod][pid=8796] DIAG[TickHook_disconnectDetected_entry]: session vtable=0x6C8B0400 initComplete=1 activePlayer=0
[efz_netplay_mod][pid=8796] DIAG[TickHook_disconnectDetected_entry]: exitPatch[0] RVA=0x79BFD byte=0xEB expected=0x74
[efz_netplay_mod][pid=8796] DIAG[TickHook_disconnectDetected_entry]: exitPatch[1] RVA=0x72CAF byte=0xEB expected=0x74
[efz_netplay_mod][pid=8796] DIAG[TickHook_disconnectDetected_entry]: nearJccPatch[0] RVA=0x72B25 bytes=90 90
[efz_netplay_mod][pid=8796] DIAG[TickHook_disconnectDetected_entry]: nearJccPatch[1] RVA=0x72B2E bytes=90 90
[efz_netplay_mod][pid=8796] DIAG[TickHook_disconnectDetected_entry]: nearJccPatch[2] RVA=0x72EAB bytes=90 90
[efz_netplay_mod][pid=8796] DIAG[TickHook_disconnectDetected_entry]: nearJccPatch[3] RVA=0x72EBE bytes=90 90
[efz_netplay_mod][pid=8796] DIAG[TickHook_disconnectDetected_entry]: nearJccPatch[4] RVA=0x74CA1 bytes=90 90
[efz_netplay_mod][pid=8796] DIAG[TickHook_disconnectDetected_entry]: nearJccPatch[5] RVA=0x74CB4 bytes=90 90
[efz_netplay_mod][pid=8796] DIAG[TickHook_disconnectDetected_entry]: nearJccPatch[6] RVA=0x74CC1 bytes=90 90
[efz_netplay_mod][pid=8796] DIAG[TickHook_disconnectDetected_entry]: localRoleFlag=0 localInitApplied=1 exitIntercepted=0 exitMode=-1 frameHookInstalled=1 frameRecoveryPending=0 forceLocalPlayInitCount=0
[efz_netplay_mod][pid=8796] DIAG[TickHook_disconnectDetected_entry]: revivalProcess=0x000012E8 revivalPid=34424 lastValidatedSession=0x14ADCE20 lastSessionPtrOffset=0xA02EC
[efz_netplay_mod][pid=8796] TICK_HOOK: *** NETWORK DISCONNECT *** frameTick=13733 role=0 pid=34424 consoleError='Source quit or timed out' — synthesizing exit interception
[efz_netplay_mod][pid=8796] INIT_SNAP[ForceLocalPlayInit_pre]: roleFlag=0 sessionPtr=0x14ADCE20 initFlag=1 initByte=0x00 renderCtx=0x725C6BC8 renderCtxBase=0x00000000 initOnceGuard=0x00000101 timerPtr=0x725C6AD0 globalStatePtr=0x02970048
[efz_netplay_mod][pid=8796] INIT_SNAP[ForceLocalPlayInit_pre]: roleFlag[1]=0xA0610 val=1821111164
[efz_netplay_mod][pid=8796] INIT_SNAP[ForceLocalPlayInit_pre]: session vtable=0x7173BD60 initComplete=1 activePlayer=0 queuePlayer=1 inputDelay=1
[efz_netplay_mod][pid=8796] INIT_SNAP[ForceLocalPlayInit_pre]: session currentFrame=10964 gameModeSnap=1 matchId=1 sentinel=2147482647 helperHandle=0x00001478
[efz_netplay_mod][pid=8796] INIT_SNAP[ForceLocalPlayInit_pre]: session histPrimary=0x14ADD134 histSecondary=0x14ADD140 histPrimaryVec=0x14ADD134 histSecondaryVec=0x14ADD140
[efz_netplay_mod][pid=8796] INIT_SNAP[ForceLocalPlayInit_pre]: session +4=1 +8=1 +12=16 +16=9 +36=480
[efz_netplay_mod][pid=8796] INIT_SNAP[ForceLocalPlayInit_pre]: g_localRoleFlag=0 g_localInitApplied=1 g_dllExitPatchesSaved=1 g_tournamentPatchesSaved=0 g_renderContextSaved=1 g_savedRenderCtx=0x725C6BC8 g_frameHookInstalled=1 initCount=1
[efz_netplay_mod][pid=8796] ForceLocalPlayInit: DestroyCurrentSession starting session=0x14ADCE20 role=0
[efz_netplay_mod][pid=8796] ForceLocalPlayInit: DestroyCurrentSession closed helperHandle=0x00001478 result=1
[efz_netplay_mod][pid=8796] ForceLocalPlayInit: DestroyCurrentSession vtable=0x7173BD60 (RVA 0x04F1BD60)
[efz_netplay_mod][pid=8796] ForceLocalPlayInit: DestroyCurrentSession SKIPPED — vtable[0]=0x7164F9E0 outside DLL [0x6C820000..0x6C8D2000], zeroing ptr only
[efz_netplay_mod][pid=8796] ResetModeConstructorTrampolineCache: cleared 2 entries
[efz_netplay_mod][pid=8796] ForceLocalPlayInit: DestroyCurrentSession done session=0x14ADCE20 role=0 globalsZeroed=1
[efz_netplay_mod][pid=8796] ForceLocalPlayInit: about to save EXE hook bytes before init() oldSession=0x00000000 callCount=1
[efz_netplay_mod][pid=8796] SaveExeFrameHookBytes: saved 10 bytes at 0x00401582 [E9 B9 F2 77 04 90 90 90 90 90]
[efz_netplay_mod][pid=8796] RestoreModeCtorOriginalBytes: restored 0x00763E50=[C6 40 2D 00 8B 4D D0] 0x00763F04=[8B 4D D0 C6 41 2D 00]
[efz_netplay_mod][pid=8796] ResetModeConstructorTrampolineCache: cleared 2 entries
[efz_netplay_mod][pid=8796] ForceLocalPlayInit: 0x401582 pre-init  [E9 B9 F2 77 04 90 90 90 90 90]
[efz_netplay_mod][pid=8796] ForceLocalPlayInit: calling init(mode=2, magic=102)
[efz_netplay_mod][pid=8796] ForceLocalPlayInit: 0x401582 post-init [E9 B9 50 18 19 90 90 90 90 90]
[efz_netplay_mod][pid=8796] ForceLocalPlayInit: restoring saved EXE hook bytes
[efz_netplay_mod][pid=8796] RestoreExeFrameHookBytes: restored 10 bytes at 0x00401582 [E9 B9 F2 77 04 90 90 90 90 90]
[efz_netplay_mod][pid=8796] ForceLocalPlayInit: 0x401582 restored  [E9 B9 F2 77 04 90 90 90 90 90]
[efz_netplay_mod][pid=8796] ForceLocalPlayInit: modeCtorFixup 0x00763E50 not hooked (byte=0xC6), skip
[efz_netplay_mod][pid=8796] ForceLocalPlayInit: modeCtorFixup 0x00763F04 not hooked (byte=0x8B), skip
[efz_netplay_mod][pid=8796] INIT_SNAP[ForceLocalPlayInit_post_init]: roleFlag=2 sessionPtr=0x14AFEA20 initFlag=0 initByte=0x00 renderCtx=0x725C6BC8 renderCtxBase=0x00000000 initOnceGuard=0x00000101 timerPtr=0x725C6AD0 globalStatePtr=0x02970048
[efz_netplay_mod][pid=8796] INIT_SNAP[ForceLocalPlayInit_post_init]: roleFlag[1]=0xA0610 val=1821111164
[efz_netplay_mod][pid=8796] INIT_SNAP[ForceLocalPlayInit_post_init]: session vtable=0x6C8B0544 initComplete=0 activePlayer=0 queuePlayer=0 inputDelay=1379179298
[efz_netplay_mod][pid=8796] INIT_SNAP[ForceLocalPlayInit_post_init]: session currentFrame=-253701952 gameModeSnap=8 matchId=-1943650059 sentinel=0 helperHandle=0x00000000
[efz_netplay_mod][pid=8796] INIT_SNAP[ForceLocalPlayInit_post_init]: session histPrimary=0x00000000 histSecondary=0x6C8A7050 histPrimaryVec=0x14AFED34 histSecondaryVec=0x14AFED40
[efz_netplay_mod][pid=8796] INIT_SNAP[ForceLocalPlayInit_post_init]: session +4=79399296 +8=0 +12=0 +16=0 +36=1
[efz_netplay_mod][pid=8796] INIT_SNAP[ForceLocalPlayInit_post_init]: g_localRoleFlag=2 g_localInitApplied=1 g_dllExitPatchesSaved=1 g_tournamentPatchesSaved=0 g_renderContextSaved=1 g_savedRenderCtx=0x725C6BC8 g_frameHookInstalled=1 initCount=1
[efz_netplay_mod][pid=8796] ForceLocalPlayInit: init(2,102) result=1702648 callCount=1 oldSession=0x00000000 newSession=0x14AFEA20
[efz_netplay_mod][pid=8796] ForceLocalPlayInit: InvokeSessionVtableInit vtable[1] 0x6C8967D0 called on session 0x14AFEA20
[efz_netplay_mod][pid=8796] INIT_SNAP[ForceLocalPlayInit_post_vtable1]: roleFlag=2 sessionPtr=0x14AFEA20 initFlag=0 initByte=0x00 renderCtx=0x725C6BC8 renderCtxBase=0x00000000 initOnceGuard=0x00000101 timerPtr=0x725C6AD0 globalStatePtr=0x02970048
[efz_netplay_mod][pid=8796] INIT_SNAP[ForceLocalPlayInit_post_vtable1]: roleFlag[1]=0xA0610 val=1821111164
[efz_netplay_mod][pid=8796] INIT_SNAP[ForceLocalPlayInit_post_vtable1]: session vtable=0x6C8B0544 initComplete=0 activePlayer=0 queuePlayer=0 inputDelay=1379179298
[efz_netplay_mod][pid=8796] INIT_SNAP[ForceLocalPlayInit_post_vtable1]: session currentFrame=-253701952 gameModeSnap=8 matchId=-1943650059 sentinel=0 helperHandle=0x00000000
[efz_netplay_mod][pid=8796] INIT_SNAP[ForceLocalPlayInit_post_vtable1]: session histPrimary=0x00000000 histSecondary=0x6C8A7050 histPrimaryVec=0x14AFED34 histSecondaryVec=0x14AFED40
[efz_netplay_mod][pid=8796] INIT_SNAP[ForceLocalPlayInit_post_vtable1]: session +4=13304013 +8=13107408 +12=2031646 +16=3080224 +36=1
[efz_netplay_mod][pid=8796] INIT_SNAP[ForceLocalPlayInit_post_vtable1]: g_localRoleFlag=2 g_localInitApplied=1 g_dllExitPatchesSaved=1 g_tournamentPatchesSaved=0 g_renderContextSaved=1 g_savedRenderCtx=0x725C6BC8 g_frameHookInstalled=1 initCount=1
[efz_netplay_mod][pid=8796] TICK_HOOK: disconnect step 1 ForceLocalPlayInit result=1
[efz_netplay_mod][pid=8796] TICK_HOOK: disconnect step 2 helper terminated (pid=34424 termOk=1 err=0)
[efz_netplay_mod][pid=8796] RestoreDllExitProcessPatches: will restore site[0] RVA=0x79BFD savedByte=0x74
[efz_netplay_mod][pid=8796] RestoreDllExitProcessPatches: will restore site[1] RVA=0x72CAF savedByte=0x74
[efz_netplay_mod][pid=8796] RestoreDllExitProcessPatches: will restore nearJcc[0] RVA=0x72B25 savedBytes=0F 85 08 F8 FF FF
[efz_netplay_mod][pid=8796] RestoreDllExitProcessPatches: will restore nearJcc[1] RVA=0x72B2E savedBytes=0F 85 FF F7 FF FF
[efz_netplay_mod][pid=8796] RestoreDllExitProcessPatches: will restore nearJcc[2] RVA=0x72EAB savedBytes=0F 84 BD 02 00 00
[efz_netplay_mod][pid=8796] RestoreDllExitProcessPatches: will restore nearJcc[3] RVA=0x72EBE savedBytes=0F 84 AA 02 00 00
[efz_netplay_mod][pid=8796] RestoreDllExitProcessPatches: will restore nearJcc[4] RVA=0x74CA1 savedBytes=0F 84 A9 01 00 00
[efz_netplay_mod][pid=8796] RestoreDllExitProcessPatches: will restore nearJcc[5] RVA=0x74CB4 savedBytes=0F 84 96 01 00 00
[efz_netplay_mod][pid=8796] RestoreDllExitProcessPatches: will restore nearJcc[6] RVA=0x74CC1 savedBytes=0F 84 89 01 00 00
[efz_netplay_mod][pid=8796] RestoreDllExitProcessPatches: restored 2/2 single-byte + 7/7 near-Jcc patches
[efz_netplay_mod][pid=8796] TICK_HOOK: disconnect step 3 RestoreDllExitProcessPatches result=1
[efz_netplay_mod][pid=8796] RestoreRenderContext: restored EfzRender* 0x725C6BC8 (was 0x725C6BC8, unchanged)
[efz_netplay_mod][pid=8796] DisableRevivalTextRendering: text rendering disabled
[efz_netplay_mod][pid=8796] TICK_HOOK: disconnect step 4 DisableRevivalTextRendering result=1
[efz_netplay_mod][pid=8796] CrashHandler: TOCTOU recovery guard reset
[efz_netplay_mod][pid=8796] TICK_HOOK: disconnect step 5 crash/validation state reset
[efz_netplay_mod][pid=8796] ForceGameModeToTitle: game mode 1 -> 0 (title screen)
[efz_netplay_mod][pid=8796] ForceGameModeToTitle: charselect screen reset init 0->1 exit 0->0 (obj=0x11DF6CE0)
[efz_netplay_mod][pid=8796] ForceGameModeToTitle: title screen reset init 0->1 (obj=0x11DF6888)
[efz_netplay_mod][pid=8796] ForceGameModeToTitle: game mode reset primary 4->0 secondary 4->0 (gameSys=0x02970048)
[efz_netplay_mod][pid=8796] TICK_HOOK: disconnect step 6 ForceGameModeToTitle result=1
[efz_netplay_mod][pid=8796] TICK_HOOK: disconnect recovery complete (was role=0), next title-screen frame will consume exit interception
[efz_netplay_mod][pid=8796] DIAG[TickHook_disconnectDetected_exit]: dllExitPatchesSaved=0 tournamentPatchesSaved=0 renderContextSaved=1 savedRenderCtx=0x725C6BC8
[efz_netplay_mod][pid=8796] DIAG[TickHook_disconnectDetected_exit]: dllBase=0x6C820000 roleFlag=2 sessionPtr=0x14AFEA20 renderCtx=0x725C6BC8 globalState=0x02970048
[efz_netplay_mod][pid=8796] DIAG[TickHook_disconnectDetected_exit]: session vtable=0x6C8B0544 initComplete=0 activePlayer=0
[efz_netplay_mod][pid=8796] DIAG[TickHook_disconnectDetected_exit]: exitPatch[0] RVA=0x79BFD byte=0x74 expected=0x74
[efz_netplay_mod][pid=8796] DIAG[TickHook_disconnectDetected_exit]: exitPatch[1] RVA=0x72CAF byte=0x74 expected=0x74
[efz_netplay_mod][pid=8796] DIAG[TickHook_disconnectDetected_exit]: nearJccPatch[0] RVA=0x72B25 bytes=0F 85
[efz_netplay_mod][pid=8796] DIAG[TickHook_disconnectDetected_exit]: nearJccPatch[1] RVA=0x72B2E bytes=0F 85
[efz_netplay_mod][pid=8796] DIAG[TickHook_disconnectDetected_exit]: nearJccPatch[2] RVA=0x72EAB bytes=0F 84
[efz_netplay_mod][pid=8796] DIAG[TickHook_disconnectDetected_exit]: nearJccPatch[3] RVA=0x72EBE bytes=0F 84
[efz_netplay_mod][pid=8796] DIAG[TickHook_disconnectDetected_exit]: nearJccPatch[4] RVA=0x74CA1 bytes=0F 84
[efz_netplay_mod][pid=8796] DIAG[TickHook_disconnectDetected_exit]: nearJccPatch[5] RVA=0x74CB4 bytes=0F 84
[efz_netplay_mod][pid=8796] DIAG[TickHook_disconnectDetected_exit]: nearJccPatch[6] RVA=0x74CC1 bytes=0F 84
[efz_netplay_mod][pid=8796] DIAG[TickHook_disconnectDetected_exit]: localRoleFlag=2 localInitApplied=0 exitIntercepted=1 exitMode=0 frameHookInstalled=1 frameRecoveryPending=0 forceLocalPlayInitCount=1
[efz_netplay_mod][pid=8796] DIAG[TickHook_disconnectDetected_exit]: revivalProcess=0x00000000 revivalPid=0 lastValidatedSession=0x14AFEA20 lastSessionPtrOffset=0xA02EC
[efz_netplay_mod][pid=8796] SCREEN_MONITOR: index 1 -> 0 tick=1 mode=0/0 screenObj=0x11DF6888 charselect(init=1 exit=0 obj=0x11DF6CE0)
[efz_netplay_mod][pid=8796] TICK_HOOK: *** ECX MISMATCH *** frameTick=1 exeECX=0x11DF6888 dllSession=0x14AFEA20 — overriding ECX with current session
[efz_netplay_mod][pid=8796] TICK_HOOK: current session vtable=0x6C8B0544 (RVA=0x90544)
[efz_netplay_mod][pid=8796] DIAG[tick_ecx_mismatch]: dllExitPatchesSaved=0 tournamentPatchesSaved=0 renderContextSaved=1 savedRenderCtx=0x725C6BC8
[efz_netplay_mod][pid=8796] DIAG[tick_ecx_mismatch]: dllBase=0x6C820000 roleFlag=2 sessionPtr=0x14AFEA20 renderCtx=0x725C6BC8 globalState=0x02970048
[efz_netplay_mod][pid=8796] DIAG[tick_ecx_mismatch]: session vtable=0x6C8B0544 initComplete=0 activePlayer=0
[efz_netplay_mod][pid=8796] DIAG[tick_ecx_mismatch]: exitPatch[0] RVA=0x79BFD byte=0x74 expected=0x74
[efz_netplay_mod][pid=8796] DIAG[tick_ecx_mismatch]: exitPatch[1] RVA=0x72CAF byte=0x74 expected=0x74
[efz_netplay_mod][pid=8796] DIAG[tick_ecx_mismatch]: nearJccPatch[0] RVA=0x72B25 bytes=0F 85
[efz_netplay_mod][pid=8796] DIAG[tick_ecx_mismatch]: nearJccPatch[1] RVA=0x72B2E bytes=0F 85
[efz_netplay_mod][pid=8796] DIAG[tick_ecx_mismatch]: nearJccPatch[2] RVA=0x72EAB bytes=0F 84
[efz_netplay_mod][pid=8796] DIAG[tick_ecx_mismatch]: nearJccPatch[3] RVA=0x72EBE bytes=0F 84
[efz_netplay_mod][pid=8796] DIAG[tick_ecx_mismatch]: nearJccPatch[4] RVA=0x74CA1 bytes=0F 84
[efz_netplay_mod][pid=8796] DIAG[tick_ecx_mismatch]: nearJccPatch[5] RVA=0x74CB4 bytes=0F 84
[efz_netplay_mod][pid=8796] DIAG[tick_ecx_mismatch]: nearJccPatch[6] RVA=0x74CC1 bytes=0F 84
[efz_netplay_mod][pid=8796] DIAG[tick_ecx_mismatch]: localRoleFlag=2 localInitApplied=0 exitIntercepted=1 exitMode=0 frameHookInstalled=1 frameRecoveryPending=0 forceLocalPlayInitCount=1
[efz_netplay_mod][pid=8796] DIAG[tick_ecx_mismatch]: revivalProcess=0x00000000 revivalPid=0 lastValidatedSession=0x14AFEA20 lastSessionPtrOffset=0xA02EC
[efz_netplay_mod][pid=8796] TICK_HOOK: heartbeat frameTick=1 session=0x14AFEA20 exeECX=0x11DF6888 match=0
[efz_netplay_mod][pid=8796] DIAG[ConsumeExitInterception_entry]: dllExitPatchesSaved=0 tournamentPatchesSaved=0 renderContextSaved=1 savedRenderCtx=0x725C6BC8
[efz_netplay_mod][pid=8796] DIAG[ConsumeExitInterception_entry]: dllBase=0x6C820000 roleFlag=2 sessionPtr=0x14AFEA20 renderCtx=0x725C6BC8 globalState=0x02970048
[efz_netplay_mod][pid=8796] DIAG[ConsumeExitInterception_entry]: session vtable=0x6C8B0544 initComplete=0 activePlayer=0
[efz_netplay_mod][pid=8796] DIAG[ConsumeExitInterception_entry]: exitPatch[0] RVA=0x79BFD byte=0x74 expected=0x74
[efz_netplay_mod][pid=8796] DIAG[ConsumeExitInterception_entry]: exitPatch[1] RVA=0x72CAF byte=0x74 expected=0x74
[efz_netplay_mod][pid=8796] DIAG[ConsumeExitInterception_entry]: nearJccPatch[0] RVA=0x72B25 bytes=0F 85
[efz_netplay_mod][pid=8796] DIAG[ConsumeExitInterception_entry]: nearJccPatch[1] RVA=0x72B2E bytes=0F 85
[efz_netplay_mod][pid=8796] DIAG[ConsumeExitInterception_entry]: nearJccPatch[2] RVA=0x72EAB bytes=0F 84
[efz_netplay_mod][pid=8796] DIAG[ConsumeExitInterception_entry]: nearJccPatch[3] RVA=0x72EBE bytes=0F 84
[efz_netplay_mod][pid=8796] DIAG[ConsumeExitInterception_entry]: nearJccPatch[4] RVA=0x74CA1 bytes=0F 84
[efz_netplay_mod][pid=8796] DIAG[ConsumeExitInterception_entry]: nearJccPatch[5] RVA=0x74CB4 bytes=0F 84
[efz_netplay_mod][pid=8796] DIAG[ConsumeExitInterception_entry]: nearJccPatch[6] RVA=0x74CC1 bytes=0F 84
[efz_netplay_mod][pid=8796] DIAG[ConsumeExitInterception_entry]: localRoleFlag=2 localInitApplied=0 exitIntercepted=1 exitMode=0 frameHookInstalled=1 frameRecoveryPending=0 forceLocalPlayInitCount=1
[efz_netplay_mod][pid=8796] DIAG[ConsumeExitInterception_entry]: revivalProcess=0x00000000 revivalPid=0 lastValidatedSession=0x14AFEA20 lastSessionPtrOffset=0xA02EC
[efz_netplay_mod][pid=8796] Takeover: consuming exit interception mode=0 (step 1: cancel session / terminate peer / restore DLL patches)
[efz_netplay_mod][pid=8796] DIAG[CancelSession_entry]: dllExitPatchesSaved=0 tournamentPatchesSaved=0 renderContextSaved=1 savedRenderCtx=0x725C6BC8
[efz_netplay_mod][pid=8796] DIAG[CancelSession_entry]: dllBase=0x6C820000 roleFlag=2 sessionPtr=0x14AFEA20 renderCtx=0x725C6BC8 globalState=0x02970048
[efz_netplay_mod][pid=8796] DIAG[CancelSession_entry]: session vtable=0x6C8B0544 initComplete=0 activePlayer=0
[efz_netplay_mod][pid=8796] DIAG[CancelSession_entry]: exitPatch[0] RVA=0x79BFD byte=0x74 expected=0x74
[efz_netplay_mod][pid=8796] DIAG[CancelSession_entry]: exitPatch[1] RVA=0x72CAF byte=0x74 expected=0x74
[efz_netplay_mod][pid=8796] DIAG[CancelSession_entry]: nearJccPatch[0] RVA=0x72B25 bytes=0F 85
[efz_netplay_mod][pid=8796] DIAG[CancelSession_entry]: nearJccPatch[1] RVA=0x72B2E bytes=0F 85
[efz_netplay_mod][pid=8796] DIAG[CancelSession_entry]: nearJccPatch[2] RVA=0x72EAB bytes=0F 84
[efz_netplay_mod][pid=8796] DIAG[CancelSession_entry]: nearJccPatch[3] RVA=0x72EBE bytes=0F 84
[efz_netplay_mod][pid=8796] DIAG[CancelSession_entry]: nearJccPatch[4] RVA=0x74CA1 bytes=0F 84
[efz_netplay_mod][pid=8796] DIAG[CancelSession_entry]: nearJccPatch[5] RVA=0x74CB4 bytes=0F 84
[efz_netplay_mod][pid=8796] DIAG[CancelSession_entry]: nearJccPatch[6] RVA=0x74CC1 bytes=0F 84
[efz_netplay_mod][pid=8796] DIAG[CancelSession_entry]: localRoleFlag=2 localInitApplied=0 exitIntercepted=0 exitMode=-1 frameHookInstalled=1 frameRecoveryPending=0 forceLocalPlayInitCount=1
[efz_netplay_mod][pid=8796] DIAG[CancelSession_entry]: revivalProcess=0x00000000 revivalPid=0 lastValidatedSession=0x14AFEA20 lastSessionPtrOffset=0xA02EC
[efz_netplay_mod][pid=8796] DIAG[CancelSession]: reason='exit_intercepted' forceLocalPlayInitCount=1
[efz_netplay_mod][pid=8796] Takeover: closing child job object handle=000012C0
[efz_netplay_mod][pid=8796] RestoreDllExitProcessPatches: SKIPPED (saved=0 profile=716ECA50)
[efz_netplay_mod][pid=8796] Takeover: local re-init skipped (already local play)
[efz_netplay_mod][pid=8796] Takeover: cancel cleanup — DEFERRED (inside frame tick, ForceLocalPlayInit would destroy active session)
[efz_netplay_mod][pid=8796] Takeover: phase Connected -> Idle reason=''
[efz_netplay_mod][pid=8796] Takeover: cancel reason='exit_intercepted' hadProcess=0
[efz_netplay_mod][pid=8796] DIAG[CancelSession_exit]: dllExitPatchesSaved=0 tournamentPatchesSaved=0 renderContextSaved=1 savedRenderCtx=0x725C6BC8
[efz_netplay_mod][pid=8796] DIAG[CancelSession_exit]: dllBase=0x6C820000 roleFlag=2 sessionPtr=0x14AFEA20 renderCtx=0x725C6BC8 globalState=0x02970048
[efz_netplay_mod][pid=8796] DIAG[CancelSession_exit]: session vtable=0x6C8B0544 initComplete=0 activePlayer=0
[efz_netplay_mod][pid=8796] DIAG[CancelSession_exit]: exitPatch[0] RVA=0x79BFD byte=0x74 expected=0x74
[efz_netplay_mod][pid=8796] DIAG[CancelSession_exit]: exitPatch[1] RVA=0x72CAF byte=0x74 expected=0x74
[efz_netplay_mod][pid=8796] DIAG[CancelSession_exit]: nearJccPatch[0] RVA=0x72B25 bytes=0F 85
[efz_netplay_mod][pid=8796] DIAG[CancelSession_exit]: nearJccPatch[1] RVA=0x72B2E bytes=0F 85
[efz_netplay_mod][pid=8796] DIAG[CancelSession_exit]: nearJccPatch[2] RVA=0x72EAB bytes=0F 84
[efz_netplay_mod][pid=8796] DIAG[CancelSession_exit]: nearJccPatch[3] RVA=0x72EBE bytes=0F 84
[efz_netplay_mod][pid=8796] DIAG[CancelSession_exit]: nearJccPatch[4] RVA=0x74CA1 bytes=0F 84
[efz_netplay_mod][pid=8796] DIAG[CancelSession_exit]: nearJccPatch[5] RVA=0x74CB4 bytes=0F 84
[efz_netplay_mod][pid=8796] DIAG[CancelSession_exit]: nearJccPatch[6] RVA=0x74CC1 bytes=0F 84
[efz_netplay_mod][pid=8796] DIAG[CancelSession_exit]: localRoleFlag=2 localInitApplied=0 exitIntercepted=0 exitMode=-1 frameHookInstalled=1 frameRecoveryPending=0 forceLocalPlayInitCount=1
[efz_netplay_mod][pid=8796] DIAG[CancelSession_exit]: revivalProcess=0x00000000 revivalPid=0 lastValidatedSession=0x14AFEA20 lastSessionPtrOffset=0xA02EC
[efz_netplay_mod][pid=8796] Takeover: exit interception step 2 — no EXE patch restore needed for mode=0 (online/spectate)
[efz_netplay_mod][pid=8796] Takeover: exit interception step 3 — ForceLocalPlayInit (defence-in-depth)
[efz_netplay_mod][pid=8796] INIT_SNAP[ForceLocalPlayInit_pre]: roleFlag=2 sessionPtr=0x14AFEA20 initFlag=0 initByte=0x00 renderCtx=0x725C6BC8 renderCtxBase=0x00000000 initOnceGuard=0x00000101 timerPtr=0x725C6AD0 globalStatePtr=0x02970048
[efz_netplay_mod][pid=8796] INIT_SNAP[ForceLocalPlayInit_pre]: roleFlag[1]=0xA0610 val=1821111164
[efz_netplay_mod][pid=8796] INIT_SNAP[ForceLocalPlayInit_pre]: session vtable=0x6C8B0544 initComplete=0 activePlayer=0 queuePlayer=0 inputDelay=1379179298
[efz_netplay_mod][pid=8796] INIT_SNAP[ForceLocalPlayInit_pre]: session currentFrame=-253701952 gameModeSnap=8 matchId=-1943650059 sentinel=0 helperHandle=0x00000000
[efz_netplay_mod][pid=8796] INIT_SNAP[ForceLocalPlayInit_pre]: session histPrimary=0x00000000 histSecondary=0x6C8A7050 histPrimaryVec=0x14AFED34 histSecondaryVec=0x14AFED40
[efz_netplay_mod][pid=8796] INIT_SNAP[ForceLocalPlayInit_pre]: session +4=13304013 +8=13107408 +12=2031646 +16=3080224 +36=1
[efz_netplay_mod][pid=8796] INIT_SNAP[ForceLocalPlayInit_pre]: g_localRoleFlag=2 g_localInitApplied=0 g_dllExitPatchesSaved=0 g_tournamentPatchesSaved=0 g_renderContextSaved=1 g_savedRenderCtx=0x725C6BC8 g_frameHookInstalled=1 initCount=2
[efz_netplay_mod][pid=8796] ForceLocalPlayInit: DestroyCurrentSession starting session=0x14AFEA20 role=2
[efz_netplay_mod][pid=8796] ForceLocalPlayInit: DestroyCurrentSession vtable=0x6C8B0544 (RVA 0x00090544)
[efz_netplay_mod][pid=8796] ForceLocalPlayInit: DestroyCurrentSession calling dtor vtable[0]=0x6C849090 session=0x14AFEA20 role=2
[efz_netplay_mod][pid=8796] ForceLocalPlayInit: DestroyCurrentSession destructor completed
[efz_netplay_mod][pid=8796] ResetModeConstructorTrampolineCache: cleared 2 entries
[efz_netplay_mod][pid=8796] ForceLocalPlayInit: DestroyCurrentSession done session=0x14AFEA20 role=2 globalsZeroed=1
[efz_netplay_mod][pid=8796] ForceLocalPlayInit: about to save EXE hook bytes before init() oldSession=0x14AFEA20 callCount=2
[efz_netplay_mod][pid=8796] SaveExeFrameHookBytes: saved 10 bytes at 0x00401582 [E9 B9 F2 77 04 90 90 90 90 90]
[efz_netplay_mod][pid=8796] RestoreModeCtorOriginalBytes: restored 0x00763E50=[C6 40 2D 00 8B 4D D0] 0x00763F04=[8B 4D D0 C6 41 2D 00]
[efz_netplay_mod][pid=8796] ResetModeConstructorTrampolineCache: cleared 2 entries
[efz_netplay_mod][pid=8796] ForceLocalPlayInit: 0x401582 pre-init  [E9 B9 F2 77 04 90 90 90 90 90]
[efz_netplay_mod][pid=8796] ForceLocalPlayInit: calling init(mode=2, magic=102)
[efz_netplay_mod][pid=8796] ForceLocalPlayInit: 0x401582 post-init [E9 19 4E 18 19 90 90 90 90 90]
[efz_netplay_mod][pid=8796] ForceLocalPlayInit: restoring saved EXE hook bytes
[efz_netplay_mod][pid=8796] RestoreExeFrameHookBytes: restored 10 bytes at 0x00401582 [E9 B9 F2 77 04 90 90 90 90 90]
[efz_netplay_mod][pid=8796] ForceLocalPlayInit: 0x401582 restored  [E9 B9 F2 77 04 90 90 90 90 90]
[efz_netplay_mod][pid=8796] ForceLocalPlayInit: modeCtorFixup 0x00763E50 not hooked (byte=0xC6), skip
[efz_netplay_mod][pid=8796] ForceLocalPlayInit: modeCtorFixup 0x00763F04 not hooked (byte=0x8B), skip
[efz_netplay_mod][pid=8796] INIT_SNAP[ForceLocalPlayInit_post_init]: roleFlag=2 sessionPtr=0x154D4AD8 initFlag=0 initByte=0x00 renderCtx=0x725C6BC8 renderCtxBase=0x00000000 initOnceGuard=0x00000101 timerPtr=0x725C6AD0 globalStatePtr=0x02970048
[efz_netplay_mod][pid=8796] INIT_SNAP[ForceLocalPlayInit_post_init]: roleFlag[1]=0xA0610 val=1821111164
[efz_netplay_mod][pid=8796] INIT_SNAP[ForceLocalPlayInit_post_init]: session vtable=0x6C8B0544 initComplete=0 activePlayer=0 queuePlayer=0 inputDelay=6553705
[efz_netplay_mod][pid=8796] INIT_SNAP[ForceLocalPlayInit_post_init]: session currentFrame=-2147482015 gameModeSnap=4264 matchId=0 sentinel=0 helperHandle=0x00000000
[efz_netplay_mod][pid=8796] INIT_SNAP[ForceLocalPlayInit_post_init]: session histPrimary=0x00000000 histSecondary=0x00000000 histPrimaryVec=0x154D4DEC histSecondaryVec=0x154D4DF8
[efz_netplay_mod][pid=8796] INIT_SNAP[ForceLocalPlayInit_post_init]: session +4=6080 +8=4264 +12=9043968 +16=217467728 +36=1
[efz_netplay_mod][pid=8796] INIT_SNAP[ForceLocalPlayInit_post_init]: g_localRoleFlag=2 g_localInitApplied=0 g_dllExitPatchesSaved=0 g_tournamentPatchesSaved=0 g_renderContextSaved=1 g_savedRenderCtx=0x725C6BC8 g_frameHookInstalled=1 initCount=2
[efz_netplay_mod][pid=8796] ForceLocalPlayInit: init(2,102) result=1701296 callCount=2 oldSession=0x14AFEA20 newSession=0x154D4AD8
[efz_netplay_mod][pid=8796] ForceLocalPlayInit: InvokeSessionVtableInit vtable[1] 0x6C8967D0 called on session 0x154D4AD8
[efz_netplay_mod][pid=8796] INIT_SNAP[ForceLocalPlayInit_post_vtable1]: roleFlag=2 sessionPtr=0x154D4AD8 initFlag=0 initByte=0x00 renderCtx=0x725C6BC8 renderCtxBase=0x00000000 initOnceGuard=0x00000101 timerPtr=0x725C6AD0 globalStatePtr=0x02970048
[efz_netplay_mod][pid=8796] INIT_SNAP[ForceLocalPlayInit_post_vtable1]: roleFlag[1]=0xA0610 val=1821111164
[efz_netplay_mod][pid=8796] INIT_SNAP[ForceLocalPlayInit_post_vtable1]: session vtable=0x6C8B0544 initComplete=0 activePlayer=0 queuePlayer=0 inputDelay=6553705
[efz_netplay_mod][pid=8796] INIT_SNAP[ForceLocalPlayInit_post_vtable1]: session currentFrame=-2147482015 gameModeSnap=4264 matchId=0 sentinel=0 helperHandle=0x00000000
[efz_netplay_mod][pid=8796] INIT_SNAP[ForceLocalPlayInit_post_vtable1]: session histPrimary=0x00000000 histSecondary=0x00000000 histPrimaryVec=0x154D4DEC histSecondaryVec=0x154D4DF8
[efz_netplay_mod][pid=8796] INIT_SNAP[ForceLocalPlayInit_post_vtable1]: session +4=13304013 +8=13107408 +12=2031646 +16=3080224 +36=1
[efz_netplay_mod][pid=8796] INIT_SNAP[ForceLocalPlayInit_post_vtable1]: g_localRoleFlag=2 g_localInitApplied=0 g_dllExitPatchesSaved=0 g_tournamentPatchesSaved=0 g_renderContextSaved=1 g_savedRenderCtx=0x725C6BC8 g_frameHookInstalled=1 initCount=2
[efz_netplay_mod][pid=8796] Takeover: exit interception step 4 — clear text / disable renderer
[efz_netplay_mod][pid=8796] RestoreRenderContext: restored EfzRender* 0x725C6BC8 (was 0x725C6BC8, unchanged)
[efz_netplay_mod][pid=8796] RestoreRenderContext: restored EfzRender* 0x725C6BC8 (was 0x725C6BC8, unchanged)
[efz_netplay_mod][pid=8796] DisableRevivalTextRendering: text rendering disabled
[efz_netplay_mod][pid=8796] Takeover: exit interception fully consumed mode=0
[efz_netplay_mod][pid=8796] DIAG[ConsumeExitInterception_exit]: dllExitPatchesSaved=0 tournamentPatchesSaved=0 renderContextSaved=1 savedRenderCtx=0x725C6BC8
[efz_netplay_mod][pid=8796] DIAG[ConsumeExitInterception_exit]: dllBase=0x6C820000 roleFlag=2 sessionPtr=0x154D4AD8 renderCtx=0x725C6BC8 globalState=0x02970048
[efz_netplay_mod][pid=8796] DIAG[ConsumeExitInterception_exit]: session vtable=0x6C8B0544 initComplete=0 activePlayer=0
[efz_netplay_mod][pid=8796] DIAG[ConsumeExitInterception_exit]: exitPatch[0] RVA=0x79BFD byte=0x74 expected=0x74
[efz_netplay_mod][pid=8796] DIAG[ConsumeExitInterception_exit]: exitPatch[1] RVA=0x72CAF byte=0x74 expected=0x74
[efz_netplay_mod][pid=8796] DIAG[ConsumeExitInterception_exit]: nearJccPatch[0] RVA=0x72B25 bytes=0F 85
[efz_netplay_mod][pid=8796] DIAG[ConsumeExitInterception_exit]: nearJccPatch[1] RVA=0x72B2E bytes=0F 85
[efz_netplay_mod][pid=8796] DIAG[ConsumeExitInterception_exit]: nearJccPatch[2] RVA=0x72EAB bytes=0F 84
[efz_netplay_mod][pid=8796] DIAG[ConsumeExitInterception_exit]: nearJccPatch[3] RVA=0x72EBE bytes=0F 84
[efz_netplay_mod][pid=8796] DIAG[ConsumeExitInterception_exit]: nearJccPatch[4] RVA=0x74CA1 bytes=0F 84
[efz_netplay_mod][pid=8796] DIAG[ConsumeExitInterception_exit]: nearJccPatch[5] RVA=0x74CB4 bytes=0F 84
[efz_netplay_mod][pid=8796] DIAG[ConsumeExitInterception_exit]: nearJccPatch[6] RVA=0x74CC1 bytes=0F 84
[efz_netplay_mod][pid=8796] DIAG[ConsumeExitInterception_exit]: localRoleFlag=2 localInitApplied=0 exitIntercepted=0 exitMode=-1 frameHookInstalled=1 frameRecoveryPending=0 forceLocalPlayInitCount=2
[efz_netplay_mod][pid=8796] DIAG[ConsumeExitInterception_exit]: revivalProcess=0x00000000 revivalPid=0 lastValidatedSession=0x154D4AD8 lastSessionPtrOffset=0xA02EC
[efz_netplay_mod][pid=8796] CrashHandler: TOCTOU recovery guard reset
[efz_netplay_mod][pid=8796] HookedTitleUpdateImpl: exit intercepted (netplay mode=0), re-entering netplay menu (skipFadeOut)
[efz_netplay_mod][pid=8796] EnterNetplayMenu: request active=0 skipFadeOut=1
[efz_netplay_mod][pid=8796] EnterNetplayMenu: skipping fade-out (disconnect recovery)
[efz_netplay_mod][pid=8796] LoadNetplayAssets: begin (screenContext=0x11DF6888)
[efz_netplay_mod][pid=8796] ResolveNetplayBackgroundPath: searching for netplay_bg.dat
[efz_netplay_mod][pid=8796] ResolveNetplayBackgroundPath: [DLL dir] probing 'D:\EFZ + Revival 1.02h\mods\efz_netplay_mod\assets\netplay_bg.dat'
[efz_netplay_mod][pid=8796] ResolveNetplayBackgroundPath: using 'D:\EFZ + Revival 1.02h\mods\efz_netplay_mod\assets\netplay_bg.dat'
[efz_netplay_mod][pid=8796] ResolveNetplayObjectsPath: searching for netplay objects
[efz_netplay_mod][pid=8796] ResolveNetplayObjectsPath: [DLL dir] probing 'D:\EFZ + Revival 1.02h\mods\efz_netplay_mod\assets\netplay_ob.dat'
[efz_netplay_mod][pid=8796] ResolveNetplayObjectsPath: using 'D:\EFZ + Revival 1.02h\mods\efz_netplay_mod\assets\netplay_ob.dat'
[efz_netplay_mod][pid=8796] ParseEfzDatImage: parsed 'D:\EFZ + Revival 1.02h\mods\efz_netplay_mod\assets\netplay_ob.dat' size=154370 firstByte=255 headerOffset=766 width=320 height=480 transparentSrc=20 hasTransparent=1 method=near_magenta exact=0 near=1
[efz_netplay_mod][pid=8796] LoadNetplayAssets: derived source transparent index=20 from netplay_ob.dat
[efz_netplay_mod][pid=8796] LoadNetplayAssets: derived netplay_ob layout srcY[261..387] dstY[95..221] rowH=14 width=320
[efz_netplay_mod][pid=8796] LoadNetplayAssets: forcing transparent color=213 (src=20 + offset=193)
[efz_netplay_mod][pid=8796] LoadNetplayAssets: done bg='D:\EFZ + Revival 1.02h\mods\efz_netplay_mod\assets\netplay_bg.dat' obj='D:\EFZ + Revival 1.02h\mods\efz_netplay_mod\assets\netplay_ob.dat' (palette bg=1 obj=1 transparent=213)
[efz_netplay_mod][pid=8796] LoadNetplayAssets: object profile colorOffset=193 paletteStart=193 paletteCount=48 configStyle=1 optionCount=5 backIndex=4
[efz_netplay_mod][pid=8796] LoadNetplaySpriteFont: no sprite font map found (runtime text disabled)
[efz_netplay_mod][pid=8796] LoadNetplayAssets: sprite font unavailable, using object-sheet-only rendering
[efz_netplay_mod][pid=8796] LoadNetplayMenuSettingsFromIni: loaded Network.Name='Aquatic'
[efz_netplay_mod][pid=8796] LoadNetplayMenuSettingsFromIni: loaded Network.Port=10800
[efz_netplay_mod][pid=8796] ResetTitleMenuState: selection=0 menuState=0 initState=0 exitState=0
[efz_netplay_mod][pid=8796] NetplayMenuSwitch: menu=Main selection=0 count=5 row=0(ROW_HOST) entry=HOST
[efz_netplay_mod][pid=8796] InstallNetplayWindowHook: hwnd=0x0003118C originalProc=0x71081150
[efz_netplay_mod][pid=8796] EnterNetplayMenu: disconnect recovery — rendered initial clean frame
[efz_netplay_mod][pid=8796] RunTransitionFadeIn: begin palette=299854006
[efz_netplay_mod][pid=8796] RunTransitionFadeIn: complete result=1
[efz_netplay_mod][pid=8796] EnterNetplayMenu: active menu=Main selection=0 bgmTrack=8 configStyle=1 optionCount=5 backIndex=4 skipFadeOut=1
[efz_netplay_mod][pid=8796] TICK_HOOK: executing deferred cancel cleanup (ForceLocalPlayInit was unsafe mid-tick)
[efz_netplay_mod][pid=8796] INIT_SNAP[ForceLocalPlayInit_pre]: roleFlag=2 sessionPtr=0x154D4AD8 initFlag=0 initByte=0x00 renderCtx=0x725C6BC8 renderCtxBase=0x00000000 initOnceGuard=0x00000101 timerPtr=0x725C6AD0 globalStatePtr=0x02970048
[efz_netplay_mod][pid=8796] INIT_SNAP[ForceLocalPlayInit_pre]: roleFlag[1]=0xA0610 val=1821111164
[efz_netplay_mod][pid=8796] INIT_SNAP[ForceLocalPlayInit_pre]: session vtable=0x6C8B0544 initComplete=0 activePlayer=0 queuePlayer=0 inputDelay=6553705
[efz_netplay_mod][pid=8796] INIT_SNAP[ForceLocalPlayInit_pre]: session currentFrame=-2147482015 gameModeSnap=4264 matchId=0 sentinel=0 helperHandle=0x00000000
[efz_netplay_mod][pid=8796] INIT_SNAP[ForceLocalPlayInit_pre]: session histPrimary=0x00000000 histSecondary=0x00000000 histPrimaryVec=0x154D4DEC histSecondaryVec=0x154D4DF8
[efz_netplay_mod][pid=8796] INIT_SNAP[ForceLocalPlayInit_pre]: session +4=13304013 +8=13107408 +12=2031646 +16=3080224 +36=1
[efz_netplay_mod][pid=8796] INIT_SNAP[ForceLocalPlayInit_pre]: g_localRoleFlag=2 g_localInitApplied=0 g_dllExitPatchesSaved=0 g_tournamentPatchesSaved=0 g_renderContextSaved=1 g_savedRenderCtx=0x725C6BC8 g_frameHookInstalled=1 initCount=3
[efz_netplay_mod][pid=8796] ForceLocalPlayInit: DestroyCurrentSession starting session=0x154D4AD8 role=2
[efz_netplay_mod][pid=8796] ForceLocalPlayInit: DestroyCurrentSession vtable=0x6C8B0544 (RVA 0x00090544)
[efz_netplay_mod][pid=8796] ForceLocalPlayInit: DestroyCurrentSession calling dtor vtable[0]=0x6C849090 session=0x154D4AD8 role=2
[efz_netplay_mod][pid=8796] ForceLocalPlayInit: DestroyCurrentSession destructor completed
[efz_netplay_mod][pid=8796] ResetModeConstructorTrampolineCache: cleared 2 entries
[efz_netplay_mod][pid=8796] ForceLocalPlayInit: DestroyCurrentSession done session=0x154D4AD8 role=2 globalsZeroed=1
[efz_netplay_mod][pid=8796] ForceLocalPlayInit: about to save EXE hook bytes before init() oldSession=0x154D4AD8 callCount=3
[efz_netplay_mod][pid=8796] SaveExeFrameHookBytes: saved 10 bytes at 0x00401582 [E9 B9 F2 77 04 90 90 90 90 90]
[efz_netplay_mod][pid=8796] RestoreModeCtorOriginalBytes: restored 0x00763E50=[C6 40 2D 00 8B 4D D0] 0x00763F04=[8B 4D D0 C6 41 2D 00]
[efz_netplay_mod][pid=8796] ResetModeConstructorTrampolineCache: cleared 2 entries
[efz_netplay_mod][pid=8796] ForceLocalPlayInit: 0x401582 pre-init  [E9 B9 F2 77 04 90 90 90 90 90]
[efz_netplay_mod][pid=8796] ForceLocalPlayInit: calling init(mode=2, magic=102)
[efz_netplay_mod][pid=8796] ForceLocalPlayInit: 0x401582 post-init [E9 39 4E 18 19 90 90 90 90 90]
[efz_netplay_mod][pid=8796] ForceLocalPlayInit: restoring saved EXE hook bytes
[efz_netplay_mod][pid=8796] RestoreExeFrameHookBytes: restored 10 bytes at 0x00401582 [E9 B9 F2 77 04 90 90 90 90 90]
[efz_netplay_mod][pid=8796] ForceLocalPlayInit: 0x401582 restored  [E9 B9 F2 77 04 90 90 90 90 90]
[efz_netplay_mod][pid=8796] ForceLocalPlayInit: modeCtorFixup 0x00763E50 not hooked (byte=0xC6), skip
[efz_netplay_mod][pid=8796] ForceLocalPlayInit: modeCtorFixup 0x00763F04 not hooked (byte=0x8B), skip
[efz_netplay_mod][pid=8796] INIT_SNAP[ForceLocalPlayInit_post_init]: roleFlag=2 sessionPtr=0x154D58C0 initFlag=0 initByte=0x00 renderCtx=0x725C6BC8 renderCtxBase=0x00000000 initOnceGuard=0x00000101 timerPtr=0x725C6AD0 globalStatePtr=0x02970048
[efz_netplay_mod][pid=8796] INIT_SNAP[ForceLocalPlayInit_post_init]: roleFlag[1]=0xA0610 val=1821111164
[efz_netplay_mod][pid=8796] INIT_SNAP[ForceLocalPlayInit_post_init]: session vtable=0x6C8B0544 initComplete=-1347440721 activePlayer=0 queuePlayer=0 inputDelay=0
[efz_netplay_mod][pid=8796] INIT_SNAP[ForceLocalPlayInit_post_init]: session currentFrame=0 gameModeSnap=0 matchId=0 sentinel=-1347440721 helperHandle=0x00000000
[efz_netplay_mod][pid=8796] INIT_SNAP[ForceLocalPlayInit_post_init]: session histPrimary=0x00000000 histSecondary=0x00000000 histPrimaryVec=0x154D5BD4 histSecondaryVec=0x154D5BE0
[efz_netplay_mod][pid=8796] INIT_SNAP[ForceLocalPlayInit_post_init]: session +4=5996 +8=4832 +12=9043968 +16=217467224 +36=1
[efz_netplay_mod][pid=8796] INIT_SNAP[ForceLocalPlayInit_post_init]: g_localRoleFlag=2 g_localInitApplied=0 g_dllExitPatchesSaved=0 g_tournamentPatchesSaved=0 g_renderContextSaved=1 g_savedRenderCtx=0x725C6BC8 g_frameHookInstalled=1 initCount=3
[efz_netplay_mod][pid=8796] ForceLocalPlayInit: init(2,102) result=1702648 callCount=3 oldSession=0x154D4AD8 newSession=0x154D58C0
[efz_netplay_mod][pid=8796] ForceLocalPlayInit: InvokeSessionVtableInit vtable[1] 0x6C8967D0 called on session 0x154D58C0
[efz_netplay_mod][pid=8796] INIT_SNAP[ForceLocalPlayInit_post_vtable1]: roleFlag=2 sessionPtr=0x154D58C0 initFlag=0 initByte=0x00 renderCtx=0x725C6BC8 renderCtxBase=0x00000000 initOnceGuard=0x00000101 timerPtr=0x725C6AD0 globalStatePtr=0x02970048
[efz_netplay_mod][pid=8796] INIT_SNAP[ForceLocalPlayInit_post_vtable1]: roleFlag[1]=0xA0610 val=1821111164
[efz_netplay_mod][pid=8796] INIT_SNAP[ForceLocalPlayInit_post_vtable1]: session vtable=0x6C8B0544 initComplete=-1347440721 activePlayer=0 queuePlayer=0 inputDelay=0
[efz_netplay_mod][pid=8796] INIT_SNAP[ForceLocalPlayInit_post_vtable1]: session currentFrame=0 gameModeSnap=0 matchId=0 sentinel=-1347440721 helperHandle=0x00000000
[efz_netplay_mod][pid=8796] INIT_SNAP[ForceLocalPlayInit_post_vtable1]: session histPrimary=0x00000000 histSecondary=0x00000000 histPrimaryVec=0x154D5BD4 histSecondaryVec=0x154D5BE0
[efz_netplay_mod][pid=8796] INIT_SNAP[ForceLocalPlayInit_post_vtable1]: session +4=13304013 +8=13107408 +12=2031646 +16=3080224 +36=1
[efz_netplay_mod][pid=8796] INIT_SNAP[ForceLocalPlayInit_post_vtable1]: g_localRoleFlag=2 g_localInitApplied=0 g_dllExitPatchesSaved=0 g_tournamentPatchesSaved=0 g_renderContextSaved=1 g_savedRenderCtx=0x725C6BC8 g_frameHookInstalled=1 initCount=3
[efz_netplay_mod][pid=8796] TICK_HOOK: deferred ForceLocalPlayInit result=1
[efz_netplay_mod][pid=8796] RestoreRenderContext: restored EfzRender* 0x725C6BC8 (was 0x725C6BC8, unchanged)
[efz_netplay_mod][pid=8796] RestoreRenderContext: restored EfzRender* 0x725C6BC8 (was 0x725C6BC8, unchanged)
[efz_netplay_mod][pid=8796] RestoreRenderContext: restored EfzRender* 0x725C6BC8 (was 0x725C6BC8, unchanged)
[efz_netplay_mod][pid=8796] DisableRevivalTextRendering: text rendering disabled
[efz_netplay_mod][pid=8796] CrashHandler: TOCTOU recovery guard reset
[efz_netplay_mod][pid=8796] TICK_HOOK: deferred cancel cleanup complete
[efz_netplay_mod][pid=8796] StateExport: nicknames local='Aquatic'->'Aquatic' p1='Aquatic'->'' p2='Aquatic_mod'->'' seq=18199
[efz_netplay_mod][pid=8796] StateExport: network ping=0->-1 delay=1->-1 seq=18199
[efz_netplay_mod][pid=8796] StateExport: charsel p1CharId=16->255 locked=0->0 p2CharId=4->255 locked=0->0 cursor=255 seq=18199
[efz_netplay_mod][pid=8796] StateExport: flow menu=0->1 charsel=1->0 match=0->0 screen=0 mode=1 phase=0 role=0 p1Wins=0 p2Wins=0
[efz_netplay_mod][pid=8796] StateExport: activity 4->1 screen=0 mode=1 phase=0 role=0 side=0 p1='' p2='' caps=0xB7 sessionId=1 setId=0 seq=18199
[efz_netplay_mod][pid=8796] TICK_HOOK: *** ECX MISMATCH *** frameTick=1 exeECX=0x11DF6888 dllSession=0x154D58C0 — overriding ECX with current session
[efz_netplay_mod][pid=8796] TICK_HOOK: current session vtable=0x6C8B0544 (RVA=0x90544)
[efz_netplay_mod][pid=8796] DIAG[tick_ecx_mismatch]: dllExitPatchesSaved=0 tournamentPatchesSaved=0 renderContextSaved=1 savedRenderCtx=0x725C6BC8
[efz_netplay_mod][pid=8796] DIAG[tick_ecx_mismatch]: dllBase=0x6C820000 roleFlag=2 sessionPtr=0x154D58C0 renderCtx=0x725C6BC8 globalState=0x02970048
[efz_netplay_mod][pid=8796] DIAG[tick_ecx_mismatch]: session vtable=0x6C8B0544 initComplete=-1347440721 activePlayer=0
[efz_netplay_mod][pid=8796] DIAG[tick_ecx_mismatch]: exitPatch[0] RVA=0x79BFD byte=0x74 expected=0x74
[efz_netplay_mod][pid=8796] DIAG[tick_ecx_mismatch]: exitPatch[1] RVA=0x72CAF byte=0x74 expected=0x74
[efz_netplay_mod][pid=8796] DIAG[tick_ecx_mismatch]: nearJccPatch[0] RVA=0x72B25 bytes=0F 85
[efz_netplay_mod][pid=8796] DIAG[tick_ecx_mismatch]: nearJccPatch[1] RVA=0x72B2E bytes=0F 85
[efz_netplay_mod][pid=8796] DIAG[tick_ecx_mismatch]: nearJccPatch[2] RVA=0x72EAB bytes=0F 84
[efz_netplay_mod][pid=8796] DIAG[tick_ecx_mismatch]: nearJccPatch[3] RVA=0x72EBE bytes=0F 84
[efz_netplay_mod][pid=8796] DIAG[tick_ecx_mismatch]: nearJccPatch[4] RVA=0x74CA1 bytes=0F 84
[efz_netplay_mod][pid=8796] DIAG[tick_ecx_mismatch]: nearJccPatch[5] RVA=0x74CB4 bytes=0F 84
[efz_netplay_mod][pid=8796] DIAG[tick_ecx_mismatch]: nearJccPatch[6] RVA=0x74CC1 bytes=0F 84
[efz_netplay_mod][pid=8796] DIAG[tick_ecx_mismatch]: localRoleFlag=2 localInitApplied=0 exitIntercepted=0 exitMode=-1 frameHookInstalled=1 frameRecoveryPending=0 forceLocalPlayInitCount=3
[efz_netplay_mod][pid=8796] DIAG[tick_ecx_mismatch]: revivalProcess=0x00000000 revivalPid=0 lastValidatedSession=0x154D58C0 lastSessionPtrOffset=0xA02EC
[efz_netplay_mod][pid=8796] TICK_HOOK: heartbeat frameTick=1 session=0x154D58C0 exeECX=0x11DF6888 match=0
[efz_netplay_mod][pid=8796] RestoreRenderContext: restored EfzRender* 0x725C6BC8 (was 0x725C6BC8, unchanged)
[efz_netplay_mod][pid=8796] RestoreRenderContext: restored EfzRender* 0x725C6BC8 (was 0x725C6BC8, unchanged)
[efz_netplay_mod][pid=8796] DisableRevivalTextRendering: text rendering disabled
[efz_netplay_mod][pid=8796] NetplayInput: P1(h=0 v=0 c=0 b=0) P2(h=0 v=0 c=0 b=0)
[efz_netplay_mod][pid=8796] NetplayFrame: updates=2185 menu=Main selection=0 row=0(ROW_HOST) inactivity=0 slide=0 nativeSlideRaw=0 nativeSlideScaled=0
[efz_netplay_mod][pid=8796] RestoreRenderContext: restored EfzRender* 0x725C6BC8 (was 0x725C6BC8, unchanged)
[efz_netplay_mod][pid=8796] RestoreRenderContext: restored EfzRender* 0x725C6BC8 (was 0x725C6BC8, unchanged)
[efz_netplay_mod][pid=8796] DisableRevivalTextRendering: text rendering disabled
[efz_netplay_mod][pid=8796] RestoreRenderContext: restored EfzRender* 0x725C6BC8 (was 0x725C6BC8, unchanged)
[efz_netplay_mod][pid=8796] RestoreRenderContext: restored EfzRender* 0x725C6BC8 (was 0x725C6BC8, unchanged)
[efz_netplay_mod][pid=8796] DisableRevivalTextRendering: text rendering disabled
[efz_netplay_mod][pid=8796] RestoreRenderContext: restored EfzRender* 0x725C6BC8 (was 0x725C6BC8, unchanged)
[efz_netplay_mod][pid=8796] RestoreRenderContext: restored EfzRender* 0x725C6BC8 (was 0x725C6BC8, unchanged)
[efz_netplay_mod][pid=8796] DisableRevivalTextRendering: text rendering disabled
[efz_netplay_mod][pid=8796] RestoreRenderContext: restored EfzRender* 0x725C6BC8 (was 0x725C6BC8, unchanged)
[efz_netplay_mod][pid=8796] RestoreRenderContext: restored EfzRender* 0x725C6BC8 (was 0x725C6BC8, unchanged)
[efz_netplay_mod][pid=8796] DisableRevivalTextRendering: text rendering disabled
[efz_netplay_mod][pid=8796] HookedTitleUpdateImpl: calls=3000 netplayActive=1
[efz_netplay_mod][pid=8796] NetplayFrame: updates=2314 menu=Main selection=0 row=0(ROW_HOST) inactivity=129 slide=0 nativeSlideRaw=0 nativeSlideScaled=0
[efz_netplay_mod][pid=8796] StateExport: heartbeat seq=18600 activity=1 menu=1 screen=0 mode=1 phase=0 role=0 side=0 p1Wins=0 p2Wins=0 ping=-1 delay=-1 local='Aquatic' p1='' p2='' revival='1.02h' caps=0xB7 sessionId=1 setId=0 endReason=0
[efz_netplay_mod][pid=8796] NetplayFrame: updates=2442 menu=Main selection=0 row=0(ROW_HOST) inactivity=257 slide=0 nativeSlideRaw=0 nativeSlideScaled=0
[efz_netplay_mod][pid=8796] NetplayFrame: updates=2570 menu=Main selection=0 row=0(ROW_HOST) inactivity=385 slide=0 nativeSlideRaw=0 nativeSlideScaled=0
[efz_netplay_mod][pid=8796] HookedTitleUpdateImpl: calls=3300 netplayActive=1
[efz_netplay_mod][pid=8796] StateExport: heartbeat seq=19200 activity=1 menu=1 screen=0 mode=1 phase=0 role=0 side=0 p1Wins=0 p2Wins=0 ping=-1 delay=-1 local='Aquatic' p1='' p2='' revival='1.02h' caps=0xB7 sessionId=1 setId=0 endReason=0
[efz_netplay_mod][pid=8796] NetplayFrame: updates=2697 menu=Main selection=0 row=0(ROW_HOST) inactivity=512 slide=0 nativeSlideRaw=0 nativeSlideScaled=0
[efz_netplay_mod][pid=8796] TICK_HOOK: heartbeat frameTick=600 session=0x154D58C0 exeECX=0x11DF6888 match=0
[efz_netplay_mod][pid=8796] NetplayFrame: updates=2825 menu=Main selection=0 row=0(ROW_HOST) inactivity=640 slide=0 nativeSlideRaw=0 nativeSlideScaled=0
[efz_netplay_mod][pid=8796] HookedTitleUpdateImpl: calls=3600 netplayActive=1
[efz_netplay_mod][pid=8796] NetplayFrame: updates=2953 menu=Main selection=0 row=0(ROW_HOST) inactivity=768 slide=0 nativeSlideRaw=0 nativeSlideScaled=0
[efz_netplay_mod][pid=8796] StateExport: heartbeat seq=19800 activity=1 menu=1 screen=0 mode=1 phase=0 role=0 side=0 p1Wins=0 p2Wins=0 ping=-1 delay=-1 local='Aquatic' p1='' p2='' revival='1.02h' caps=0xB7 sessionId=1 setId=0 endReason=0
[efz_netplay_mod][pid=8796] NetplayFrame: updates=3081 menu=Main selection=0 row=0(ROW_HOST) inactivity=896 slide=0 nativeSlideRaw=0 nativeSlideScaled=0
[efz_netplay_mod][pid=8796] HookedTitleUpdateImpl: calls=3900 netplayActive=1
[efz_netplay_mod][pid=8796] NetplayFrame: updates=3209 menu=Main selection=0 row=0(ROW_HOST) inactivity=1024 slide=0 nativeSlideRaw=0 nativeSlideScaled=0
[efz_netplay_mod][pid=8796] StateExport: heartbeat seq=20400 activity=1 menu=1 screen=0 mode=1 phase=0 role=0 side=0 p1Wins=0 p2Wins=0 ping=-1 delay=-1 local='Aquatic' p1='' p2='' revival='1.02h' caps=0xB7 sessionId=1 setId=0 endReason=0
[efz_netplay_mod][pid=8796] NetplayFrame: updates=3336 menu=Main selection=0 row=0(ROW_HOST) inactivity=1151 slide=0 nativeSlideRaw=0 nativeSlideScaled=0
[efz_netplay_mod][pid=8796] TICK_HOOK: heartbeat frameTick=1200 session=0x154D58C0 exeECX=0x11DF6888 match=0
[efz_netplay_mod][pid=8796] NetplayFrame: updates=3464 menu=Main selection=0 row=0(ROW_HOST) inactivity=1279 slide=0 nativeSlideRaw=0 nativeSlideScaled=0
[efz_netplay_mod][pid=8796] HookedTitleUpdateImpl: calls=4200 netplayActive=1
[efz_netplay_mod][pid=8796] StateExport: heartbeat seq=21000 activity=1 menu=1 screen=0 mode=1 phase=0 role=0 side=0 p1Wins=0 p2Wins=0 ping=-1 delay=-1 local='Aquatic' p1='' p2='' revival='1.02h' caps=0xB7 sessionId=1 setId=0 endReason=0
[efz_netplay_mod][pid=8796] NetplayFrame: updates=3592 menu=Main selection=0 row=0(ROW_HOST) inactivity=1407 slide=0 nativeSlideRaw=0 nativeSlideScaled=0
[efz_netplay_mod][pid=8796] NetplayFrame: updates=3720 menu=Main selection=0 row=0(ROW_HOST) inactivity=1535 slide=0 nativeSlideRaw=0 nativeSlideScaled=0
[efz_netplay_mod][pid=8796] HookedTitleUpdateImpl: calls=4500 netplayActive=1
[efz_netplay_mod][pid=8796] NetplayFrame: updates=3847 menu=Main selection=0 row=0(ROW_HOST) inactivity=1662 slide=0 nativeSlideRaw=0 nativeSlideScaled=0
[efz_netplay_mod][pid=8796] StateExport: heartbeat seq=21600 activity=1 menu=1 screen=0 mode=1 phase=0 role=0 side=0 p1Wins=0 p2Wins=0 ping=-1 delay=-1 local='Aquatic' p1='' p2='' revival='1.02h' caps=0xB7 sessionId=1 setId=0 endReason=0
[efz_netplay_mod][pid=8796] NetplayFrame: updates=3975 menu=Main selection=0 row=0(ROW_HOST) inactivity=1790 slide=0 nativeSlideRaw=0 nativeSlideScaled=0
[efz_netplay_mod][pid=8796] TICK_HOOK: heartbeat frameTick=1800 session=0x154D58C0 exeECX=0x11DF6888 match=0
[efz_netplay_mod][pid=8796] HookedTitleUpdateImpl: calls=4800 netplayActive=1
[efz_netplay_mod][pid=8796] NetplayFrame: updates=4103 menu=Main selection=0 row=0(ROW_HOST) inactivity=1918 slide=0 nativeSlideRaw=0 nativeSlideScaled=0
[efz_netplay_mod][pid=8796] StateExport: heartbeat seq=22200 activity=1 menu=1 screen=0 mode=1 phase=0 role=0 side=0 p1Wins=0 p2Wins=0 ping=-1 delay=-1 local='Aquatic' p1='' p2='' revival='1.02h' caps=0xB7 sessionId=1 setId=0 endReason=0
[efz_netplay_mod][pid=8796] NetplayFrame: updates=4231 menu=Main selection=0 row=0(ROW_HOST) inactivity=2046 slide=0 nativeSlideRaw=0 nativeSlideScaled=0
[efz_netplay_mod][pid=8796] NetplayFrame: updates=4359 menu=Main selection=0 row=0(ROW_HOST) inactivity=2174 slide=0 nativeSlideRaw=0 nativeSlideScaled=0
[efz_netplay_mod][pid=8796] HookedTitleUpdateImpl: calls=5100 netplayActive=1
[efz_netplay_mod][pid=8796] StateExport: heartbeat seq=22800 activity=1 menu=1 screen=0 mode=1 phase=0 role=0 side=0 p1Wins=0 p2Wins=0 ping=-1 delay=-1 local='Aquatic' p1='' p2='' revival='1.02h' caps=0xB7 sessionId=1 setId=0 endReason=0
[efz_netplay_mod][pid=8796] NetplayFrame: updates=4486 menu=Main selection=0 row=0(ROW_HOST) inactivity=2301 slide=0 nativeSlideRaw=0 nativeSlideScaled=0
[efz_netplay_mod][pid=8796] TICK_HOOK: heartbeat frameTick=2400 session=0x154D58C0 exeECX=0x11DF6888 match=0
[efz_netplay_mod][pid=8796] NetplayFrame: updates=4614 menu=Main selection=0 row=0(ROW_HOST) inactivity=2429 slide=0 nativeSlideRaw=0 nativeSlideScaled=0
[efz_netplay_mod][pid=8796] HookedTitleUpdateImpl: calls=5400 netplayActive=1
[efz_netplay_mod][pid=8796] NetplayFrame: updates=4742 menu=Main selection=0 row=0(ROW_HOST) inactivity=2557 slide=0 nativeSlideRaw=0 nativeSlideScaled=0
[efz_netplay_mod][pid=8796] StateExport: heartbeat seq=23400 activity=1 menu=1 screen=0 mode=1 phase=0 role=0 side=0 p1Wins=0 p2Wins=0 ping=-1 delay=-1 local='Aquatic' p1='' p2='' revival='1.02h' caps=0xB7 sessionId=1 setId=0 endReason=0
[efz_netplay_mod][pid=8796] NetplayFrame: updates=4870 menu=Main selection=0 row=0(ROW_HOST) inactivity=2685 slide=0 nativeSlideRaw=0 nativeSlideScaled=0
[efz_netplay_mod][pid=8796] NetplayFrame: updates=4998 menu=Main selection=0 row=0(ROW_HOST) inactivity=2813 slide=0 nativeSlideRaw=0 nativeSlideScaled=0
[efz_netplay_mod][pid=8796] HookedTitleUpdateImpl: calls=5700 netplayActive=1
[efz_netplay_mod][pid=8796] StateExport: heartbeat seq=24000 activity=1 menu=1 screen=0 mode=1 phase=0 role=0 side=0 p1Wins=0 p2Wins=0 ping=-1 delay=-1 local='Aquatic' p1='' p2='' revival='1.02h' caps=0xB7 sessionId=1 setId=0 endReason=0
[efz_netplay_mod][pid=8796] NetplayFrame: updates=5125 menu=Main selection=0 row=0(ROW_HOST) inactivity=2940 slide=0 nativeSlideRaw=0 nativeSlideScaled=0
[efz_netplay_mod][pid=8796] TICK_HOOK: heartbeat frameTick=3000 session=0x154D58C0 exeECX=0x11DF6888 match=0
[efz_netplay_mod][pid=8796] NetplayFrame: updates=5253 menu=Main selection=0 row=0(ROW_HOST) inactivity=3068 slide=0 nativeSlideRaw=0 nativeSlideScaled=0
[efz_netplay_mod][pid=8796] HookedTitleUpdateImpl: calls=6000 netplayActive=1
[efz_netplay_mod][pid=8796] NetplayFrame: updates=5379 menu=Main selection=0 row=0(ROW_HOST) inactivity=3194 slide=0 nativeSlideRaw=0 nativeSlideScaled=0
[efz_netplay_mod][pid=8796] StateExport: heartbeat seq=24600 activity=1 menu=1 screen=0 mode=1 phase=0 role=0 side=0 p1Wins=0 p2Wins=0 ping=-1 delay=-1 local='Aquatic' p1='' p2='' revival='1.02h' caps=0xB7 sessionId=1 setId=0 endReason=0
[efz_netplay_mod][pid=8796] NetplayFrame: updates=5507 menu=Main selection=0 row=0(ROW_HOST) inactivity=3322 slide=0 nativeSlideRaw=0 nativeSlideScaled=0
[efz_netplay_mod][pid=8796] HookedTitleUpdateImpl: calls=6300 netplayActive=1
[efz_netplay_mod][pid=8796] NetplayFrame: updates=5635 menu=Main selection=0 row=0(ROW_HOST) inactivity=3450 slide=0 nativeSlideRaw=0 nativeSlideScaled=0
[efz_netplay_mod][pid=8796] StateExport: heartbeat seq=25200 activity=1 menu=1 screen=0 mode=1 phase=0 role=0 side=0 p1Wins=0 p2Wins=0 ping=-1 delay=-1 local='Aquatic' p1='' p2='' revival='1.02h' caps=0xB7 sessionId=1 setId=0 endReason=0
[efz_netplay_mod][pid=8796] NetplayFrame: updates=5761 menu=Main selection=0 row=0(ROW_HOST) inactivity=3576 slide=0 nativeSlideRaw=0 nativeSlideScaled=0
[efz_netplay_mod][pid=8796] TICK_HOOK: heartbeat frameTick=3600 session=0x154D58C0 exeECX=0x11DF6888 match=0
[efz_netplay_mod][pid=8796] NetplayFrame: updates=5889 menu=Main selection=0 row=0(ROW_HOST) inactivity=3704 slide=0 nativeSlideRaw=0 nativeSlideScaled=0
[efz_netplay_mod][pid=8796] HookedTitleUpdateImpl: calls=6600 netplayActive=1
[efz_netplay_mod][pid=8796] StateExport: heartbeat seq=25800 activity=1 menu=1 screen=0 mode=1 phase=0 role=0 side=0 p1Wins=0 p2Wins=0 ping=-1 delay=-1 local='Aquatic' p1='' p2='' revival='1.02h' caps=0xB7 sessionId=1 setId=0 endReason=0
[efz_netplay_mod][pid=8796] NetplayFrame: updates=6017 menu=Main selection=0 row=0(ROW_HOST) inactivity=3832 slide=0 nativeSlideRaw=0 nativeSlideScaled=0
[efz_netplay_mod][pid=8796] NetplayFrame: updates=6145 menu=Main selection=0 row=0(ROW_HOST) inactivity=3960 slide=0 nativeSlideRaw=0 nativeSlideScaled=0
[efz_netplay_mod][pid=8796] HookedTitleUpdateImpl: calls=6900 netplayActive=1
[efz_netplay_mod][pid=8796] NetplayFrame: updates=6273 menu=Main selection=0 row=0(ROW_HOST) inactivity=4088 slide=0 nativeSlideRaw=0 nativeSlideScaled=0
[efz_netplay_mod][pid=8796] StateExport: heartbeat seq=26400 activity=1 menu=1 screen=0 mode=1 phase=0 role=0 side=0 p1Wins=0 p2Wins=0 ping=-1 delay=-1 local='Aquatic' p1='' p2='' revival='1.02h' caps=0xB7 sessionId=1 setId=0 endReason=0
[efz_netplay_mod][pid=8796] TICK_HOOK: heartbeat frameTick=4200 session=0x154D58C0 exeECX=0x11DF6888 match=0
[efz_netplay_mod][pid=8796] NetplayFrame: updates=6400 menu=Main selection=0 row=0(ROW_HOST) inactivity=4215 slide=0 nativeSlideRaw=0 nativeSlideScaled=0
[efz_netplay_mod][pid=8796] HookedTitleUpdateImpl: calls=7200 netplayActive=1
[efz_netplay_mod][pid=8796] NetplayFrame: updates=6528 menu=Main selection=0 row=0(ROW_HOST) inactivity=4343 slide=0 nativeSlideRaw=0 nativeSlideScaled=0
[efz_netplay_mod][pid=8796] StateExport: heartbeat seq=27000 activity=1 menu=1 screen=0 mode=1 phase=0 role=0 side=0 p1Wins=0 p2Wins=0 ping=-1 delay=-1 local='Aquatic' p1='' p2='' revival='1.02h' caps=0xB7 sessionId=1 setId=0 endReason=0
[efz_netplay_mod][pid=8796] NetplayFrame: updates=6656 menu=Main selection=0 row=0(ROW_HOST) inactivity=4471 slide=0 nativeSlideRaw=0 nativeSlideScaled=0
[efz_netplay_mod][pid=8796] NetplayFrame: updates=6784 menu=Main selection=0 row=0(ROW_HOST) inactivity=4599 slide=0 nativeSlideRaw=0 nativeSlideScaled=0
[efz_netplay_mod][pid=8796] HookedTitleUpdateImpl: calls=7500 netplayActive=1
[efz_netplay_mod][pid=8796] StateExport: heartbeat seq=27600 activity=1 menu=1 screen=0 mode=1 phase=0 role=0 side=0 p1Wins=0 p2Wins=0 ping=-1 delay=-1 local='Aquatic' p1='' p2='' revival='1.02h' caps=0xB7 sessionId=1 setId=0 endReason=0
[efz_netplay_mod][pid=8796] NetplayFrame: updates=6909 menu=Main selection=0 row=0(ROW_HOST) inactivity=4724 slide=0 nativeSlideRaw=0 nativeSlideScaled=0
[efz_netplay_mod][pid=8796] TICK_HOOK: heartbeat frameTick=4800 session=0x154D58C0 exeECX=0x11DF6888 match=0
[efz_netplay_mod][pid=8796] NetplayFrame: updates=7036 menu=Main selection=0 row=0(ROW_HOST) inactivity=4851 slide=0 nativeSlideRaw=0 nativeSlideScaled=0
[efz_netplay_mod][pid=8796] HookedTitleUpdateImpl: calls=7800 netplayActive=1
[efz_netplay_mod][pid=8796] NetplayFrame: updates=7164 menu=Main selection=0 row=0(ROW_HOST) inactivity=4979 slide=0 nativeSlideRaw=0 nativeSlideScaled=0
[efz_netplay_mod][pid=8796] StateExport: heartbeat seq=28200 activity=1 menu=1 screen=0 mode=1 phase=0 role=0 side=0 p1Wins=0 p2Wins=0 ping=-1 delay=-1 local='Aquatic' p1='' p2='' revival='1.02h' caps=0xB7 sessionId=1 setId=0 endReason=0
[efz_netplay_mod][pid=8796] NetplayFrame: updates=7292 menu=Main selection=0 row=0(ROW_HOST) inactivity=5107 slide=0 nativeSlideRaw=0 nativeSlideScaled=0
[efz_netplay_mod][pid=8796] HookedTitleUpdateImpl: calls=8100 netplayActive=1
[efz_netplay_mod][pid=8796] NetplayFrame: updates=7420 menu=Main selection=0 row=0(ROW_HOST) inactivity=5235 slide=0 nativeSlideRaw=0 nativeSlideScaled=0
[efz_netplay_mod][pid=8796] StateExport: heartbeat seq=28800 activity=1 menu=1 screen=0 mode=1 phase=0 role=0 side=0 p1Wins=0 p2Wins=0 ping=-1 delay=-1 local='Aquatic' p1='' p2='' revival='1.02h' caps=0xB7 sessionId=1 setId=0 endReason=0
[efz_netplay_mod][pid=8796] NetplayFrame: updates=7548 menu=Main selection=0 row=0(ROW_HOST) inactivity=5363 slide=0 nativeSlideRaw=0 nativeSlideScaled=0
[efz_netplay_mod][pid=8796] TICK_HOOK: heartbeat frameTick=5400 session=0x154D58C0 exeECX=0x11DF6888 match=0
[efz_netplay_mod][pid=8796] NetplayFrame: updates=7676 menu=Main selection=0 row=0(ROW_HOST) inactivity=5491 slide=0 nativeSlideRaw=0 nativeSlideScaled=0
[efz_netplay_mod][pid=8796] HookedTitleUpdateImpl: calls=8400 netplayActive=1
[efz_netplay_mod][pid=8796] StateExport: heartbeat seq=29400 activity=1 menu=1 screen=0 mode=1 phase=0 role=0 side=0 p1Wins=0 p2Wins=0 ping=-1 delay=-1 local='Aquatic' p1='' p2='' revival='1.02h' caps=0xB7 sessionId=1 setId=0 endReason=0
[efz_netplay_mod][pid=8796] NetplayFrame: updates=7804 menu=Main selection=0 row=0(ROW_HOST) inactivity=5619 slide=0 nativeSlideRaw=0 nativeSlideScaled=0
[efz_netplay_mod][pid=8796] NetplayFrame: updates=7932 menu=Main selection=0 row=0(ROW_HOST) inactivity=5747 slide=0 nativeSlideRaw=0 nativeSlideScaled=0
[efz_netplay_mod][pid=8796] HookedTitleUpdateImpl: calls=8700 netplayActive=1
[efz_netplay_mod][pid=8796] NetplayFrame: updates=8060 menu=Main selection=0 row=0(ROW_HOST) inactivity=5875 slide=0 nativeSlideRaw=0 nativeSlideScaled=0
[efz_netplay_mod][pid=8796] StateExport: heartbeat seq=30000 activity=1 menu=1 screen=0 mode=1 phase=0 role=0 side=0 p1Wins=0 p2Wins=0 ping=-1 delay=-1 local='Aquatic' p1='' p2='' revival='1.02h' caps=0xB7 sessionId=1 setId=0 endReason=0
[efz_netplay_mod][pid=8796] TICK_HOOK: heartbeat frameTick=6000 session=0x154D58C0 exeECX=0x11DF6888 match=0
[efz_netplay_mod][pid=8796] NetplayFrame: updates=8187 menu=Main selection=0 row=0(ROW_HOST) inactivity=6002 slide=0 nativeSlideRaw=0 nativeSlideScaled=0
[efz_netplay_mod][pid=8796] HookedTitleUpdateImpl: calls=9000 netplayActive=1
[efz_netplay_mod][pid=8796] NetplayFrame: updates=8315 menu=Main selection=0 row=0(ROW_HOST) inactivity=6130 slide=0 nativeSlideRaw=0 nativeSlideScaled=0
[efz_netplay_mod][pid=8796] StateExport: heartbeat seq=30600 activity=1 menu=1 screen=0 mode=1 phase=0 role=0 side=0 p1Wins=0 p2Wins=0 ping=-1 delay=-1 local='Aquatic' p1='' p2='' revival='1.02h' caps=0xB7 sessionId=1 setId=0 endReason=0
[efz_netplay_mod][pid=8796] NetplayFrame: updates=8443 menu=Main selection=0 row=0(ROW_HOST) inactivity=6258 slide=0 nativeSlideRaw=0 nativeSlideScaled=0
[efz_netplay_mod][pid=8796] NetplayFrame: updates=8571 menu=Main selection=0 row=0(ROW_HOST) inactivity=6386 slide=0 nativeSlideRaw=0 nativeSlideScaled=0
[efz_netplay_mod][pid=8796] HookedTitleUpdateImpl: calls=9300 netplayActive=1
[efz_netplay_mod][pid=8796] StateExport: heartbeat seq=31200 activity=1 menu=1 screen=0 mode=1 phase=0 role=0 side=0 p1Wins=0 p2Wins=0 ping=-1 delay=-1 local='Aquatic' p1='' p2='' revival='1.02h' caps=0xB7 sessionId=1 setId=0 endReason=0
[efz_netplay_mod][pid=8796] NetplayFrame: updates=8699 menu=Main selection=0 row=0(ROW_HOST) inactivity=6514 slide=0 nativeSlideRaw=0 nativeSlideScaled=0
[efz_netplay_mod][pid=8796] NetplayFrame: updates=8826 menu=Main selection=0 row=0(ROW_HOST) inactivity=6641 slide=0 nativeSlideRaw=0 nativeSlideScaled=0
[efz_netplay_mod][pid=8796] HookedTitleUpdateImpl: calls=9600 netplayActive=1
[efz_netplay_mod][pid=8796] NetplayFrame: updates=8954 menu=Main selection=0 row=0(ROW_HOST) inactivity=6769 slide=0 nativeSlideRaw=0 nativeSlideScaled=0
[efz_netplay_mod][pid=8796] StateExport: heartbeat seq=31800 activity=1 menu=1 screen=0 mode=1 phase=0 role=0 side=0 p1Wins=0 p2Wins=0 ping=-1 delay=-1 local='Aquatic' p1='' p2='' revival='1.02h' caps=0xB7 sessionId=1 setId=0 endReason=0
[efz_netplay_mod][pid=8796] NetplayFrame: updates=9082 menu=Main selection=0 row=0(ROW_HOST) inactivity=6897 slide=0 nativeSlideRaw=0 nativeSlideScaled=0
[efz_netplay_mod][pid=8796] HookedTitleUpdateImpl: calls=9900 netplayActive=1
[efz_netplay_mod][pid=8796] NetplayFrame: updates=9210 menu=Main selection=0 row=0(ROW_HOST) inactivity=7025 slide=0 nativeSlideRaw=0 nativeSlideScaled=0
[efz_netplay_mod][pid=8796] StateExport: heartbeat seq=32400 activity=1 menu=1 screen=0 mode=1 phase=0 role=0 side=0 p1Wins=0 p2Wins=0 ping=-1 delay=-1 local='Aquatic' p1='' p2='' revival='1.02h' caps=0xB7 sessionId=1 setId=0 endReason=0
[efz_netplay_mod][pid=8796] NetplayFrame: updates=9338 menu=Main selection=0 row=0(ROW_HOST) inactivity=7153 slide=0 nativeSlideRaw=0 nativeSlideScaled=0
[efz_netplay_mod][pid=8796] NetplayFrame: updates=9465 menu=Main selection=0 row=0(ROW_HOST) inactivity=7280 slide=0 nativeSlideRaw=0 nativeSlideScaled=0
[efz_netplay_mod][pid=8796] HookedTitleUpdateImpl: calls=10200 netplayActive=1
[efz_netplay_mod][pid=8796] StateExport: heartbeat seq=33000 activity=1 menu=1 screen=0 mode=1 phase=0 role=0 side=0 p1Wins=0 p2Wins=0 ping=-1 delay=-1 local='Aquatic' p1='' p2='' revival='1.02h' caps=0xB7 sessionId=1 setId=0 endReason=0
[efz_netplay_mod][pid=8796] NetplayFrame: updates=9593 menu=Main selection=0 row=0(ROW_HOST) inactivity=7408 slide=0 nativeSlideRaw=0 nativeSlideScaled=0
[efz_netplay_mod][pid=8796] NetplayFrame: updates=9721 menu=Main selection=0 row=0(ROW_HOST) inactivity=7536 slide=0 nativeSlideRaw=0 nativeSlideScaled=0
[efz_netplay_mod][pid=8796] HookedTitleUpdateImpl: calls=10500 netplayActive=1
[efz_netplay_mod][pid=8796] NetplayFrame: updates=9849 menu=Main selection=0 row=0(ROW_HOST) inactivity=7664 slide=0 nativeSlideRaw=0 nativeSlideScaled=0
[efz_netplay_mod][pid=8796] StateExport: heartbeat seq=33600 activity=1 menu=1 screen=0 mode=1 phase=0 role=0 side=0 p1Wins=0 p2Wins=0 ping=-1 delay=-1 local='Aquatic' p1='' p2='' revival='1.02h' caps=0xB7 sessionId=1 setId=0 endReason=0
[efz_netplay_mod][pid=8796] NetplayFrame: updates=9976 menu=Main selection=0 row=0(ROW_HOST) inactivity=7791 slide=0 nativeSlideRaw=0 nativeSlideScaled=0
[efz_netplay_mod][pid=8796] HookedTitleUpdateImpl: calls=10800 netplayActive=1
[efz_netplay_mod][pid=8796] NetplayFrame: updates=10104 menu=Main selection=0 row=0(ROW_HOST) inactivity=7919 slide=0 nativeSlideRaw=0 nativeSlideScaled=0
[efz_netplay_mod][pid=8796] StateExport: heartbeat seq=34200 activity=1 menu=1 screen=0 mode=1 phase=0 role=0 side=0 p1Wins=0 p2Wins=0 ping=-1 delay=-1 local='Aquatic' p1='' p2='' revival='1.02h' caps=0xB7 sessionId=1 setId=0 endReason=0
[efz_netplay_mod][pid=8796] NetplayFrame: updates=10232 menu=Main selection=0 row=0(ROW_HOST) inactivity=8047 slide=0 nativeSlideRaw=0 nativeSlideScaled=0
[efz_netplay_mod][pid=8796] NetplayFrame: updates=10360 menu=Main selection=0 row=0(ROW_HOST) inactivity=8175 slide=0 nativeSlideRaw=0 nativeSlideScaled=0
[efz_netplay_mod][pid=8796] HookedTitleUpdateImpl: calls=11100 netplayActive=1
[efz_netplay_mod][pid=8796] StateExport: heartbeat seq=34800 activity=1 menu=1 screen=0 mode=1 phase=0 role=0 side=0 p1Wins=0 p2Wins=0 ping=-1 delay=-1 local='Aquatic' p1='' p2='' revival='1.02h' caps=0xB7 sessionId=1 setId=0 endReason=0
[efz_netplay_mod][pid=8796] NetplayFrame: updates=10488 menu=Main selection=0 row=0(ROW_HOST) inactivity=8303 slide=0 nativeSlideRaw=0 nativeSlideScaled=0
[efz_netplay_mod][pid=8796] NetplayFrame: updates=10617 menu=Main selection=0 row=0(ROW_HOST) inactivity=8432 slide=0 nativeSlideRaw=0 nativeSlideScaled=0
[efz_netplay_mod][pid=8796] HookedTitleUpdateImpl: calls=11400 netplayActive=1
[efz_netplay_mod][pid=8796] NetplayFrame: updates=10744 menu=Main selection=0 row=0(ROW_HOST) inactivity=8559 slide=0 nativeSlideRaw=0 nativeSlideScaled=0
[efz_netplay_mod][pid=8796] StateExport: heartbeat seq=35400 activity=1 menu=1 screen=0 mode=1 phase=0 role=0 side=0 p1Wins=0 p2Wins=0 ping=-1 delay=-1 local='Aquatic' p1='' p2='' revival='1.02h' caps=0xB7 sessionId=1 setId=0 endReason=0
[efz_netplay_mod][pid=8796] NetplayFrame: updates=10872 menu=Main selection=0 row=0(ROW_HOST) inactivity=8687 slide=0 nativeSlideRaw=0 nativeSlideScaled=0
[efz_netplay_mod][pid=8796] NetplayFrame: updates=10998 menu=Main selection=0 row=0(ROW_HOST) inactivity=8813 slide=0 nativeSlideRaw=0 nativeSlideScaled=0
[efz_netplay_mod][pid=8796] HookedTitleUpdateImpl: calls=11700 netplayActive=1
[efz_netplay_mod][pid=8796] StateExport: heartbeat seq=36000 activity=1 menu=1 screen=0 mode=1 phase=0 role=0 side=0 p1Wins=0 p2Wins=0 ping=-1 delay=-1 local='Aquatic' p1='' p2='' revival='1.02h' caps=0xB7 sessionId=1 setId=0 endReason=0
[efz_netplay_mod][pid=8796] NetplayFrame: updates=11126 menu=Main selection=0 row=0(ROW_HOST) inactivity=8941 slide=0 nativeSlideRaw=0 nativeSlideScaled=0
[efz_netplay_mod][pid=8796] NetplayFrame: updates=11254 menu=Main selection=0 row=0(ROW_HOST) inactivity=9069 slide=0 nativeSlideRaw=0 nativeSlideScaled=0
[efz_netplay_mod][pid=8796] HookedTitleUpdateImpl: calls=12000 netplayActive=1
[efz_netplay_mod][pid=8796] NetplayFrame: updates=11381 menu=Main selection=0 row=0(ROW_HOST) inactivity=9196 slide=0 nativeSlideRaw=0 nativeSlideScaled=0
[efz_netplay_mod][pid=8796] StateExport: heartbeat seq=36600 activity=1 menu=1 screen=0 mode=1 phase=0 role=0 side=0 p1Wins=0 p2Wins=0 ping=-1 delay=-1 local='Aquatic' p1='' p2='' revival='1.02h' caps=0xB7 sessionId=1 setId=0 endReason=0
[efz_netplay_mod][pid=8796] NetplayFrame: updates=11509 menu=Main selection=0 row=0(ROW_HOST) inactivity=9324 slide=0 nativeSlideRaw=0 nativeSlideScaled=0
[efz_netplay_mod][pid=8796] HookedTitleUpdateImpl: calls=12300 netplayActive=1
[efz_netplay_mod][pid=8796] NetplayFrame: updates=11637 menu=Main selection=0 row=0(ROW_HOST) inactivity=9452 slide=0 nativeSlideRaw=0 nativeSlideScaled=0
[efz_netplay_mod][pid=8796] StateExport: heartbeat seq=37200 activity=1 menu=1 screen=0 mode=1 phase=0 role=0 side=0 p1Wins=0 p2Wins=0 ping=-1 delay=-1 local='Aquatic' p1='' p2='' revival='1.02h' caps=0xB7 sessionId=1 setId=0 endReason=0
[efz_netplay_mod][pid=8796] NetplayFrame: updates=11765 menu=Main selection=0 row=0(ROW_HOST) inactivity=9580 slide=0 nativeSlideRaw=0 nativeSlideScaled=0
[efz_netplay_mod][pid=8796] NetplayFrame: updates=11893 menu=Main selection=0 row=0(ROW_HOST) inactivity=9708 slide=0 nativeSlideRaw=0 nativeSlideScaled=0
[efz_netplay_mod][pid=8796] HookedTitleUpdateImpl: calls=12600 netplayActive=1
[efz_netplay_mod][pid=8796] StateExport: heartbeat seq=37800 activity=1 menu=1 screen=0 mode=1 phase=0 role=0 side=0 p1Wins=0 p2Wins=0 ping=-1 delay=-1 local='Aquatic' p1='' p2='' revival='1.02h' caps=0xB7 sessionId=1 setId=0 endReason=0
[efz_netplay_mod][pid=8796] NetplayFrame: updates=12020 menu=Main selection=0 row=0(ROW_HOST) inactivity=9835 slide=0 nativeSlideRaw=0 nativeSlideScaled=0
[efz_netplay_mod][pid=8796] NetplayFrame: updates=12148 menu=Main selection=0 row=0(ROW_HOST) inactivity=9963 slide=0 nativeSlideRaw=0 nativeSlideScaled=0
[efz_netplay_mod][pid=8796] HookedTitleUpdateImpl: calls=12900 netplayActive=1
[efz_netplay_mod][pid=8796] NetplayFrame: updates=12276 menu=Main selection=0 row=0(ROW_HOST) inactivity=10091 slide=0 nativeSlideRaw=0 nativeSlideScaled=0
[efz_netplay_mod][pid=8796] StateExport: heartbeat seq=38400 activity=1 menu=1 screen=0 mode=1 phase=0 role=0 side=0 p1Wins=0 p2Wins=0 ping=-1 delay=-1 local='Aquatic' p1='' p2='' revival='1.02h' caps=0xB7 sessionId=1 setId=0 endReason=0
[efz_netplay_mod][pid=8796] NetplayFrame: updates=12404 menu=Main selection=0 row=0(ROW_HOST) inactivity=10219 slide=0 nativeSlideRaw=0 nativeSlideScaled=0
[efz_netplay_mod][pid=8796] HookedTitleUpdateImpl: calls=13200 netplayActive=1
[efz_netplay_mod][pid=8796] NetplayFrame: updates=12532 menu=Main selection=0 row=0(ROW_HOST) inactivity=10347 slide=0 nativeSlideRaw=0 nativeSlideScaled=0
[efz_netplay_mod][pid=8796] StateExport: heartbeat seq=39000 activity=1 menu=1 screen=0 mode=1 phase=0 role=0 side=0 p1Wins=0 p2Wins=0 ping=-1 delay=-1 local='Aquatic' p1='' p2='' revival='1.02h' caps=0xB7 sessionId=1 setId=0 endReason=0
[efz_netplay_mod][pid=8796] NetplayFrame: updates=12659 menu=Main selection=0 row=0(ROW_HOST) inactivity=10474 slide=0 nativeSlideRaw=0 nativeSlideScaled=0
[efz_netplay_mod][pid=8796] NetplayFrame: updates=12787 menu=Main selection=0 row=0(ROW_HOST) inactivity=10602 slide=0 nativeSlideRaw=0 nativeSlideScaled=0
[efz_netplay_mod][pid=8796] HookedTitleUpdateImpl: calls=13500 netplayActive=1
[efz_netplay_mod][pid=8796] StateExport: heartbeat seq=39600 activity=1 menu=1 screen=0 mode=1 phase=0 role=0 side=0 p1Wins=0 p2Wins=0 ping=-1 delay=-1 local='Aquatic' p1='' p2='' revival='1.02h' caps=0xB7 sessionId=1 setId=0 endReason=0
[efz_netplay_mod][pid=8796] NetplayFrame: updates=12915 menu=Main selection=0 row=0(ROW_HOST) inactivity=10730 slide=0 nativeSlideRaw=0 nativeSlideScaled=0
[efz_netplay_mod][pid=8796] NetplayFrame: updates=13043 menu=Main selection=0 row=0(ROW_HOST) inactivity=10858 slide=0 nativeSlideRaw=0 nativeSlideScaled=0
[efz_netplay_mod][pid=8796] HookedTitleUpdateImpl: calls=13800 netplayActive=1
[efz_netplay_mod][pid=8796] NetplayFrame: updates=13171 menu=Main selection=0 row=0(ROW_HOST) inactivity=10986 slide=0 nativeSlideRaw=0 nativeSlideScaled=0
[efz_netplay_mod][pid=8796] StateExport: heartbeat seq=40200 activity=1 menu=1 screen=0 mode=1 phase=0 role=0 side=0 p1Wins=0 p2Wins=0 ping=-1 delay=-1 local='Aquatic' p1='' p2='' revival='1.02h' caps=0xB7 sessionId=1 setId=0 endReason=0
[efz_netplay_mod][pid=8796] NetplayFrame: updates=13299 menu=Main selection=0 row=0(ROW_HOST) inactivity=11114 slide=0 nativeSlideRaw=0 nativeSlideScaled=0
[efz_netplay_mod][pid=8796] HookedTitleUpdateImpl: calls=14100 netplayActive=1
[efz_netplay_mod][pid=8796] NetplayFrame: updates=13427 menu=Main selection=0 row=0(ROW_HOST) inactivity=11242 slide=0 nativeSlideRaw=0 nativeSlideScaled=0
[efz_netplay_mod][pid=8796] StateExport: heartbeat seq=40800 activity=1 menu=1 screen=0 mode=1 phase=0 role=0 side=0 p1Wins=0 p2Wins=0 ping=-1 delay=-1 local='Aquatic' p1='' p2='' revival='1.02h' caps=0xB7 sessionId=1 setId=0 endReason=0
[efz_netplay_mod][pid=8796] NetplayFrame: updates=13555 menu=Main selection=0 row=0(ROW_HOST) inactivity=11370 slide=0 nativeSlideRaw=0 nativeSlideScaled=0
[efz_netplay_mod][pid=8796] NetplayFrame: updates=13683 menu=Main selection=0 row=0(ROW_HOST) inactivity=11498 slide=0 nativeSlideRaw=0 nativeSlideScaled=0
[efz_netplay_mod][pid=8796] HookedTitleUpdateImpl: calls=14400 netplayActive=1
[efz_netplay_mod][pid=8796] StateExport: heartbeat seq=41400 activity=1 menu=1 screen=0 mode=1 phase=0 role=0 side=0 p1Wins=0 p2Wins=0 ping=-1 delay=-1 local='Aquatic' p1='' p2='' revival='1.02h' caps=0xB7 sessionId=1 setId=0 endReason=0
[efz_netplay_mod][pid=8796] NetplayFrame: updates=13810 menu=Main selection=0 row=0(ROW_HOST) inactivity=11625 slide=0 nativeSlideRaw=0 nativeSlideScaled=0
[efz_netplay_mod][pid=8796] NetplayFrame: updates=13938 menu=Main selection=0 row=0(ROW_HOST) inactivity=11753 slide=0 nativeSlideRaw=0 nativeSlideScaled=0
[efz_netplay_mod][pid=8796] HookedTitleUpdateImpl: calls=14700 netplayActive=1
[efz_netplay_mod][pid=8796] NetplayFrame: updates=14066 menu=Main selection=0 row=0(ROW_HOST) inactivity=11881 slide=0 nativeSlideRaw=0 nativeSlideScaled=0
[efz_netplay_mod][pid=8796] StateExport: heartbeat seq=42000 activity=1 menu=1 screen=0 mode=1 phase=0 role=0 side=0 p1Wins=0 p2Wins=0 ping=-1 delay=-1 local='Aquatic' p1='' p2='' revival='1.02h' caps=0xB7 sessionId=1 setId=0 endReason=0
[efz_netplay_mod][pid=8796] NetplayFrame: updates=14194 menu=Main selection=0 row=0(ROW_HOST) inactivity=12009 slide=0 nativeSlideRaw=0 nativeSlideScaled=0
[efz_netplay_mod][pid=8796] HookedTitleUpdateImpl: calls=15000 netplayActive=1
[efz_netplay_mod][pid=8796] NetplayFrame: updates=14322 menu=Main selection=0 row=0(ROW_HOST) inactivity=12137 slide=0 nativeSlideRaw=0 nativeSlideScaled=0
[efz_netplay_mod][pid=8796] StateExport: heartbeat seq=42600 activity=1 menu=1 screen=0 mode=1 phase=0 role=0 side=0 p1Wins=0 p2Wins=0 ping=-1 delay=-1 local='Aquatic' p1='' p2='' revival='1.02h' caps=0xB7 sessionId=1 setId=0 endReason=0
[efz_netplay_mod][pid=8796] NetplayFrame: updates=14449 menu=Main selection=0 row=0(ROW_HOST) inactivity=12264 slide=0 nativeSlideRaw=0 nativeSlideScaled=0
[efz_netplay_mod][pid=8796] NetplayFrame: updates=14577 menu=Main selection=0 row=0(ROW_HOST) inactivity=12392 slide=0 nativeSlideRaw=0 nativeSlideScaled=0
[efz_netplay_mod][pid=8796] HookedTitleUpdateImpl: calls=15300 netplayActive=1
[efz_netplay_mod][pid=8796] StateExport: heartbeat seq=43200 activity=1 menu=1 screen=0 mode=1 phase=0 role=0 side=0 p1Wins=0 p2Wins=0 ping=-1 delay=-1 local='Aquatic' p1='' p2='' revival='1.02h' caps=0xB7 sessionId=1 setId=0 endReason=0
[efz_netplay_mod][pid=8796] NetplayFrame: updates=14705 menu=Main selection=0 row=0(ROW_HOST) inactivity=12520 slide=0 nativeSlideRaw=0 nativeSlideScaled=0
[efz_netplay_mod][pid=8796] NetplayFrame: updates=14833 menu=Main selection=0 row=0(ROW_HOST) inactivity=12648 slide=0 nativeSlideRaw=0 nativeSlideScaled=0
[efz_netplay_mod][pid=8796] HookedTitleUpdateImpl: calls=15600 netplayActive=1
[efz_netplay_mod][pid=8796] NetplayFrame: updates=14960 menu=Main selection=0 row=0(ROW_HOST) inactivity=12775 slide=0 nativeSlideRaw=0 nativeSlideScaled=0
[efz_netplay_mod][pid=8796] StateExport: heartbeat seq=43800 activity=1 menu=1 screen=0 mode=1 phase=0 role=0 side=0 p1Wins=0 p2Wins=0 ping=-1 delay=-1 local='Aquatic' p1='' p2='' revival='1.02h' caps=0xB7 sessionId=1 setId=0 endReason=0
[efz_netplay_mod][pid=8796] NetplayFrame: updates=15088 menu=Main selection=0 row=0(ROW_HOST) inactivity=12903 slide=0 nativeSlideRaw=0 nativeSlideScaled=0
[efz_netplay_mod][pid=8796] HookedTitleUpdateImpl: calls=15900 netplayActive=1
[efz_netplay_mod][pid=8796] NetplayFrame: updates=15216 menu=Main selection=0 row=0(ROW_HOST) inactivity=13031 slide=0 nativeSlideRaw=0 nativeSlideScaled=0
[efz_netplay_mod][pid=8796] StateExport: heartbeat seq=44400 activity=1 menu=1 screen=0 mode=1 phase=0 role=0 side=0 p1Wins=0 p2Wins=0 ping=-1 delay=-1 local='Aquatic' p1='' p2='' revival='1.02h' caps=0xB7 sessionId=1 setId=0 endReason=0
[efz_netplay_mod][pid=8796] NetplayFrame: updates=15344 menu=Main selection=0 row=0(ROW_HOST) inactivity=13159 slide=0 nativeSlideRaw=0 nativeSlideScaled=0
[efz_netplay_mod][pid=8796] NetplayFrame: updates=15472 menu=Main selection=0 row=0(ROW_HOST) inactivity=13287 slide=0 nativeSlideRaw=0 nativeSlideScaled=0
[efz_netplay_mod][pid=8796] HookedTitleUpdateImpl: calls=16200 netplayActive=1
[efz_netplay_mod][pid=8796] StateExport: heartbeat seq=45000 activity=1 menu=1 screen=0 mode=1 phase=0 role=0 side=0 p1Wins=0 p2Wins=0 ping=-1 delay=-1 local='Aquatic' p1='' p2='' revival='1.02h' caps=0xB7 sessionId=1 setId=0 endReason=0
[efz_netplay_mod][pid=8796] NetplayFrame: updates=15599 menu=Main selection=0 row=0(ROW_HOST) inactivity=13414 slide=0 nativeSlideRaw=0 nativeSlideScaled=0
[efz_netplay_mod][pid=8796] NetplayFrame: updates=15727 menu=Main selection=0 row=0(ROW_HOST) inactivity=13542 slide=0 nativeSlideRaw=0 nativeSlideScaled=0
[efz_netplay_mod][pid=8796] HookedTitleUpdateImpl: calls=16500 netplayActive=1
[efz_netplay_mod][pid=8796] NetplayFrame: updates=15855 menu=Main selection=0 row=0(ROW_HOST) inactivity=13670 slide=0 nativeSlideRaw=0 nativeSlideScaled=0
[efz_netplay_mod][pid=8796] StateExport: heartbeat seq=45600 activity=1 menu=1 screen=0 mode=1 phase=0 role=0 side=0 p1Wins=0 p2Wins=0 ping=-1 delay=-1 local='Aquatic' p1='' p2='' revival='1.02h' caps=0xB7 sessionId=1 setId=0 endReason=0
[efz_netplay_mod][pid=8796] NetplayFrame: updates=15983 menu=Main selection=0 row=0(ROW_HOST) inactivity=13798 slide=0 nativeSlideRaw=0 nativeSlideScaled=0
[efz_netplay_mod][pid=8796] HookedTitleUpdateImpl: calls=16800 netplayActive=1
[efz_netplay_mod][pid=8796] NetplayFrame: updates=16111 menu=Main selection=0 row=0(ROW_HOST) inactivity=13926 slide=0 nativeSlideRaw=0 nativeSlideScaled=0
[efz_netplay_mod][pid=8796] StateExport: heartbeat seq=46200 activity=1 menu=1 screen=0 mode=1 phase=0 role=0 side=0 p1Wins=0 p2Wins=0 ping=-1 delay=-1 local='Aquatic' p1='' p2='' revival='1.02h' caps=0xB7 sessionId=1 setId=0 endReason=0
[efz_netplay_mod][pid=8796] NetplayFrame: updates=16238 menu=Main selection=0 row=0(ROW_HOST) inactivity=14053 slide=0 nativeSlideRaw=0 nativeSlideScaled=0
[efz_netplay_mod][pid=8796] NetplayFrame: updates=16366 menu=Main selection=0 row=0(ROW_HOST) inactivity=14181 slide=0 nativeSlideRaw=0 nativeSlideScaled=0
[efz_netplay_mod][pid=8796] HookedTitleUpdateImpl: calls=17100 netplayActive=1
[efz_netplay_mod][pid=8796] StateExport: heartbeat seq=46800 activity=1 menu=1 screen=0 mode=1 phase=0 role=0 side=0 p1Wins=0 p2Wins=0 ping=-1 delay=-1 local='Aquatic' p1='' p2='' revival='1.02h' caps=0xB7 sessionId=1 setId=0 endReason=0
[efz_netplay_mod][pid=8796] NetplayFrame: updates=16494 menu=Main selection=0 row=0(ROW_HOST) inactivity=14309 slide=0 nativeSlideRaw=0 nativeSlideScaled=0
[efz_netplay_mod][pid=8796] NetplayFrame: updates=16622 menu=Main selection=0 row=0(ROW_HOST) inactivity=14437 slide=0 nativeSlideRaw=0 nativeSlideScaled=0
[efz_netplay_mod][pid=8796] HookedTitleUpdateImpl: calls=17400 netplayActive=1
[efz_netplay_mod][pid=8796] NetplayFrame: updates=16750 menu=Main selection=0 row=0(ROW_HOST) inactivity=14565 slide=0 nativeSlideRaw=0 nativeSlideScaled=0
[efz_netplay_mod][pid=8796] StateExport: heartbeat seq=47400 activity=1 menu=1 screen=0 mode=1 phase=0 role=0 side=0 p1Wins=0 p2Wins=0 ping=-1 delay=-1 local='Aquatic' p1='' p2='' revival='1.02h' caps=0xB7 sessionId=1 setId=0 endReason=0
[efz_netplay_mod][pid=8796] NetplayFrame: updates=16877 menu=Main selection=0 row=0(ROW_HOST) inactivity=14692 slide=0 nativeSlideRaw=0 nativeSlideScaled=0
[efz_netplay_mod][pid=8796] HookedTitleUpdateImpl: calls=17700 netplayActive=1
[efz_netplay_mod][pid=8796] NetplayFrame: updates=17005 menu=Main selection=0 row=0(ROW_HOST) inactivity=14820 slide=0 nativeSlideRaw=0 nativeSlideScaled=0
[efz_netplay_mod][pid=8796] StateExport: heartbeat seq=48000 activity=1 menu=1 screen=0 mode=1 phase=0 role=0 side=0 p1Wins=0 p2Wins=0 ping=-1 delay=-1 local='Aquatic' p1='' p2='' revival='1.02h' caps=0xB7 sessionId=1 setId=0 endReason=0
[efz_netplay_mod][pid=8796] NetplayFrame: updates=17133 menu=Main selection=0 row=0(ROW_HOST) inactivity=14948 slide=0 nativeSlideRaw=0 nativeSlideScaled=0
[efz_netplay_mod][pid=8796] NetplayFrame: updates=17260 menu=Main selection=0 row=0(ROW_HOST) inactivity=15075 slide=0 nativeSlideRaw=0 nativeSlideScaled=0
[efz_netplay_mod][pid=8796] HookedTitleUpdateImpl: calls=18000 netplayActive=1
[efz_netplay_mod][pid=8796] StateExport: heartbeat seq=48600 activity=1 menu=1 screen=0 mode=1 phase=0 role=0 side=0 p1Wins=0 p2Wins=0 ping=-1 delay=-1 local='Aquatic' p1='' p2='' revival='1.02h' caps=0xB7 sessionId=1 setId=0 endReason=0
[efz_netplay_mod][pid=8796] NetplayFrame: updates=17388 menu=Main selection=0 row=0(ROW_HOST) inactivity=15203 slide=0 nativeSlideRaw=0 nativeSlideScaled=0
[efz_netplay_mod][pid=8796] NetplayFrame: updates=17515 menu=Main selection=0 row=0(ROW_HOST) inactivity=15330 slide=0 nativeSlideRaw=0 nativeSlideScaled=0
[efz_netplay_mod][pid=8796] HookedTitleUpdateImpl: calls=18300 netplayActive=1
[efz_netplay_mod][pid=8796] NetplayFrame: updates=17643 menu=Main selection=0 row=0(ROW_HOST) inactivity=15458 slide=0 nativeSlideRaw=0 nativeSlideScaled=0
[efz_netplay_mod][pid=8796] StateExport: heartbeat seq=49200 activity=1 menu=1 screen=0 mode=1 phase=0 role=0 side=0 p1Wins=0 p2Wins=0 ping=-1 delay=-1 local='Aquatic' p1='' p2='' revival='1.02h' caps=0xB7 sessionId=1 setId=0 endReason=0
[efz_netplay_mod][pid=8796] NetplayFrame: updates=17771 menu=Main selection=0 row=0(ROW_HOST) inactivity=15586 slide=0 nativeSlideRaw=0 nativeSlideScaled=0
[efz_netplay_mod][pid=8796] HookedTitleUpdateImpl: calls=18600 netplayActive=1
[efz_netplay_mod][pid=8796] NetplayFrame: updates=17899 menu=Main selection=0 row=0(ROW_HOST) inactivity=15714 slide=0 nativeSlideRaw=0 nativeSlideScaled=0
[efz_netplay_mod][pid=8796] StateExport: heartbeat seq=49800 activity=1 menu=1 screen=0 mode=1 phase=0 role=0 side=0 p1Wins=0 p2Wins=0 ping=-1 delay=-1 local='Aquatic' p1='' p2='' revival='1.02h' caps=0xB7 sessionId=1 setId=0 endReason=0
[efz_netplay_mod][pid=8796] NetplayFrame: updates=18027 menu=Main selection=0 row=0(ROW_HOST) inactivity=15842 slide=0 nativeSlideRaw=0 nativeSlideScaled=0
[efz_netplay_mod][pid=8796] NetplayFrame: updates=18154 menu=Main selection=0 row=0(ROW_HOST) inactivity=15969 slide=0 nativeSlideRaw=0 nativeSlideScaled=0
[efz_netplay_mod][pid=8796] HookedTitleUpdateImpl: calls=18900 netplayActive=1
[efz_netplay_mod][pid=8796] NetplayFrame: updates=18282 menu=Main selection=0 row=0(ROW_HOST) inactivity=16097 slide=0 nativeSlideRaw=0 nativeSlideScaled=0
[efz_netplay_mod][pid=8796] StateExport: heartbeat seq=50400 activity=1 menu=1 screen=0 mode=1 phase=0 role=0 side=0 p1Wins=0 p2Wins=0 ping=-1 delay=-1 local='Aquatic' p1='' p2='' revival='1.02h' caps=0xB7 sessionId=1 setId=0 endReason=0
[efz_netplay_mod][pid=8796] NetplayFrame: updates=18410 menu=Main selection=0 row=0(ROW_HOST) inactivity=16225 slide=0 nativeSlideRaw=0 nativeSlideScaled=0
[efz_netplay_mod][pid=8796] HookedTitleUpdateImpl: calls=19200 netplayActive=1
[efz_netplay_mod][pid=8796] NetplayFrame: updates=18538 menu=Main selection=0 row=0(ROW_HOST) inactivity=16353 slide=0 nativeSlideRaw=0 nativeSlideScaled=0
[efz_netplay_mod][pid=8796] StateExport: heartbeat seq=51000 activity=1 menu=1 screen=0 mode=1 phase=0 role=0 side=0 p1Wins=0 p2Wins=0 ping=-1 delay=-1 local='Aquatic' p1='' p2='' revival='1.02h' caps=0xB7 sessionId=1 setId=0 endReason=0
[efz_netplay_mod][pid=8796] NetplayFrame: updates=18666 menu=Main selection=0 row=0(ROW_HOST) inactivity=16481 slide=0 nativeSlideRaw=0 nativeSlideScaled=0
[efz_netplay_mod][pid=8796] NetplayFrame: updates=18793 menu=Main selection=0 row=0(ROW_HOST) inactivity=16608 slide=0 nativeSlideRaw=0 nativeSlideScaled=0
[efz_netplay_mod][pid=8796] HookedTitleUpdateImpl: calls=19500 netplayActive=1
[efz_netplay_mod][pid=8796] StateExport: heartbeat seq=51600 activity=1 menu=1 screen=0 mode=1 phase=0 role=0 side=0 p1Wins=0 p2Wins=0 ping=-1 delay=-1 local='Aquatic' p1='' p2='' revival='1.02h' caps=0xB7 sessionId=1 setId=0 endReason=0
[efz_netplay_mod][pid=8796] NetplayFrame: updates=18921 menu=Main selection=0 row=0(ROW_HOST) inactivity=16736 slide=0 nativeSlideRaw=0 nativeSlideScaled=0
[efz_netplay_mod][pid=8796] NetplayFrame: updates=19049 menu=Main selection=0 row=0(ROW_HOST) inactivity=16864 slide=0 nativeSlideRaw=0 nativeSlideScaled=0
[efz_netplay_mod][pid=8796] HookedTitleUpdateImpl: calls=19800 netplayActive=1
[efz_netplay_mod][pid=8796] NetplayFrame: updates=19177 menu=Main selection=0 row=0(ROW_HOST) inactivity=16992 slide=0 nativeSlideRaw=0 nativeSlideScaled=0
[efz_netplay_mod][pid=8796] StateExport: heartbeat seq=52200 activity=1 menu=1 screen=0 mode=1 phase=0 role=0 side=0 p1Wins=0 p2Wins=0 ping=-1 delay=-1 local='Aquatic' p1='' p2='' revival='1.02h' caps=0xB7 sessionId=1 setId=0 endReason=0
[efz_netplay_mod][pid=8796] NetplayFrame: updates=19305 menu=Main selection=0 row=0(ROW_HOST) inactivity=17120 slide=0 nativeSlideRaw=0 nativeSlideScaled=0
[efz_netplay_mod][pid=8796] HookedTitleUpdateImpl: calls=20100 netplayActive=1
[efz_netplay_mod][pid=8796] NetplayFrame: updates=19432 menu=Main selection=0 row=0(ROW_HOST) inactivity=17247 slide=0 nativeSlideRaw=0 nativeSlideScaled=0
[efz_netplay_mod][pid=8796] StateExport: heartbeat seq=52800 activity=1 menu=1 screen=0 mode=1 phase=0 role=0 side=0 p1Wins=0 p2Wins=0 ping=-1 delay=-1 local='Aquatic' p1='' p2='' revival='1.02h' caps=0xB7 sessionId=1 setId=0 endReason=0
[efz_netplay_mod][pid=8796] NetplayFrame: updates=19560 menu=Main selection=0 row=0(ROW_HOST) inactivity=17375 slide=0 nativeSlideRaw=0 nativeSlideScaled=0
[efz_netplay_mod][pid=8796] NetplayFrame: updates=19688 menu=Main selection=0 row=0(ROW_HOST) inactivity=17503 slide=0 nativeSlideRaw=0 nativeSlideScaled=0
[efz_netplay_mod][pid=8796] HookedTitleUpdateImpl: calls=20400 netplayActive=1
[efz_netplay_mod][pid=8796] StateExport: heartbeat seq=53400 activity=1 menu=1 screen=0 mode=1 phase=0 role=0 side=0 p1Wins=0 p2Wins=0 ping=-1 delay=-1 local='Aquatic' p1='' p2='' revival='1.02h' caps=0xB7 sessionId=1 setId=0 endReason=0
[efz_netplay_mod][pid=8796] NetplayFrame: updates=19816 menu=Main selection=0 row=0(ROW_HOST) inactivity=17631 slide=0 nativeSlideRaw=0 nativeSlideScaled=0
[efz_netplay_mod][pid=8796] NetplayFrame: updates=19944 menu=Main selection=0 row=0(ROW_HOST) inactivity=17759 slide=0 nativeSlideRaw=0 nativeSlideScaled=0
[efz_netplay_mod][pid=8796] HookedTitleUpdateImpl: calls=20700 netplayActive=1
[efz_netplay_mod][pid=8796] NetplayFrame: updates=20071 menu=Main selection=0 row=0(ROW_HOST) inactivity=17886 slide=0 nativeSlideRaw=0 nativeSlideScaled=0
[efz_netplay_mod][pid=8796] StateExport: heartbeat seq=54000 activity=1 menu=1 screen=0 mode=1 phase=0 role=0 side=0 p1Wins=0 p2Wins=0 ping=-1 delay=-1 local='Aquatic' p1='' p2='' revival='1.02h' caps=0xB7 sessionId=1 setId=0 endReason=0
[efz_netplay_mod][pid=8796] NetplayFrame: updates=20199 menu=Main selection=0 row=0(ROW_HOST) inactivity=18014 slide=0 nativeSlideRaw=0 nativeSlideScaled=0
[efz_netplay_mod][pid=8796] HookedTitleUpdateImpl: calls=21000 netplayActive=1
[efz_netplay_mod][pid=8796] NetplayFrame: updates=20327 menu=Main selection=0 row=0(ROW_HOST) inactivity=18142 slide=0 nativeSlideRaw=0 nativeSlideScaled=0
[efz_netplay_mod][pid=8796] StateExport: heartbeat seq=54600 activity=1 menu=1 screen=0 mode=1 phase=0 role=0 side=0 p1Wins=0 p2Wins=0 ping=-1 delay=-1 local='Aquatic' p1='' p2='' revival='1.02h' caps=0xB7 sessionId=1 setId=0 endReason=0
[efz_netplay_mod][pid=8796] NetplayFrame: updates=20455 menu=Main selection=0 row=0(ROW_HOST) inactivity=18270 slide=0 nativeSlideRaw=0 nativeSlideScaled=0
[efz_netplay_mod][pid=8796] NetplayFrame: updates=20583 menu=Main selection=0 row=0(ROW_HOST) inactivity=18398 slide=0 nativeSlideRaw=0 nativeSlideScaled=0
[efz_netplay_mod][pid=8796] HookedTitleUpdateImpl: calls=21300 netplayActive=1
[efz_netplay_mod][pid=8796] StateExport: heartbeat seq=55200 activity=1 menu=1 screen=0 mode=1 phase=0 role=0 side=0 p1Wins=0 p2Wins=0 ping=-1 delay=-1 local='Aquatic' p1='' p2='' revival='1.02h' caps=0xB7 sessionId=1 setId=0 endReason=0
[efz_netplay_mod][pid=8796] NetplayFrame: updates=20710 menu=Main selection=0 row=0(ROW_HOST) inactivity=18525 slide=0 nativeSlideRaw=0 nativeSlideScaled=0
[efz_netplay_mod][pid=8796] NetplayFrame: updates=20838 menu=Main selection=0 row=0(ROW_HOST) inactivity=18653 slide=0 nativeSlideRaw=0 nativeSlideScaled=0
[efz_netplay_mod][pid=8796] HookedTitleUpdateImpl: calls=21600 netplayActive=1
[efz_netplay_mod][pid=8796] NetplayFrame: updates=20966 menu=Main selection=0 row=0(ROW_HOST) inactivity=18781 slide=0 nativeSlideRaw=0 nativeSlideScaled=0
[efz_netplay_mod][pid=8796] StateExport: heartbeat seq=55800 activity=1 menu=1 screen=0 mode=1 phase=0 role=0 side=0 p1Wins=0 p2Wins=0 ping=-1 delay=-1 local='Aquatic' p1='' p2='' revival='1.02h' caps=0xB7 sessionId=1 setId=0 endReason=0
[efz_netplay_mod][pid=8796] NetplayFrame: updates=21094 menu=Main selection=0 row=0(ROW_HOST) inactivity=18909 slide=0 nativeSlideRaw=0 nativeSlideScaled=0
[efz_netplay_mod][pid=8796] HookedTitleUpdateImpl: calls=21900 netplayActive=1
[efz_netplay_mod][pid=8796] NetplayFrame: updates=21222 menu=Main selection=0 row=0(ROW_HOST) inactivity=19037 slide=0 nativeSlideRaw=0 nativeSlideScaled=0
[efz_netplay_mod][pid=8796] StateExport: heartbeat seq=56400 activity=1 menu=1 screen=0 mode=1 phase=0 role=0 side=0 p1Wins=0 p2Wins=0 ping=-1 delay=-1 local='Aquatic' p1='' p2='' revival='1.02h' caps=0xB7 sessionId=1 setId=0 endReason=0
[efz_netplay_mod][pid=8796] NetplayFrame: updates=21350 menu=Main selection=0 row=0(ROW_HOST) inactivity=19165 slide=0 nativeSlideRaw=0 nativeSlideScaled=0
[efz_netplay_mod][pid=8796] NetplayFrame: updates=21478 menu=Main selection=0 row=0(ROW_HOST) inactivity=19293 slide=0 nativeSlideRaw=0 nativeSlideScaled=0
[efz_netplay_mod][pid=8796] HookedTitleUpdateImpl: calls=22200 netplayActive=1
[efz_netplay_mod][pid=8796] StateExport: heartbeat seq=57000 activity=1 menu=1 screen=0 mode=1 phase=0 role=0 side=0 p1Wins=0 p2Wins=0 ping=-1 delay=-1 local='Aquatic' p1='' p2='' revival='1.02h' caps=0xB7 sessionId=1 setId=0 endReason=0
[efz_netplay_mod][pid=8796] NetplayFrame: updates=21606 menu=Main selection=0 row=0(ROW_HOST) inactivity=19421 slide=0 nativeSlideRaw=0 nativeSlideScaled=0
[efz_netplay_mod][pid=8796] NetplayFrame: updates=21734 menu=Main selection=0 row=0(ROW_HOST) inactivity=19549 slide=0 nativeSlideRaw=0 nativeSlideScaled=0
[efz_netplay_mod][pid=8796] HookedTitleUpdateImpl: calls=22500 netplayActive=1
[efz_netplay_mod][pid=8796] NetplayFrame: updates=21862 menu=Main selection=0 row=0(ROW_HOST) inactivity=19677 slide=0 nativeSlideRaw=0 nativeSlideScaled=0
[efz_netplay_mod][pid=8796] StateExport: heartbeat seq=57600 activity=1 menu=1 screen=0 mode=1 phase=0 role=0 side=0 p1Wins=0 p2Wins=0 ping=-1 delay=-1 local='Aquatic' p1='' p2='' revival='1.02h' caps=0xB7 sessionId=1 setId=0 endReason=0
[efz_netplay_mod][pid=8796] NetplayFrame: updates=21989 menu=Main selection=0 row=0(ROW_HOST) inactivity=19804 slide=0 nativeSlideRaw=0 nativeSlideScaled=0
[efz_netplay_mod][pid=8796] HookedTitleUpdateImpl: calls=22800 netplayActive=1
[efz_netplay_mod][pid=8796] NetplayFrame: updates=22117 menu=Main selection=0 row=0(ROW_HOST) inactivity=19932 slide=0 nativeSlideRaw=0 nativeSlideScaled=0
[efz_netplay_mod][pid=8796] StateExport: heartbeat seq=58200 activity=1 menu=1 screen=0 mode=1 phase=0 role=0 side=0 p1Wins=0 p2Wins=0 ping=-1 delay=-1 local='Aquatic' p1='' p2='' revival='1.02h' caps=0xB7 sessionId=1 setId=0 endReason=0
[efz_netplay_mod][pid=8796] NetplayFrame: updates=22245 menu=Main selection=0 row=0(ROW_HOST) inactivity=20060 slide=0 nativeSlideRaw=0 nativeSlideScaled=0
[efz_netplay_mod][pid=8796] NetplayFrame: updates=22373 menu=Main selection=0 row=0(ROW_HOST) inactivity=20188 slide=0 nativeSlideRaw=0 nativeSlideScaled=0
[efz_netplay_mod][pid=8796] HookedTitleUpdateImpl: calls=23100 netplayActive=1
[efz_netplay_mod][pid=8796] StateExport: heartbeat seq=58800 activity=1 menu=1 screen=0 mode=1 phase=0 role=0 side=0 p1Wins=0 p2Wins=0 ping=-1 delay=-1 local='Aquatic' p1='' p2='' revival='1.02h' caps=0xB7 sessionId=1 setId=0 endReason=0
[efz_netplay_mod][pid=8796] NetplayFrame: updates=22501 menu=Main selection=0 row=0(ROW_HOST) inactivity=20316 slide=0 nativeSlideRaw=0 nativeSlideScaled=0
[efz_netplay_mod][pid=8796] NetplayFrame: updates=22628 menu=Main selection=0 row=0(ROW_HOST) inactivity=20443 slide=0 nativeSlideRaw=0 nativeSlideScaled=0
[efz_netplay_mod][pid=8796] HookedTitleUpdateImpl: calls=23400 netplayActive=1
[efz_netplay_mod][pid=8796] NetplayFrame: updates=22756 menu=Main selection=0 row=0(ROW_HOST) inactivity=20571 slide=0 nativeSlideRaw=0 nativeSlideScaled=0
[efz_netplay_mod][pid=8796] StateExport: heartbeat seq=59400 activity=1 menu=1 screen=0 mode=1 phase=0 role=0 side=0 p1Wins=0 p2Wins=0 ping=-1 delay=-1 local='Aquatic' p1='' p2='' revival='1.02h' caps=0xB7 sessionId=1 setId=0 endReason=0
[efz_netplay_mod][pid=8796] NetplayFrame: updates=22884 menu=Main selection=0 row=0(ROW_HOST) inactivity=20699 slide=0 nativeSlideRaw=0 nativeSlideScaled=0
[efz_netplay_mod][pid=8796] HookedTitleUpdateImpl: calls=23700 netplayActive=1
[efz_netplay_mod][pid=8796] NetplayFrame: updates=23012 menu=Main selection=0 row=0(ROW_HOST) inactivity=20827 slide=0 nativeSlideRaw=0 nativeSlideScaled=0
[efz_netplay_mod][pid=8796] StateExport: heartbeat seq=60000 activity=1 menu=1 screen=0 mode=1 phase=0 role=0 side=0 p1Wins=0 p2Wins=0 ping=-1 delay=-1 local='Aquatic' p1='' p2='' revival='1.02h' caps=0xB7 sessionId=1 setId=0 endReason=0
[efz_netplay_mod][pid=8796] NetplayFrame: updates=23140 menu=Main selection=0 row=0(ROW_HOST) inactivity=20955 slide=0 nativeSlideRaw=0 nativeSlideScaled=0
[efz_netplay_mod][pid=8796] NetplayFrame: updates=23267 menu=Main selection=0 row=0(ROW_HOST) inactivity=21082 slide=0 nativeSlideRaw=0 nativeSlideScaled=0
[efz_netplay_mod][pid=8796] HookedTitleUpdateImpl: calls=24000 netplayActive=1
[efz_netplay_mod][pid=8796] StateExport: heartbeat seq=60600 activity=1 menu=1 screen=0 mode=1 phase=0 role=0 side=0 p1Wins=0 p2Wins=0 ping=-1 delay=-1 local='Aquatic' p1='' p2='' revival='1.02h' caps=0xB7 sessionId=1 setId=0 endReason=0
[efz_netplay_mod][pid=8796] NetplayFrame: updates=23395 menu=Main selection=0 row=0(ROW_HOST) inactivity=21210 slide=0 nativeSlideRaw=0 nativeSlideScaled=0
[efz_netplay_mod][pid=8796] NetplayFrame: updates=23523 menu=Main selection=0 row=0(ROW_HOST) inactivity=21338 slide=0 nativeSlideRaw=0 nativeSlideScaled=0
[efz_netplay_mod][pid=8796] HookedTitleUpdateImpl: calls=24300 netplayActive=1
[efz_netplay_mod][pid=8796] NetplayFrame: updates=23651 menu=Main selection=0 row=0(ROW_HOST) inactivity=21466 slide=0 nativeSlideRaw=0 nativeSlideScaled=0
[efz_netplay_mod][pid=8796] StateExport: heartbeat seq=61200 activity=1 menu=1 screen=0 mode=1 phase=0 role=0 side=0 p1Wins=0 p2Wins=0 ping=-1 delay=-1 local='Aquatic' p1='' p2='' revival='1.02h' caps=0xB7 sessionId=1 setId=0 endReason=0
[efz_netplay_mod][pid=8796] NetplayFrame: updates=23779 menu=Main selection=0 row=0(ROW_HOST) inactivity=21594 slide=0 nativeSlideRaw=0 nativeSlideScaled=0
[efz_netplay_mod][pid=8796] HookedTitleUpdateImpl: calls=24600 netplayActive=1
[efz_netplay_mod][pid=8796] NetplayFrame: updates=23906 menu=Main selection=0 row=0(ROW_HOST) inactivity=21721 slide=0 nativeSlideRaw=0 nativeSlideScaled=0
[efz_netplay_mod][pid=8796] StateExport: heartbeat seq=61800 activity=1 menu=1 screen=0 mode=1 phase=0 role=0 side=0 p1Wins=0 p2Wins=0 ping=-1 delay=-1 local='Aquatic' p1='' p2='' revival='1.02h' caps=0xB7 sessionId=1 setId=0 endReason=0
[efz_netplay_mod][pid=8796] NetplayFrame: updates=24034 menu=Main selection=0 row=0(ROW_HOST) inactivity=21849 slide=0 nativeSlideRaw=0 nativeSlideScaled=0
[efz_netplay_mod][pid=8796] NetplayFrame: updates=24161 menu=Main selection=0 row=0(ROW_HOST) inactivity=21976 slide=0 nativeSlideRaw=0 nativeSlideScaled=0
[efz_netplay_mod][pid=8796] HookedTitleUpdateImpl: calls=24900 netplayActive=1
[efz_netplay_mod][pid=8796] StateExport: heartbeat seq=62400 activity=1 menu=1 screen=0 mode=1 phase=0 role=0 side=0 p1Wins=0 p2Wins=0 ping=-1 delay=-1 local='Aquatic' p1='' p2='' revival='1.02h' caps=0xB7 sessionId=1 setId=0 endReason=0
[efz_netplay_mod][pid=8796] NetplayFrame: updates=24289 menu=Main selection=0 row=0(ROW_HOST) inactivity=22104 slide=0 nativeSlideRaw=0 nativeSlideScaled=0
[efz_netplay_mod][pid=8796] NetplayFrame: updates=24417 menu=Main selection=0 row=0(ROW_HOST) inactivity=22232 slide=0 nativeSlideRaw=0 nativeSlideScaled=0
[efz_netplay_mod][pid=8796] HookedTitleUpdateImpl: calls=25200 netplayActive=1
[efz_netplay_mod][pid=8796] NetplayFrame: updates=24544 menu=Main selection=0 row=0(ROW_HOST) inactivity=22359 slide=0 nativeSlideRaw=0 nativeSlideScaled=0
[efz_netplay_mod][pid=8796] StateExport: heartbeat seq=63000 activity=1 menu=1 screen=0 mode=1 phase=0 role=0 side=0 p1Wins=0 p2Wins=0 ping=-1 delay=-1 local='Aquatic' p1='' p2='' revival='1.02h' caps=0xB7 sessionId=1 setId=0 endReason=0
[efz_netplay_mod][pid=8796] NetplayFrame: updates=24672 menu=Main selection=0 row=0(ROW_HOST) inactivity=22487 slide=0 nativeSlideRaw=0 nativeSlideScaled=0
[efz_netplay_mod][pid=8796] HookedTitleUpdateImpl: calls=25500 netplayActive=1
[efz_netplay_mod][pid=8796] NetplayFrame: updates=24800 menu=Main selection=0 row=0(ROW_HOST) inactivity=22615 slide=0 nativeSlideRaw=0 nativeSlideScaled=0
[efz_netplay_mod][pid=8796] StateExport: heartbeat seq=63600 activity=1 menu=1 screen=0 mode=1 phase=0 role=0 side=0 p1Wins=0 p2Wins=0 ping=-1 delay=-1 local='Aquatic' p1='' p2='' revival='1.02h' caps=0xB7 sessionId=1 setId=0 endReason=0
[efz_netplay_mod][pid=8796] NetplayFrame: updates=24928 menu=Main selection=0 row=0(ROW_HOST) inactivity=22743 slide=0 nativeSlideRaw=0 nativeSlideScaled=0
[efz_netplay_mod][pid=8796] NetplayFrame: updates=25056 menu=Main selection=0 row=0(ROW_HOST) inactivity=22871 slide=0 nativeSlideRaw=0 nativeSlideScaled=0
[efz_netplay_mod][pid=8796] HookedTitleUpdateImpl: calls=25800 netplayActive=1
[efz_netplay_mod][pid=8796] NetplayFrame: updates=25183 menu=Main selection=0 row=0(ROW_HOST) inactivity=22998 slide=0 nativeSlideRaw=0 nativeSlideScaled=0
[efz_netplay_mod][pid=8796] StateExport: heartbeat seq=64200 activity=1 menu=1 screen=0 mode=1 phase=0 role=0 side=0 p1Wins=0 p2Wins=0 ping=-1 delay=-1 local='Aquatic' p1='' p2='' revival='1.02h' caps=0xB7 sessionId=1 setId=0 endReason=0
[efz_netplay_mod][pid=8796] NetplayFrame: updates=25311 menu=Main selection=0 row=0(ROW_HOST) inactivity=23126 slide=0 nativeSlideRaw=0 nativeSlideScaled=0
[efz_netplay_mod][pid=8796] HookedTitleUpdateImpl: calls=26100 netplayActive=1
[efz_netplay_mod][pid=8796] NetplayFrame: updates=25439 menu=Main selection=0 row=0(ROW_HOST) inactivity=23254 slide=0 nativeSlideRaw=0 nativeSlideScaled=0
[efz_netplay_mod][pid=8796] StateExport: heartbeat seq=64800 activity=1 menu=1 screen=0 mode=1 phase=0 role=0 side=0 p1Wins=0 p2Wins=0 ping=-1 delay=-1 local='Aquatic' p1='' p2='' revival='1.02h' caps=0xB7 sessionId=1 setId=0 endReason=0
[efz_netplay_mod][pid=8796] NetplayFrame: updates=25567 menu=Main selection=0 row=0(ROW_HOST) inactivity=23382 slide=0 nativeSlideRaw=0 nativeSlideScaled=0
[efz_netplay_mod][pid=8796] NetplayFrame: updates=25695 menu=Main selection=0 row=0(ROW_HOST) inactivity=23510 slide=0 nativeSlideRaw=0 nativeSlideScaled=0
[efz_netplay_mod][pid=8796] HookedTitleUpdateImpl: calls=26400 netplayActive=1
[efz_netplay_mod][pid=8796] StateExport: heartbeat seq=65400 activity=1 menu=1 screen=0 mode=1 phase=0 role=0 side=0 p1Wins=0 p2Wins=0 ping=-1 delay=-1 local='Aquatic' p1='' p2='' revival='1.02h' caps=0xB7 sessionId=1 setId=0 endReason=0
[efz_netplay_mod][pid=8796] NetplayFrame: updates=25822 menu=Main selection=0 row=0(ROW_HOST) inactivity=23637 slide=0 nativeSlideRaw=0 nativeSlideScaled=0
[efz_netplay_mod][pid=8796] NetplayFrame: updates=25950 menu=Main selection=0 row=0(ROW_HOST) inactivity=23765 slide=0 nativeSlideRaw=0 nativeSlideScaled=0
[efz_netplay_mod][pid=8796] HookedTitleUpdateImpl: calls=26700 netplayActive=1
[efz_netplay_mod][pid=8796] NetplayFrame: updates=26078 menu=Main selection=0 row=0(ROW_HOST) inactivity=23893 slide=0 nativeSlideRaw=0 nativeSlideScaled=0
[efz_netplay_mod][pid=8796] StateExport: heartbeat seq=66000 activity=1 menu=1 screen=0 mode=1 phase=0 role=0 side=0 p1Wins=0 p2Wins=0 ping=-1 delay=-1 local='Aquatic' p1='' p2='' revival='1.02h' caps=0xB7 sessionId=1 setId=0 endReason=0
[efz_netplay_mod][pid=8796] NetplayFrame: updates=26206 menu=Main selection=0 row=0(ROW_HOST) inactivity=24021 slide=0 nativeSlideRaw=0 nativeSlideScaled=0
[efz_netplay_mod][pid=8796] HookedTitleUpdateImpl: calls=27000 netplayActive=1
[efz_netplay_mod][pid=8796] NetplayFrame: updates=26333 menu=Main selection=0 row=0(ROW_HOST) inactivity=24148 slide=0 nativeSlideRaw=0 nativeSlideScaled=0
[efz_netplay_mod][pid=8796] StateExport: heartbeat seq=66600 activity=1 menu=1 screen=0 mode=1 phase=0 role=0 side=0 p1Wins=0 p2Wins=0 ping=-1 delay=-1 local='Aquatic' p1='' p2='' revival='1.02h' caps=0xB7 sessionId=1 setId=0 endReason=0
[efz_netplay_mod][pid=8796] NetplayFrame: updates=26461 menu=Main selection=0 row=0(ROW_HOST) inactivity=24276 slide=0 nativeSlideRaw=0 nativeSlideScaled=0
[efz_netplay_mod][pid=8796] NetplayFrame: updates=26589 menu=Main selection=0 row=0(ROW_HOST) inactivity=24404 slide=0 nativeSlideRaw=0 nativeSlideScaled=0
[efz_netplay_mod][pid=8796] HookedTitleUpdateImpl: calls=27300 netplayActive=1
[efz_netplay_mod][pid=8796] StateExport: heartbeat seq=67200 activity=1 menu=1 screen=0 mode=1 phase=0 role=0 side=0 p1Wins=0 p2Wins=0 ping=-1 delay=-1 local='Aquatic' p1='' p2='' revival='1.02h' caps=0xB7 sessionId=1 setId=0 endReason=0
[efz_netplay_mod][pid=8796] NetplayFrame: updates=26717 menu=Main selection=0 row=0(ROW_HOST) inactivity=24532 slide=0 nativeSlideRaw=0 nativeSlideScaled=0
[efz_netplay_mod][pid=8796] NetplayFrame: updates=26845 menu=Main selection=0 row=0(ROW_HOST) inactivity=24660 slide=0 nativeSlideRaw=0 nativeSlideScaled=0
[efz_netplay_mod][pid=8796] HookedTitleUpdateImpl: calls=27600 netplayActive=1
[efz_netplay_mod][pid=8796] NetplayFrame: updates=26972 menu=Main selection=0 row=0(ROW_HOST) inactivity=24787 slide=0 nativeSlideRaw=0 nativeSlideScaled=0
[efz_netplay_mod][pid=8796] StateExport: heartbeat seq=67800 activity=1 menu=1 screen=0 mode=1 phase=0 role=0 side=0 p1Wins=0 p2Wins=0 ping=-1 delay=-1 local='Aquatic' p1='' p2='' revival='1.02h' caps=0xB7 sessionId=1 setId=0 endReason=0
[efz_netplay_mod][pid=8796] NetplayFrame: updates=27100 menu=Main selection=0 row=0(ROW_HOST) inactivity=24915 slide=0 nativeSlideRaw=0 nativeSlideScaled=0
[efz_netplay_mod][pid=8796] HookedTitleUpdateImpl: calls=27900 netplayActive=1
[efz_netplay_mod][pid=8796] NetplayFrame: updates=27228 menu=Main selection=0 row=0(ROW_HOST) inactivity=25043 slide=0 nativeSlideRaw=0 nativeSlideScaled=0
[efz_netplay_mod][pid=8796] StateExport: heartbeat seq=68400 activity=1 menu=1 screen=0 mode=1 phase=0 role=0 side=0 p1Wins=0 p2Wins=0 ping=-1 delay=-1 local='Aquatic' p1='' p2='' revival='1.02h' caps=0xB7 sessionId=1 setId=0 endReason=0
[efz_netplay_mod][pid=8796] NetplayFrame: updates=27356 menu=Main selection=0 row=0(ROW_HOST) inactivity=25171 slide=0 nativeSlideRaw=0 nativeSlideScaled=0
[efz_netplay_mod][pid=8796] NetplayFrame: updates=27484 menu=Main selection=0 row=0(ROW_HOST) inactivity=25299 slide=0 nativeSlideRaw=0 nativeSlideScaled=0
[efz_netplay_mod][pid=8796] HookedTitleUpdateImpl: calls=28200 netplayActive=1
[efz_netplay_mod][pid=8796] StateExport: heartbeat seq=69000 activity=1 menu=1 screen=0 mode=1 phase=0 role=0 side=0 p1Wins=0 p2Wins=0 ping=-1 delay=-1 local='Aquatic' p1='' p2='' revival='1.02h' caps=0xB7 sessionId=1 setId=0 endReason=0
[efz_netplay_mod][pid=8796] NetplayFrame: updates=27611 menu=Main selection=0 row=0(ROW_HOST) inactivity=25426 slide=0 nativeSlideRaw=0 nativeSlideScaled=0
[efz_netplay_mod][pid=8796] NetplayFrame: updates=27739 menu=Main selection=0 row=0(ROW_HOST) inactivity=25554 slide=0 nativeSlideRaw=0 nativeSlideScaled=0
[efz_netplay_mod][pid=8796] HookedTitleUpdateImpl: calls=28500 netplayActive=1
[efz_netplay_mod][pid=8796] NetplayFrame: updates=27867 menu=Main selection=0 row=0(ROW_HOST) inactivity=25682 slide=0 nativeSlideRaw=0 nativeSlideScaled=0
[efz_netplay_mod][pid=8796] StateExport: heartbeat seq=69600 activity=1 menu=1 screen=0 mode=1 phase=0 role=0 side=0 p1Wins=0 p2Wins=0 ping=-1 delay=-1 local='Aquatic' p1='' p2='' revival='1.02h' caps=0xB7 sessionId=1 setId=0 endReason=0
[efz_netplay_mod][pid=8796] NetplayFrame: updates=27995 menu=Main selection=0 row=0(ROW_HOST) inactivity=25810 slide=0 nativeSlideRaw=0 nativeSlideScaled=0
[efz_netplay_mod][pid=8796] HookedTitleUpdateImpl: calls=28800 netplayActive=1
[efz_netplay_mod][pid=8796] NetplayFrame: updates=28123 menu=Main selection=0 row=0(ROW_HOST) inactivity=25938 slide=0 nativeSlideRaw=0 nativeSlideScaled=0
[efz_netplay_mod][pid=8796] StateExport: heartbeat seq=70200 activity=1 menu=1 screen=0 mode=1 phase=0 role=0 side=0 p1Wins=0 p2Wins=0 ping=-1 delay=-1 local='Aquatic' p1='' p2='' revival='1.02h' caps=0xB7 sessionId=1 setId=0 endReason=0
[efz_netplay_mod][pid=8796] NetplayFrame: updates=28250 menu=Main selection=0 row=0(ROW_HOST) inactivity=26065 slide=0 nativeSlideRaw=0 nativeSlideScaled=0
[efz_netplay_mod][pid=8796] NetplayFrame: updates=28378 menu=Main selection=0 row=0(ROW_HOST) inactivity=26193 slide=0 nativeSlideRaw=0 nativeSlideScaled=0
[efz_netplay_mod][pid=8796] HookedTitleUpdateImpl: calls=29100 netplayActive=1
[efz_netplay_mod][pid=8796] StateExport: heartbeat seq=70800 activity=1 menu=1 screen=0 mode=1 phase=0 role=0 side=0 p1Wins=0 p2Wins=0 ping=-1 delay=-1 local='Aquatic' p1='' p2='' revival='1.02h' caps=0xB7 sessionId=1 setId=0 endReason=0
[efz_netplay_mod][pid=8796] NetplayFrame: updates=28506 menu=Main selection=0 row=0(ROW_HOST) inactivity=26321 slide=0 nativeSlideRaw=0 nativeSlideScaled=0
[efz_netplay_mod][pid=8796] NetplayFrame: updates=28634 menu=Main selection=0 row=0(ROW_HOST) inactivity=26449 slide=0 nativeSlideRaw=0 nativeSlideScaled=0
[efz_netplay_mod][pid=8796] HookedTitleUpdateImpl: calls=29400 netplayActive=1
[efz_netplay_mod][pid=8796] NetplayFrame: updates=28762 menu=Main selection=0 row=0(ROW_HOST) inactivity=26577 slide=0 nativeSlideRaw=0 nativeSlideScaled=0
[efz_netplay_mod][pid=8796] StateExport: heartbeat seq=71400 activity=1 menu=1 screen=0 mode=1 phase=0 role=0 side=0 p1Wins=0 p2Wins=0 ping=-1 delay=-1 local='Aquatic' p1='' p2='' revival='1.02h' caps=0xB7 sessionId=1 setId=0 endReason=0
[efz_netplay_mod][pid=8796] NetplayFrame: updates=28889 menu=Main selection=0 row=0(ROW_HOST) inactivity=26704 slide=0 nativeSlideRaw=0 nativeSlideScaled=0
[efz_netplay_mod][pid=8796] HookedTitleUpdateImpl: calls=29700 netplayActive=1
[efz_netplay_mod][pid=8796] NetplayFrame: updates=29017 menu=Main selection=0 row=0(ROW_HOST) inactivity=26832 slide=0 nativeSlideRaw=0 nativeSlideScaled=0
[efz_netplay_mod][pid=8796] StateExport: heartbeat seq=72000 activity=1 menu=1 screen=0 mode=1 phase=0 role=0 side=0 p1Wins=0 p2Wins=0 ping=-1 delay=-1 local='Aquatic' p1='' p2='' revival='1.02h' caps=0xB7 sessionId=1 setId=0 endReason=0
[efz_netplay_mod][pid=8796] NetplayFrame: updates=29145 menu=Main selection=0 row=0(ROW_HOST) inactivity=26960 slide=0 nativeSlideRaw=0 nativeSlideScaled=0
[efz_netplay_mod][pid=8796] NetplayFrame: updates=29273 menu=Main selection=0 row=0(ROW_HOST) inactivity=27088 slide=0 nativeSlideRaw=0 nativeSlideScaled=0
[efz_netplay_mod][pid=8796] HookedTitleUpdateImpl: calls=30000 netplayActive=1
[efz_netplay_mod][pid=8796] StateExport: heartbeat seq=72600 activity=1 menu=1 screen=0 mode=1 phase=0 role=0 side=0 p1Wins=0 p2Wins=0 ping=-1 delay=-1 local='Aquatic' p1='' p2='' revival='1.02h' caps=0xB7 sessionId=1 setId=0 endReason=0
[efz_netplay_mod][pid=8796] NetplayFrame: updates=29401 menu=Main selection=0 row=0(ROW_HOST) inactivity=27216 slide=0 nativeSlideRaw=0 nativeSlideScaled=0
[efz_netplay_mod][pid=8796] NetplayFrame: updates=29528 menu=Main selection=0 row=0(ROW_HOST) inactivity=27343 slide=0 nativeSlideRaw=0 nativeSlideScaled=0
[efz_netplay_mod][pid=8796] HookedTitleUpdateImpl: calls=30300 netplayActive=1
[efz_netplay_mod][pid=8796] NetplayFrame: updates=29656 menu=Main selection=0 row=0(ROW_HOST) inactivity=27471 slide=0 nativeSlideRaw=0 nativeSlideScaled=0
[efz_netplay_mod][pid=8796] StateExport: heartbeat seq=73200 activity=1 menu=1 screen=0 mode=1 phase=0 role=0 side=0 p1Wins=0 p2Wins=0 ping=-1 delay=-1 local='Aquatic' p1='' p2='' revival='1.02h' caps=0xB7 sessionId=1 setId=0 endReason=0
[efz_netplay_mod][pid=8796] NetplayFrame: updates=29784 menu=Main selection=0 row=0(ROW_HOST) inactivity=27599 slide=0 nativeSlideRaw=0 nativeSlideScaled=0
[efz_netplay_mod][pid=8796] HookedTitleUpdateImpl: calls=30600 netplayActive=1
[efz_netplay_mod][pid=8796] NetplayFrame: updates=29912 menu=Main selection=0 row=0(ROW_HOST) inactivity=27727 slide=0 nativeSlideRaw=0 nativeSlideScaled=0
[efz_netplay_mod][pid=8796] StateExport: heartbeat seq=73800 activity=1 menu=1 screen=0 mode=1 phase=0 role=0 side=0 p1Wins=0 p2Wins=0 ping=-1 delay=-1 local='Aquatic' p1='' p2='' revival='1.02h' caps=0xB7 sessionId=1 setId=0 endReason=0
[efz_netplay_mod][pid=8796] NetplayFrame: updates=30040 menu=Main selection=0 row=0(ROW_HOST) inactivity=27855 slide=0 nativeSlideRaw=0 nativeSlideScaled=0
[efz_netplay_mod][pid=8796] NetplayFrame: updates=30167 menu=Main selection=0 row=0(ROW_HOST) inactivity=27982 slide=0 nativeSlideRaw=0 nativeSlideScaled=0
[efz_netplay_mod][pid=8796] HookedTitleUpdateImpl: calls=30900 netplayActive=1
[efz_netplay_mod][pid=8796] StateExport: heartbeat seq=74400 activity=1 menu=1 screen=0 mode=1 phase=0 role=0 side=0 p1Wins=0 p2Wins=0 ping=-1 delay=-1 local='Aquatic' p1='' p2='' revival='1.02h' caps=0xB7 sessionId=1 setId=0 endReason=0
[efz_netplay_mod][pid=8796] NetplayFrame: updates=30295 menu=Main selection=0 row=0(ROW_HOST) inactivity=28110 slide=0 nativeSlideRaw=0 nativeSlideScaled=0
[efz_netplay_mod][pid=8796] NetplayFrame: updates=30424 menu=Main selection=0 row=0(ROW_HOST) inactivity=28239 slide=0 nativeSlideRaw=0 nativeSlideScaled=0
[efz_netplay_mod][pid=8796] HookedTitleUpdateImpl: calls=31200 netplayActive=1
[efz_netplay_mod][pid=8796] NetplayFrame: updates=30552 menu=Main selection=0 row=0(ROW_HOST) inactivity=28367 slide=0 nativeSlideRaw=0 nativeSlideScaled=0
[efz_netplay_mod][pid=8796] StateExport: heartbeat seq=75000 activity=1 menu=1 screen=0 mode=1 phase=0 role=0 side=0 p1Wins=0 p2Wins=0 ping=-1 delay=-1 local='Aquatic' p1='' p2='' revival='1.02h' caps=0xB7 sessionId=1 setId=0 endReason=0
[efz_netplay_mod][pid=8796] NetplayFrame: updates=30679 menu=Main selection=0 row=0(ROW_HOST) inactivity=28494 slide=0 nativeSlideRaw=0 nativeSlideScaled=0
[efz_netplay_mod][pid=8796] HookedTitleUpdateImpl: calls=31500 netplayActive=1
[efz_netplay_mod][pid=8796] NetplayFrame: updates=30807 menu=Main selection=0 row=0(ROW_HOST) inactivity=28622 slide=0 nativeSlideRaw=0 nativeSlideScaled=0
[efz_netplay_mod][pid=8796] StateExport: heartbeat seq=75600 activity=1 menu=1 screen=0 mode=1 phase=0 role=0 side=0 p1Wins=0 p2Wins=0 ping=-1 delay=-1 local='Aquatic' p1='' p2='' revival='1.02h' caps=0xB7 sessionId=1 setId=0 endReason=0
[efz_netplay_mod][pid=8796] NetplayFrame: updates=30935 menu=Main selection=0 row=0(ROW_HOST) inactivity=28750 slide=0 nativeSlideRaw=0 nativeSlideScaled=0
[efz_netplay_mod][pid=8796] NetplayFrame: updates=31063 menu=Main selection=0 row=0(ROW_HOST) inactivity=28878 slide=0 nativeSlideRaw=0 nativeSlideScaled=0
[efz_netplay_mod][pid=8796] HookedTitleUpdateImpl: calls=31800 netplayActive=1
[efz_netplay_mod][pid=8796] StateExport: heartbeat seq=76200 activity=1 menu=1 screen=0 mode=1 phase=0 role=0 side=0 p1Wins=0 p2Wins=0 ping=-1 delay=-1 local='Aquatic' p1='' p2='' revival='1.02h' caps=0xB7 sessionId=1 setId=0 endReason=0
[efz_netplay_mod][pid=8796] NetplayFrame: updates=31191 menu=Main selection=0 row=0(ROW_HOST) inactivity=29006 slide=0 nativeSlideRaw=0 nativeSlideScaled=0
[efz_netplay_mod][pid=8796] NetplayFrame: updates=31319 menu=Main selection=0 row=0(ROW_HOST) inactivity=29134 slide=0 nativeSlideRaw=0 nativeSlideScaled=0
[efz_netplay_mod][pid=8796] HookedTitleUpdateImpl: calls=32100 netplayActive=1
[efz_netplay_mod][pid=8796] NetplayFrame: updates=31446 menu=Main selection=0 row=0(ROW_HOST) inactivity=29261 slide=0 nativeSlideRaw=0 nativeSlideScaled=0
[efz_netplay_mod][pid=8796] StateExport: heartbeat seq=76800 activity=1 menu=1 screen=0 mode=1 phase=0 role=0 side=0 p1Wins=0 p2Wins=0 ping=-1 delay=-1 local='Aquatic' p1='' p2='' revival='1.02h' caps=0xB7 sessionId=1 setId=0 endReason=0
[efz_netplay_mod][pid=8796] NetplayFrame: updates=31574 menu=Main selection=0 row=0(ROW_HOST) inactivity=29389 slide=0 nativeSlideRaw=0 nativeSlideScaled=0
[efz_netplay_mod][pid=8796] HookedTitleUpdateImpl: calls=32400 netplayActive=1
[efz_netplay_mod][pid=8796] NetplayFrame: updates=31702 menu=Main selection=0 row=0(ROW_HOST) inactivity=29517 slide=0 nativeSlideRaw=0 nativeSlideScaled=0
[efz_netplay_mod][pid=8796] StateExport: heartbeat seq=77400 activity=1 menu=1 screen=0 mode=1 phase=0 role=0 side=0 p1Wins=0 p2Wins=0 ping=-1 delay=-1 local='Aquatic' p1='' p2='' revival='1.02h' caps=0xB7 sessionId=1 setId=0 endReason=0
[efz_netplay_mod][pid=8796] NetplayFrame: updates=31830 menu=Main selection=0 row=0(ROW_HOST) inactivity=29645 slide=0 nativeSlideRaw=0 nativeSlideScaled=0
[efz_netplay_mod][pid=8796] NetplayFrame: updates=31958 menu=Main selection=0 row=0(ROW_HOST) inactivity=29773 slide=0 nativeSlideRaw=0 nativeSlideScaled=0
[efz_netplay_mod][pid=8796] HookedTitleUpdateImpl: calls=32700 netplayActive=1
[efz_netplay_mod][pid=8796] StateExport: heartbeat seq=78000 activity=1 menu=1 screen=0 mode=1 phase=0 role=0 side=0 p1Wins=0 p2Wins=0 ping=-1 delay=-1 local='Aquatic' p1='' p2='' revival='1.02h' caps=0xB7 sessionId=1 setId=0 endReason=0
[efz_netplay_mod][pid=8796] NetplayFrame: updates=32085 menu=Main selection=0 row=0(ROW_HOST) inactivity=29900 slide=0 nativeSlideRaw=0 nativeSlideScaled=0
[efz_netplay_mod][pid=8796] NetplayFrame: updates=32213 menu=Main selection=0 row=0(ROW_HOST) inactivity=30028 slide=0 nativeSlideRaw=0 nativeSlideScaled=0
[efz_netplay_mod][pid=8796] HookedTitleUpdateImpl: calls=33000 netplayActive=1
[efz_netplay_mod][pid=8796] NetplayFrame: updates=32341 menu=Main selection=0 row=0(ROW_HOST) inactivity=30156 slide=0 nativeSlideRaw=0 nativeSlideScaled=0
[efz_netplay_mod][pid=8796] StateExport: heartbeat seq=78600 activity=1 menu=1 screen=0 mode=1 phase=0 role=0 side=0 p1Wins=0 p2Wins=0 ping=-1 delay=-1 local='Aquatic' p1='' p2='' revival='1.02h' caps=0xB7 sessionId=1 setId=0 endReason=0
[efz_netplay_mod][pid=8796] NetplayFrame: updates=32469 menu=Main selection=0 row=0(ROW_HOST) inactivity=30284 slide=0 nativeSlideRaw=0 nativeSlideScaled=0
[efz_netplay_mod][pid=8796] NetplayFrame: updates=32596 menu=Main selection=0 row=0(ROW_HOST) inactivity=30411 slide=0 nativeSlideRaw=0 nativeSlideScaled=0
[efz_netplay_mod][pid=8796] HookedTitleUpdateImpl: calls=33300 netplayActive=1
[efz_netplay_mod][pid=8796] StateExport: heartbeat seq=79200 activity=1 menu=1 screen=0 mode=1 phase=0 role=0 side=0 p1Wins=0 p2Wins=0 ping=-1 delay=-1 local='Aquatic' p1='' p2='' revival='1.02h' caps=0xB7 sessionId=1 setId=0 endReason=0
[efz_netplay_mod][pid=8796] NetplayFrame: updates=32724 menu=Main selection=0 row=0(ROW_HOST) inactivity=30539 slide=0 nativeSlideRaw=0 nativeSlideScaled=0
[efz_netplay_mod][pid=8796] NetplayFrame: updates=32852 menu=Main selection=0 row=0(ROW_HOST) inactivity=30667 slide=0 nativeSlideRaw=0 nativeSlideScaled=0
[efz_netplay_mod][pid=8796] HookedTitleUpdateImpl: calls=33600 netplayActive=1
[efz_netplay_mod][pid=8796] NetplayFrame: updates=32980 menu=Main selection=0 row=0(ROW_HOST) inactivity=30795 slide=0 nativeSlideRaw=0 nativeSlideScaled=0
[efz_netplay_mod][pid=8796] StateExport: heartbeat seq=79800 activity=1 menu=1 screen=0 mode=1 phase=0 role=0 side=0 p1Wins=0 p2Wins=0 ping=-1 delay=-1 local='Aquatic' p1='' p2='' revival='1.02h' caps=0xB7 sessionId=1 setId=0 endReason=0
[efz_netplay_mod][pid=8796] NetplayFrame: updates=33108 menu=Main selection=0 row=0(ROW_HOST) inactivity=30923 slide=0 nativeSlideRaw=0 nativeSlideScaled=0
[efz_netplay_mod][pid=8796] HookedTitleUpdateImpl: calls=33900 netplayActive=1
[efz_netplay_mod][pid=8796] NetplayFrame: updates=33235 menu=Main selection=0 row=0(ROW_HOST) inactivity=31050 slide=0 nativeSlideRaw=0 nativeSlideScaled=0
[efz_netplay_mod][pid=8796] StateExport: heartbeat seq=80400 activity=1 menu=1 screen=0 mode=1 phase=0 role=0 side=0 p1Wins=0 p2Wins=0 ping=-1 delay=-1 local='Aquatic' p1='' p2='' revival='1.02h' caps=0xB7 sessionId=1 setId=0 endReason=0
[efz_netplay_mod][pid=8796] NetplayFrame: updates=33363 menu=Main selection=0 row=0(ROW_HOST) inactivity=31178 slide=0 nativeSlideRaw=0 nativeSlideScaled=0
[efz_netplay_mod][pid=8796] NetplayFrame: updates=33491 menu=Main selection=0 row=0(ROW_HOST) inactivity=31306 slide=0 nativeSlideRaw=0 nativeSlideScaled=0
[efz_netplay_mod][pid=8796] HookedTitleUpdateImpl: calls=34200 netplayActive=1
[efz_netplay_mod][pid=8796] StateExport: heartbeat seq=81000 activity=1 menu=1 screen=0 mode=1 phase=0 role=0 side=0 p1Wins=0 p2Wins=0 ping=-1 delay=-1 local='Aquatic' p1='' p2='' revival='1.02h' caps=0xB7 sessionId=1 setId=0 endReason=0
[efz_netplay_mod][pid=8796] NetplayFrame: updates=33619 menu=Main selection=0 row=0(ROW_HOST) inactivity=31434 slide=0 nativeSlideRaw=0 nativeSlideScaled=0
[efz_netplay_mod][pid=8796] NetplayFrame: updates=33746 menu=Main selection=0 row=0(ROW_HOST) inactivity=31561 slide=0 nativeSlideRaw=0 nativeSlideScaled=0
[efz_netplay_mod][pid=8796] HookedTitleUpdateImpl: calls=34500 netplayActive=1
[efz_netplay_mod][pid=8796] NetplayFrame: updates=33874 menu=Main selection=0 row=0(ROW_HOST) inactivity=31689 slide=0 nativeSlideRaw=0 nativeSlideScaled=0
[efz_netplay_mod][pid=8796] StateExport: heartbeat seq=81600 activity=1 menu=1 screen=0 mode=1 phase=0 role=0 side=0 p1Wins=0 p2Wins=0 ping=-1 delay=-1 local='Aquatic' p1='' p2='' revival='1.02h' caps=0xB7 sessionId=1 setId=0 endReason=0
[efz_netplay_mod][pid=8796] NetplayFrame: updates=34002 menu=Main selection=0 row=0(ROW_HOST) inactivity=31817 slide=0 nativeSlideRaw=0 nativeSlideScaled=0
[efz_netplay_mod][pid=8796] HookedTitleUpdateImpl: calls=34800 netplayActive=1
[efz_netplay_mod][pid=8796] NetplayFrame: updates=34130 menu=Main selection=0 row=0(ROW_HOST) inactivity=31945 slide=0 nativeSlideRaw=0 nativeSlideScaled=0
[efz_netplay_mod][pid=8796] StateExport: heartbeat seq=82200 activity=1 menu=1 screen=0 mode=1 phase=0 role=0 side=0 p1Wins=0 p2Wins=0 ping=-1 delay=-1 local='Aquatic' p1='' p2='' revival='1.02h' caps=0xB7 sessionId=1 setId=0 endReason=0
[efz_netplay_mod][pid=8796] NetplayFrame: updates=34258 menu=Main selection=0 row=0(ROW_HOST) inactivity=32073 slide=0 nativeSlideRaw=0 nativeSlideScaled=0
[efz_netplay_mod][pid=8796] NetplayFrame: updates=34385 menu=Main selection=0 row=0(ROW_HOST) inactivity=32200 slide=0 nativeSlideRaw=0 nativeSlideScaled=0
[efz_netplay_mod][pid=8796] HookedTitleUpdateImpl: calls=35100 netplayActive=1
[efz_netplay_mod][pid=8796] StateExport: heartbeat seq=82800 activity=1 menu=1 screen=0 mode=1 phase=0 role=0 side=0 p1Wins=0 p2Wins=0 ping=-1 delay=-1 local='Aquatic' p1='' p2='' revival='1.02h' caps=0xB7 sessionId=1 setId=0 endReason=0
[efz_netplay_mod][pid=8796] NetplayFrame: updates=34513 menu=Main selection=0 row=0(ROW_HOST) inactivity=32328 slide=0 nativeSlideRaw=0 nativeSlideScaled=0
[efz_netplay_mod][pid=8796] NetplayFrame: updates=34641 menu=Main selection=0 row=0(ROW_HOST) inactivity=32456 slide=0 nativeSlideRaw=0 nativeSlideScaled=0
[efz_netplay_mod][pid=8796] HookedTitleUpdateImpl: calls=35400 netplayActive=1
[efz_netplay_mod][pid=8796] NetplayFrame: updates=34769 menu=Main selection=0 row=0(ROW_HOST) inactivity=32584 slide=0 nativeSlideRaw=0 nativeSlideScaled=0
[efz_netplay_mod][pid=8796] StateExport: heartbeat seq=83400 activity=1 menu=1 screen=0 mode=1 phase=0 role=0 side=0 p1Wins=0 p2Wins=0 ping=-1 delay=-1 local='Aquatic' p1='' p2='' revival='1.02h' caps=0xB7 sessionId=1 setId=0 endReason=0
[efz_netplay_mod][pid=8796] NetplayFrame: updates=34897 menu=Main selection=0 row=0(ROW_HOST) inactivity=32712 slide=0 nativeSlideRaw=0 nativeSlideScaled=0
[efz_netplay_mod][pid=8796] HookedTitleUpdateImpl: calls=35700 netplayActive=1
[efz_netplay_mod][pid=8796] NetplayFrame: updates=35024 menu=Main selection=0 row=0(ROW_HOST) inactivity=32839 slide=0 nativeSlideRaw=0 nativeSlideScaled=0
[efz_netplay_mod][pid=8796] StateExport: heartbeat seq=84000 activity=1 menu=1 screen=0 mode=1 phase=0 role=0 side=0 p1Wins=0 p2Wins=0 ping=-1 delay=-1 local='Aquatic' p1='' p2='' revival='1.02h' caps=0xB7 sessionId=1 setId=0 endReason=0
[efz_netplay_mod][pid=8796] NetplayFrame: updates=35152 menu=Main selection=0 row=0(ROW_HOST) inactivity=32967 slide=0 nativeSlideRaw=0 nativeSlideScaled=0
[efz_netplay_mod][pid=8796] NetplayFrame: updates=35280 menu=Main selection=0 row=0(ROW_HOST) inactivity=33095 slide=0 nativeSlideRaw=0 nativeSlideScaled=0
[efz_netplay_mod][pid=8796] HookedTitleUpdateImpl: calls=36000 netplayActive=1
[efz_netplay_mod][pid=8796] StateExport: heartbeat seq=84600 activity=1 menu=1 screen=0 mode=1 phase=0 role=0 side=0 p1Wins=0 p2Wins=0 ping=-1 delay=-1 local='Aquatic' p1='' p2='' revival='1.02h' caps=0xB7 sessionId=1 setId=0 endReason=0
[efz_netplay_mod][pid=8796] NetplayFrame: updates=35408 menu=Main selection=0 row=0(ROW_HOST) inactivity=33223 slide=0 nativeSlideRaw=0 nativeSlideScaled=0
[efz_netplay_mod][pid=8796] NetplayFrame: updates=35536 menu=Main selection=0 row=0(ROW_HOST) inactivity=33351 slide=0 nativeSlideRaw=0 nativeSlideScaled=0
[efz_netplay_mod][pid=8796] HookedTitleUpdateImpl: calls=36300 netplayActive=1
[efz_netplay_mod][pid=8796] NetplayFrame: updates=35663 menu=Main selection=0 row=0(ROW_HOST) inactivity=33478 slide=0 nativeSlideRaw=0 nativeSlideScaled=0
[efz_netplay_mod][pid=8796] StateExport: heartbeat seq=85200 activity=1 menu=1 screen=0 mode=1 phase=0 role=0 side=0 p1Wins=0 p2Wins=0 ping=-1 delay=-1 local='Aquatic' p1='' p2='' revival='1.02h' caps=0xB7 sessionId=1 setId=0 endReason=0
[efz_netplay_mod][pid=8796] NetplayFrame: updates=35791 menu=Main selection=0 row=0(ROW_HOST) inactivity=33606 slide=0 nativeSlideRaw=0 nativeSlideScaled=0
[efz_netplay_mod][pid=8796] HookedTitleUpdateImpl: calls=36600 netplayActive=1
[efz_netplay_mod][pid=8796] NetplayFrame: updates=35919 menu=Main selection=0 row=0(ROW_HOST) inactivity=33734 slide=0 nativeSlideRaw=0 nativeSlideScaled=0
[efz_netplay_mod][pid=8796] StateExport: heartbeat seq=85800 activity=1 menu=1 screen=0 mode=1 phase=0 role=0 side=0 p1Wins=0 p2Wins=0 ping=-1 delay=-1 local='Aquatic' p1='' p2='' revival='1.02h' caps=0xB7 sessionId=1 setId=0 endReason=0
[efz_netplay_mod][pid=8796] NetplayFrame: updates=36047 menu=Main selection=0 row=0(ROW_HOST) inactivity=33862 slide=0 nativeSlideRaw=0 nativeSlideScaled=0
[efz_netplay_mod][pid=8796] NetplayFrame: updates=36175 menu=Main selection=0 row=0(ROW_HOST) inactivity=33990 slide=0 nativeSlideRaw=0 nativeSlideScaled=0
[efz_netplay_mod][pid=8796] HookedTitleUpdateImpl: calls=36900 netplayActive=1
[efz_netplay_mod][pid=8796] StateExport: heartbeat seq=86400 activity=1 menu=1 screen=0 mode=1 phase=0 role=0 side=0 p1Wins=0 p2Wins=0 ping=-1 delay=-1 local='Aquatic' p1='' p2='' revival='1.02h' caps=0xB7 sessionId=1 setId=0 endReason=0
[efz_netplay_mod][pid=8796] NetplayFrame: updates=36302 menu=Main selection=0 row=0(ROW_HOST) inactivity=34117 slide=0 nativeSlideRaw=0 nativeSlideScaled=0
[efz_netplay_mod][pid=8796] NetplayFrame: updates=36430 menu=Main selection=0 row=0(ROW_HOST) inactivity=34245 slide=0 nativeSlideRaw=0 nativeSlideScaled=0
[efz_netplay_mod][pid=8796] HookedTitleUpdateImpl: calls=37200 netplayActive=1
[efz_netplay_mod][pid=8796] NetplayFrame: updates=36558 menu=Main selection=0 row=0(ROW_HOST) inactivity=34373 slide=0 nativeSlideRaw=0 nativeSlideScaled=0
[efz_netplay_mod][pid=8796] StateExport: heartbeat seq=87000 activity=1 menu=1 screen=0 mode=1 phase=0 role=0 side=0 p1Wins=0 p2Wins=0 ping=-1 delay=-1 local='Aquatic' p1='' p2='' revival='1.02h' caps=0xB7 sessionId=1 setId=0 endReason=0
[efz_netplay_mod][pid=8796] NetplayFrame: updates=36686 menu=Main selection=0 row=0(ROW_HOST) inactivity=34501 slide=0 nativeSlideRaw=0 nativeSlideScaled=0
[efz_netplay_mod][pid=8796] HookedTitleUpdateImpl: calls=37500 netplayActive=1
[efz_netplay_mod][pid=8796] NetplayFrame: updates=36814 menu=Main selection=0 row=0(ROW_HOST) inactivity=34629 slide=0 nativeSlideRaw=0 nativeSlideScaled=0
[efz_netplay_mod][pid=8796] StateExport: heartbeat seq=87600 activity=1 menu=1 screen=0 mode=1 phase=0 role=0 side=0 p1Wins=0 p2Wins=0 ping=-1 delay=-1 local='Aquatic' p1='' p2='' revival='1.02h' caps=0xB7 sessionId=1 setId=0 endReason=0
[efz_netplay_mod][pid=8796] NetplayFrame: updates=36941 menu=Main selection=0 row=0(ROW_HOST) inactivity=34756 slide=0 nativeSlideRaw=0 nativeSlideScaled=0
[efz_netplay_mod][pid=8796] NetplayFrame: updates=37069 menu=Main selection=0 row=0(ROW_HOST) inactivity=34884 slide=0 nativeSlideRaw=0 nativeSlideScaled=0
[efz_netplay_mod][pid=8796] HookedTitleUpdateImpl: calls=37800 netplayActive=1
[efz_netplay_mod][pid=8796] StateExport: heartbeat seq=88200 activity=1 menu=1 screen=0 mode=1 phase=0 role=0 side=0 p1Wins=0 p2Wins=0 ping=-1 delay=-1 local='Aquatic' p1='' p2='' revival='1.02h' caps=0xB7 sessionId=1 setId=0 endReason=0
[efz_netplay_mod][pid=8796] NetplayFrame: updates=37197 menu=Main selection=0 row=0(ROW_HOST) inactivity=35012 slide=0 nativeSlideRaw=0 nativeSlideScaled=0
[efz_netplay_mod][pid=8796] NetplayFrame: updates=37325 menu=Main selection=0 row=0(ROW_HOST) inactivity=35140 slide=0 nativeSlideRaw=0 nativeSlideScaled=0
[efz_netplay_mod][pid=8796] HookedTitleUpdateImpl: calls=38100 netplayActive=1
[efz_netplay_mod][pid=8796] NetplayFrame: updates=37449 menu=Main selection=0 row=0(ROW_HOST) inactivity=35264 slide=0 nativeSlideRaw=0 nativeSlideScaled=0
[efz_netplay_mod][pid=8796] StateExport: heartbeat seq=88800 activity=1 menu=1 screen=0 mode=1 phase=0 role=0 side=0 p1Wins=0 p2Wins=0 ping=-1 delay=-1 local='Aquatic' p1='' p2='' revival='1.02h' caps=0xB7 sessionId=1 setId=0 endReason=0
[efz_netplay_mod][pid=8796] NetplayFrame: updates=37577 menu=Main selection=0 row=0(ROW_HOST) inactivity=35392 slide=0 nativeSlideRaw=0 nativeSlideScaled=0
[efz_netplay_mod][pid=8796] HookedTitleUpdateImpl: calls=38400 netplayActive=1
[efz_netplay_mod][pid=8796] NetplayFrame: updates=37705 menu=Main selection=0 row=0(ROW_HOST) inactivity=35520 slide=0 nativeSlideRaw=0 nativeSlideScaled=0
[efz_netplay_mod][pid=8796] StateExport: heartbeat seq=89400 activity=1 menu=1 screen=0 mode=1 phase=0 role=0 side=0 p1Wins=0 p2Wins=0 ping=-1 delay=-1 local='Aquatic' p1='' p2='' revival='1.02h' caps=0xB7 sessionId=1 setId=0 endReason=0
[efz_netplay_mod][pid=8796] NetplayFrame: updates=37833 menu=Main selection=0 row=0(ROW_HOST) inactivity=35648 slide=0 nativeSlideRaw=0 nativeSlideScaled=0
[efz_netplay_mod][pid=8796] NetplayFrame: updates=37961 menu=Main selection=0 row=0(ROW_HOST) inactivity=35776 slide=0 nativeSlideRaw=0 nativeSlideScaled=0
[efz_netplay_mod][pid=8796] HookedTitleUpdateImpl: calls=38700 netplayActive=1
[efz_netplay_mod][pid=8796] StateExport: heartbeat seq=90000 activity=1 menu=1 screen=0 mode=1 phase=0 role=0 side=0 p1Wins=0 p2Wins=0 ping=-1 delay=-1 local='Aquatic' p1='' p2='' revival='1.02h' caps=0xB7 sessionId=1 setId=0 endReason=0
[efz_netplay_mod][pid=8796] NetplayFrame: updates=38089 menu=Main selection=0 row=0(ROW_HOST) inactivity=35904 slide=0 nativeSlideRaw=0 nativeSlideScaled=0
[efz_netplay_mod][pid=8796] NetplayFrame: updates=38216 menu=Main selection=0 row=0(ROW_HOST) inactivity=36031 slide=0 nativeSlideRaw=0 nativeSlideScaled=0
[efz_netplay_mod][pid=8796] HookedTitleUpdateImpl: calls=39000 netplayActive=1
[efz_netplay_mod][pid=8796] NetplayFrame: updates=38344 menu=Main selection=0 row=0(ROW_HOST) inactivity=36159 slide=0 nativeSlideRaw=0 nativeSlideScaled=0
[efz_netplay_mod][pid=8796] StateExport: heartbeat seq=90600 activity=1 menu=1 screen=0 mode=1 phase=0 role=0 side=0 p1Wins=0 p2Wins=0 ping=-1 delay=-1 local='Aquatic' p1='' p2='' revival='1.02h' caps=0xB7 sessionId=1 setId=0 endReason=0
[efz_netplay_mod][pid=8796] NetplayFrame: updates=38472 menu=Main selection=0 row=0(ROW_HOST) inactivity=36287 slide=0 nativeSlideRaw=0 nativeSlideScaled=0
[efz_netplay_mod][pid=8796] HookedTitleUpdateImpl: calls=39300 netplayActive=1
[efz_netplay_mod][pid=8796] NetplayFrame: updates=38600 menu=Main selection=0 row=0(ROW_HOST) inactivity=36415 slide=0 nativeSlideRaw=0 nativeSlideScaled=0
[efz_netplay_mod][pid=8796] StateExport: heartbeat seq=91200 activity=1 menu=1 screen=0 mode=1 phase=0 role=0 side=0 p1Wins=0 p2Wins=0 ping=-1 delay=-1 local='Aquatic' p1='' p2='' revival='1.02h' caps=0xB7 sessionId=1 setId=0 endReason=0
[efz_netplay_mod][pid=8796] NetplayFrame: updates=38728 menu=Main selection=0 row=0(ROW_HOST) inactivity=36543 slide=0 nativeSlideRaw=0 nativeSlideScaled=0
[efz_netplay_mod][pid=8796] NetplayFrame: updates=38855 menu=Main selection=0 row=0(ROW_HOST) inactivity=36670 slide=0 nativeSlideRaw=0 nativeSlideScaled=0
[efz_netplay_mod][pid=8796] HookedTitleUpdateImpl: calls=39600 netplayActive=1
[efz_netplay_mod][pid=8796] NetplayFrame: updates=38983 menu=Main selection=0 row=0(ROW_HOST) inactivity=36798 slide=0 nativeSlideRaw=0 nativeSlideScaled=0
[efz_netplay_mod][pid=8796] StateExport: heartbeat seq=91800 activity=1 menu=1 screen=0 mode=1 phase=0 role=0 side=0 p1Wins=0 p2Wins=0 ping=-1 delay=-1 local='Aquatic' p1='' p2='' revival='1.02h' caps=0xB7 sessionId=1 setId=0 endReason=0
[efz_netplay_mod][pid=8796] NetplayFrame: updates=39111 menu=Main selection=0 row=0(ROW_HOST) inactivity=36926 slide=0 nativeSlideRaw=0 nativeSlideScaled=0
[efz_netplay_mod][pid=8796] HookedTitleUpdateImpl: calls=39900 netplayActive=1
[efz_netplay_mod][pid=8796] NetplayFrame: updates=39239 menu=Main selection=0 row=0(ROW_HOST) inactivity=37054 slide=0 nativeSlideRaw=0 nativeSlideScaled=0
[efz_netplay_mod][pid=8796] StateExport: heartbeat seq=92400 activity=1 menu=1 screen=0 mode=1 phase=0 role=0 side=0 p1Wins=0 p2Wins=0 ping=-1 delay=-1 local='Aquatic' p1='' p2='' revival='1.02h' caps=0xB7 sessionId=1 setId=0 endReason=0
[efz_netplay_mod][pid=8796] NetplayFrame: updates=39367 menu=Main selection=0 row=0(ROW_HOST) inactivity=37182 slide=0 nativeSlideRaw=0 nativeSlideScaled=0
[efz_netplay_mod][pid=8796] NetplayFrame: updates=39495 menu=Main selection=0 row=0(ROW_HOST) inactivity=37310 slide=0 nativeSlideRaw=0 nativeSlideScaled=0
[efz_netplay_mod][pid=8796] HookedTitleUpdateImpl: calls=40200 netplayActive=1
[efz_netplay_mod][pid=8796] StateExport: heartbeat seq=93000 activity=1 menu=1 screen=0 mode=1 phase=0 role=0 side=0 p1Wins=0 p2Wins=0 ping=-1 delay=-1 local='Aquatic' p1='' p2='' revival='1.02h' caps=0xB7 sessionId=1 setId=0 endReason=0
[efz_netplay_mod][pid=8796] NetplayFrame: updates=39622 menu=Main selection=0 row=0(ROW_HOST) inactivity=37437 slide=0 nativeSlideRaw=0 nativeSlideScaled=0
[efz_netplay_mod][pid=8796] NetplayFrame: updates=39750 menu=Main selection=0 row=0(ROW_HOST) inactivity=37565 slide=0 nativeSlideRaw=0 nativeSlideScaled=0
[efz_netplay_mod][pid=8796] HookedTitleUpdateImpl: calls=40500 netplayActive=1
[efz_netplay_mod][pid=8796] NetplayFrame: updates=39878 menu=Main selection=0 row=0(ROW_HOST) inactivity=37693 slide=0 nativeSlideRaw=0 nativeSlideScaled=0
[efz_netplay_mod][pid=8796] StateExport: heartbeat seq=93600 activity=1 menu=1 screen=0 mode=1 phase=0 role=0 side=0 p1Wins=0 p2Wins=0 ping=-1 delay=-1 local='Aquatic' p1='' p2='' revival='1.02h' caps=0xB7 sessionId=1 setId=0 endReason=0
[efz_netplay_mod][pid=8796] NetplayFrame: updates=40006 menu=Main selection=0 row=0(ROW_HOST) inactivity=37821 slide=0 nativeSlideRaw=0 nativeSlideScaled=0
[efz_netplay_mod][pid=8796] HookedTitleUpdateImpl: calls=40800 netplayActive=1
[efz_netplay_mod][pid=8796] NetplayFrame: updates=40133 menu=Main selection=0 row=0(ROW_HOST) inactivity=37948 slide=0 nativeSlideRaw=0 nativeSlideScaled=0
[efz_netplay_mod][pid=8796] StateExport: heartbeat seq=94200 activity=1 menu=1 screen=0 mode=1 phase=0 role=0 side=0 p1Wins=0 p2Wins=0 ping=-1 delay=-1 local='Aquatic' p1='' p2='' revival='1.02h' caps=0xB7 sessionId=1 setId=0 endReason=0
[efz_netplay_mod][pid=8796] NetplayFrame: updates=40261 menu=Main selection=0 row=0(ROW_HOST) inactivity=38076 slide=0 nativeSlideRaw=0 nativeSlideScaled=0
[efz_netplay_mod][pid=8796] NetplayFrame: updates=40389 menu=Main selection=0 row=0(ROW_HOST) inactivity=38204 slide=0 nativeSlideRaw=0 nativeSlideScaled=0
[efz_netplay_mod][pid=8796] HookedTitleUpdateImpl: calls=41100 netplayActive=1
[efz_netplay_mod][pid=8796] StateExport: heartbeat seq=94800 activity=1 menu=1 screen=0 mode=1 phase=0 role=0 side=0 p1Wins=0 p2Wins=0 ping=-1 delay=-1 local='Aquatic' p1='' p2='' revival='1.02h' caps=0xB7 sessionId=1 setId=0 endReason=0
[efz_netplay_mod][pid=8796] NetplayFrame: updates=40517 menu=Main selection=0 row=0(ROW_HOST) inactivity=38332 slide=0 nativeSlideRaw=0 nativeSlideScaled=0
[efz_netplay_mod][pid=8796] NetplayFrame: updates=40645 menu=Main selection=0 row=0(ROW_HOST) inactivity=38460 slide=0 nativeSlideRaw=0 nativeSlideScaled=0
[efz_netplay_mod][pid=8796] HookedTitleUpdateImpl: calls=41400 netplayActive=1
[efz_netplay_mod][pid=8796] NetplayFrame: updates=40772 menu=Main selection=0 row=0(ROW_HOST) inactivity=38587 slide=0 nativeSlideRaw=0 nativeSlideScaled=0
[efz_netplay_mod][pid=8796] StateExport: heartbeat seq=95400 activity=1 menu=1 screen=0 mode=1 phase=0 role=0 side=0 p1Wins=0 p2Wins=0 ping=-1 delay=-1 local='Aquatic' p1='' p2='' revival='1.02h' caps=0xB7 sessionId=1 setId=0 endReason=0
[efz_netplay_mod][pid=8796] NetplayFrame: updates=40900 menu=Main selection=0 row=0(ROW_HOST) inactivity=38715 slide=0 nativeSlideRaw=0 nativeSlideScaled=0
[efz_netplay_mod][pid=8796] HookedTitleUpdateImpl: calls=41700 netplayActive=1
[efz_netplay_mod][pid=8796] NetplayFrame: updates=41028 menu=Main selection=0 row=0(ROW_HOST) inactivity=38843 slide=0 nativeSlideRaw=0 nativeSlideScaled=0
[efz_netplay_mod][pid=8796] StateExport: heartbeat seq=96000 activity=1 menu=1 screen=0 mode=1 phase=0 role=0 side=0 p1Wins=0 p2Wins=0 ping=-1 delay=-1 local='Aquatic' p1='' p2='' revival='1.02h' caps=0xB7 sessionId=1 setId=0 endReason=0
[efz_netplay_mod][pid=8796] NetplayFrame: updates=41156 menu=Main selection=0 row=0(ROW_HOST) inactivity=38971 slide=0 nativeSlideRaw=0 nativeSlideScaled=0
[efz_netplay_mod][pid=8796] NetplayFrame: updates=41284 menu=Main selection=0 row=0(ROW_HOST) inactivity=39099 slide=0 nativeSlideRaw=0 nativeSlideScaled=0
[efz_netplay_mod][pid=8796] HookedTitleUpdateImpl: calls=42000 netplayActive=1
[efz_netplay_mod][pid=8796] StateExport: heartbeat seq=96600 activity=1 menu=1 screen=0 mode=1 phase=0 role=0 side=0 p1Wins=0 p2Wins=0 ping=-1 delay=-1 local='Aquatic' p1='' p2='' revival='1.02h' caps=0xB7 sessionId=1 setId=0 endReason=0
[efz_netplay_mod][pid=8796] NetplayFrame: updates=41412 menu=Main selection=0 row=0(ROW_HOST) inactivity=39227 slide=0 nativeSlideRaw=0 nativeSlideScaled=0
[efz_netplay_mod][pid=8796] NetplayFrame: updates=41539 menu=Main selection=0 row=0(ROW_HOST) inactivity=39354 slide=0 nativeSlideRaw=0 nativeSlideScaled=0
[efz_netplay_mod][pid=8796] HookedTitleUpdateImpl: calls=42300 netplayActive=1
[efz_netplay_mod][pid=8796] NetplayFrame: updates=41667 menu=Main selection=0 row=0(ROW_HOST) inactivity=39482 slide=0 nativeSlideRaw=0 nativeSlideScaled=0
[efz_netplay_mod][pid=8796] StateExport: heartbeat seq=97200 activity=1 menu=1 screen=0 mode=1 phase=0 role=0 side=0 p1Wins=0 p2Wins=0 ping=-1 delay=-1 local='Aquatic' p1='' p2='' revival='1.02h' caps=0xB7 sessionId=1 setId=0 endReason=0
[efz_netplay_mod][pid=8796] NetplayFrame: updates=41795 menu=Main selection=0 row=0(ROW_HOST) inactivity=39610 slide=0 nativeSlideRaw=0 nativeSlideScaled=0
[efz_netplay_mod][pid=8796] HookedTitleUpdateImpl: calls=42600 netplayActive=1
[efz_netplay_mod][pid=8796] NetplayFrame: updates=41923 menu=Main selection=0 row=0(ROW_HOST) inactivity=39738 slide=0 nativeSlideRaw=0 nativeSlideScaled=0
[efz_netplay_mod][pid=8796] StateExport: heartbeat seq=97800 activity=1 menu=1 screen=0 mode=1 phase=0 role=0 side=0 p1Wins=0 p2Wins=0 ping=-1 delay=-1 local='Aquatic' p1='' p2='' revival='1.02h' caps=0xB7 sessionId=1 setId=0 endReason=0
[efz_netplay_mod][pid=8796] NetplayFrame: updates=42050 menu=Main selection=0 row=0(ROW_HOST) inactivity=39865 slide=0 nativeSlideRaw=0 nativeSlideScaled=0
[efz_netplay_mod][pid=8796] NetplayFrame: updates=42178 menu=Main selection=0 row=0(ROW_HOST) inactivity=39993 slide=0 nativeSlideRaw=0 nativeSlideScaled=0
[efz_netplay_mod][pid=8796] HookedTitleUpdateImpl: calls=42900 netplayActive=1
[efz_netplay_mod][pid=8796] StateExport: heartbeat seq=98400 activity=1 menu=1 screen=0 mode=1 phase=0 role=0 side=0 p1Wins=0 p2Wins=0 ping=-1 delay=-1 local='Aquatic' p1='' p2='' revival='1.02h' caps=0xB7 sessionId=1 setId=0 endReason=0
[efz_netplay_mod][pid=8796] NetplayFrame: updates=42306 menu=Main selection=0 row=0(ROW_HOST) inactivity=40121 slide=0 nativeSlideRaw=0 nativeSlideScaled=0
[efz_netplay_mod][pid=8796] NetplayFrame: updates=42434 menu=Main selection=0 row=0(ROW_HOST) inactivity=40249 slide=0 nativeSlideRaw=0 nativeSlideScaled=0
[efz_netplay_mod][pid=8796] HookedTitleUpdateImpl: calls=43200 netplayActive=1
[efz_netplay_mod][pid=8796] NetplayFrame: updates=42562 menu=Main selection=0 row=0(ROW_HOST) inactivity=40377 slide=0 nativeSlideRaw=0 nativeSlideScaled=0
[efz_netplay_mod][pid=8796] StateExport: heartbeat seq=99000 activity=1 menu=1 screen=0 mode=1 phase=0 role=0 side=0 p1Wins=0 p2Wins=0 ping=-1 delay=-1 local='Aquatic' p1='' p2='' revival='1.02h' caps=0xB7 sessionId=1 setId=0 endReason=0
[efz_netplay_mod][pid=8796] NetplayFrame: updates=42689 menu=Main selection=0 row=0(ROW_HOST) inactivity=40504 slide=0 nativeSlideRaw=0 nativeSlideScaled=0
[efz_netplay_mod][pid=8796] HookedTitleUpdateImpl: calls=43500 netplayActive=1
[efz_netplay_mod][pid=8796] NetplayFrame: updates=42817 menu=Main selection=0 row=0(ROW_HOST) inactivity=40632 slide=0 nativeSlideRaw=0 nativeSlideScaled=0
[efz_netplay_mod][pid=8796] StateExport: heartbeat seq=99600 activity=1 menu=1 screen=0 mode=1 phase=0 role=0 side=0 p1Wins=0 p2Wins=0 ping=-1 delay=-1 local='Aquatic' p1='' p2='' revival='1.02h' caps=0xB7 sessionId=1 setId=0 endReason=0
[efz_netplay_mod][pid=8796] NetplayFrame: updates=42945 menu=Main selection=0 row=0(ROW_HOST) inactivity=40760 slide=0 nativeSlideRaw=0 nativeSlideScaled=0
[efz_netplay_mod][pid=8796] NetplayFrame: updates=43073 menu=Main selection=0 row=0(ROW_HOST) inactivity=40888 slide=0 nativeSlideRaw=0 nativeSlideScaled=0
[efz_netplay_mod][pid=8796] HookedTitleUpdateImpl: calls=43800 netplayActive=1
[efz_netplay_mod][pid=8796] StateExport: heartbeat seq=100200 activity=1 menu=1 screen=0 mode=1 phase=0 role=0 side=0 p1Wins=0 p2Wins=0 ping=-1 delay=-1 local='Aquatic' p1='' p2='' revival='1.02h' caps=0xB7 sessionId=1 setId=0 endReason=0
[efz_netplay_mod][pid=8796] NetplayFrame: updates=43201 menu=Main selection=0 row=0(ROW_HOST) inactivity=41016 slide=0 nativeSlideRaw=0 nativeSlideScaled=0
[efz_netplay_mod][pid=8796] NetplayFrame: updates=43329 menu=Main selection=0 row=0(ROW_HOST) inactivity=41144 slide=0 nativeSlideRaw=0 nativeSlideScaled=0
[efz_netplay_mod][pid=8796] HookedTitleUpdateImpl: calls=44100 netplayActive=1
[efz_netplay_mod][pid=8796] NetplayFrame: updates=43456 menu=Main selection=0 row=0(ROW_HOST) inactivity=41271 slide=0 nativeSlideRaw=0 nativeSlideScaled=0
[efz_netplay_mod][pid=8796] StateExport: heartbeat seq=100800 activity=1 menu=1 screen=0 mode=1 phase=0 role=0 side=0 p1Wins=0 p2Wins=0 ping=-1 delay=-1 local='Aquatic' p1='' p2='' revival='1.02h' caps=0xB7 sessionId=1 setId=0 endReason=0
[efz_netplay_mod][pid=8796] NetplayFrame: updates=43584 menu=Main selection=0 row=0(ROW_HOST) inactivity=41399 slide=0 nativeSlideRaw=0 nativeSlideScaled=0
[efz_netplay_mod][pid=8796] HookedTitleUpdateImpl: calls=44400 netplayActive=1
[efz_netplay_mod][pid=8796] NetplayFrame: updates=43712 menu=Main selection=0 row=0(ROW_HOST) inactivity=41527 slide=0 nativeSlideRaw=0 nativeSlideScaled=0
[efz_netplay_mod][pid=8796] StateExport: heartbeat seq=101400 activity=1 menu=1 screen=0 mode=1 phase=0 role=0 side=0 p1Wins=0 p2Wins=0 ping=-1 delay=-1 local='Aquatic' p1='' p2='' revival='1.02h' caps=0xB7 sessionId=1 setId=0 endReason=0
[efz_netplay_mod][pid=8796] NetplayFrame: updates=43840 menu=Main selection=0 row=0(ROW_HOST) inactivity=41655 slide=0 nativeSlideRaw=0 nativeSlideScaled=0
[efz_netplay_mod][pid=8796] NetplayFrame: updates=43967 menu=Main selection=0 row=0(ROW_HOST) inactivity=41782 slide=0 nativeSlideRaw=0 nativeSlideScaled=0
[efz_netplay_mod][pid=8796] HookedTitleUpdateImpl: calls=44700 netplayActive=1
[efz_netplay_mod][pid=8796] StateExport: heartbeat seq=102000 activity=1 menu=1 screen=0 mode=1 phase=0 role=0 side=0 p1Wins=0 p2Wins=0 ping=-1 delay=-1 local='Aquatic' p1='' p2='' revival='1.02h' caps=0xB7 sessionId=1 setId=0 endReason=0
[efz_netplay_mod][pid=8796] NetplayFrame: updates=44095 menu=Main selection=0 row=0(ROW_HOST) inactivity=41910 slide=0 nativeSlideRaw=0 nativeSlideScaled=0
[efz_netplay_mod][pid=8796] NetplayFrame: updates=44223 menu=Main selection=0 row=0(ROW_HOST) inactivity=42038 slide=0 nativeSlideRaw=0 nativeSlideScaled=0
[efz_netplay_mod][pid=8796] HookedTitleUpdateImpl: calls=45000 netplayActive=1
[efz_netplay_mod][pid=8796] NetplayFrame: updates=44351 menu=Main selection=0 row=0(ROW_HOST) inactivity=42166 slide=0 nativeSlideRaw=0 nativeSlideScaled=0
[efz_netplay_mod][pid=8796] StateExport: heartbeat seq=102600 activity=1 menu=1 screen=0 mode=1 phase=0 role=0 side=0 p1Wins=0 p2Wins=0 ping=-1 delay=-1 local='Aquatic' p1='' p2='' revival='1.02h' caps=0xB7 sessionId=1 setId=0 endReason=0
[efz_netplay_mod][pid=8796] NetplayFrame: updates=44479 menu=Main selection=0 row=0(ROW_HOST) inactivity=42294 slide=0 nativeSlideRaw=0 nativeSlideScaled=0
[efz_netplay_mod][pid=8796] HookedTitleUpdateImpl: calls=45300 netplayActive=1
[efz_netplay_mod][pid=8796] NetplayFrame: updates=44606 menu=Main selection=0 row=0(ROW_HOST) inactivity=42421 slide=0 nativeSlideRaw=0 nativeSlideScaled=0
[efz_netplay_mod][pid=8796] StateExport: heartbeat seq=103200 activity=1 menu=1 screen=0 mode=1 phase=0 role=0 side=0 p1Wins=0 p2Wins=0 ping=-1 delay=-1 local='Aquatic' p1='' p2='' revival='1.02h' caps=0xB7 sessionId=1 setId=0 endReason=0
[efz_netplay_mod][pid=8796] NetplayFrame: updates=44734 menu=Main selection=0 row=0(ROW_HOST) inactivity=42549 slide=0 nativeSlideRaw=0 nativeSlideScaled=0
[efz_netplay_mod][pid=8796] NetplayFrame: updates=44862 menu=Main selection=0 row=0(ROW_HOST) inactivity=42677 slide=0 nativeSlideRaw=0 nativeSlideScaled=0
[efz_netplay_mod][pid=8796] HookedTitleUpdateImpl: calls=45600 netplayActive=1
[efz_netplay_mod][pid=8796] StateExport: heartbeat seq=103800 activity=1 menu=1 screen=0 mode=1 phase=0 role=0 side=0 p1Wins=0 p2Wins=0 ping=-1 delay=-1 local='Aquatic' p1='' p2='' revival='1.02h' caps=0xB7 sessionId=1 setId=0 endReason=0
[efz_netplay_mod][pid=8796] NetplayFrame: updates=44990 menu=Main selection=0 row=0(ROW_HOST) inactivity=42805 slide=0 nativeSlideRaw=0 nativeSlideScaled=0
[efz_netplay_mod][pid=8796] NetplayFrame: updates=45118 menu=Main selection=0 row=0(ROW_HOST) inactivity=42933 slide=0 nativeSlideRaw=0 nativeSlideScaled=0
[efz_netplay_mod][pid=8796] HookedTitleUpdateImpl: calls=45900 netplayActive=1
[efz_netplay_mod][pid=8796] NetplayFrame: updates=45246 menu=Main selection=0 row=0(ROW_HOST) inactivity=43061 slide=0 nativeSlideRaw=0 nativeSlideScaled=0
[efz_netplay_mod][pid=8796] StateExport: heartbeat seq=104400 activity=1 menu=1 screen=0 mode=1 phase=0 role=0 side=0 p1Wins=0 p2Wins=0 ping=-1 delay=-1 local='Aquatic' p1='' p2='' revival='1.02h' caps=0xB7 sessionId=1 setId=0 endReason=0
[efz_netplay_mod][pid=8796] NetplayFrame: updates=45373 menu=Main selection=0 row=0(ROW_HOST) inactivity=43188 slide=0 nativeSlideRaw=0 nativeSlideScaled=0
[efz_netplay_mod][pid=8796] HookedTitleUpdateImpl: calls=46200 netplayActive=1
[efz_netplay_mod][pid=8796] NetplayFrame: updates=45501 menu=Main selection=0 row=0(ROW_HOST) inactivity=43316 slide=0 nativeSlideRaw=0 nativeSlideScaled=0
[efz_netplay_mod][pid=8796] StateExport: heartbeat seq=105000 activity=1 menu=1 screen=0 mode=1 phase=0 role=0 side=0 p1Wins=0 p2Wins=0 ping=-1 delay=-1 local='Aquatic' p1='' p2='' revival='1.02h' caps=0xB7 sessionId=1 setId=0 endReason=0
[efz_netplay_mod][pid=8796] NetplayFrame: updates=45629 menu=Main selection=0 row=0(ROW_HOST) inactivity=43444 slide=0 nativeSlideRaw=0 nativeSlideScaled=0
[efz_netplay_mod][pid=8796] NetplayFrame: updates=45757 menu=Main selection=0 row=0(ROW_HOST) inactivity=43572 slide=0 nativeSlideRaw=0 nativeSlideScaled=0
[efz_netplay_mod][pid=8796] HookedTitleUpdateImpl: calls=46500 netplayActive=1
[efz_netplay_mod][pid=8796] NetplayFrame: updates=45884 menu=Main selection=0 row=0(ROW_HOST) inactivity=43699 slide=0 nativeSlideRaw=0 nativeSlideScaled=0
[efz_netplay_mod][pid=8796] StateExport: heartbeat seq=105600 activity=1 menu=1 screen=0 mode=1 phase=0 role=0 side=0 p1Wins=0 p2Wins=0 ping=-1 delay=-1 local='Aquatic' p1='' p2='' revival='1.02h' caps=0xB7 sessionId=1 setId=0 endReason=0
[efz_netplay_mod][pid=8796] NetplayFrame: updates=46012 menu=Main selection=0 row=0(ROW_HOST) inactivity=43827 slide=0 nativeSlideRaw=0 nativeSlideScaled=0
[efz_netplay_mod][pid=8796] HookedTitleUpdateImpl: calls=46800 netplayActive=1
[efz_netplay_mod][pid=8796] NetplayFrame: updates=46140 menu=Main selection=0 row=0(ROW_HOST) inactivity=43955 slide=0 nativeSlideRaw=0 nativeSlideScaled=0
[efz_netplay_mod][pid=8796] StateExport: heartbeat seq=106200 activity=1 menu=1 screen=0 mode=1 phase=0 role=0 side=0 p1Wins=0 p2Wins=0 ping=-1 delay=-1 local='Aquatic' p1='' p2='' revival='1.02h' caps=0xB7 sessionId=1 setId=0 endReason=0
[efz_netplay_mod][pid=8796] NetplayFrame: updates=46268 menu=Main selection=0 row=0(ROW_HOST) inactivity=44083 slide=0 nativeSlideRaw=0 nativeSlideScaled=0
[efz_netplay_mod][pid=8796] NetplayFrame: updates=46396 menu=Main selection=0 row=0(ROW_HOST) inactivity=44211 slide=0 nativeSlideRaw=0 nativeSlideScaled=0
[efz_netplay_mod][pid=8796] HookedTitleUpdateImpl: calls=47100 netplayActive=1
[efz_netplay_mod][pid=8796] StateExport: heartbeat seq=106800 activity=1 menu=1 screen=0 mode=1 phase=0 role=0 side=0 p1Wins=0 p2Wins=0 ping=-1 delay=-1 local='Aquatic' p1='' p2='' revival='1.02h' caps=0xB7 sessionId=1 setId=0 endReason=0
[efz_netplay_mod][pid=8796] NetplayFrame: updates=46523 menu=Main selection=0 row=0(ROW_HOST) inactivity=44338 slide=0 nativeSlideRaw=0 nativeSlideScaled=0
[efz_netplay_mod][pid=8796] NetplayFrame: updates=46651 menu=Main selection=0 row=0(ROW_HOST) inactivity=44466 slide=0 nativeSlideRaw=0 nativeSlideScaled=0
[efz_netplay_mod][pid=8796] HookedTitleUpdateImpl: calls=47400 netplayActive=1
[efz_netplay_mod][pid=8796] NetplayFrame: updates=46779 menu=Main selection=0 row=0(ROW_HOST) inactivity=44594 slide=0 nativeSlideRaw=0 nativeSlideScaled=0
[efz_netplay_mod][pid=8796] StateExport: heartbeat seq=107400 activity=1 menu=1 screen=0 mode=1 phase=0 role=0 side=0 p1Wins=0 p2Wins=0 ping=-1 delay=-1 local='Aquatic' p1='' p2='' revival='1.02h' caps=0xB7 sessionId=1 setId=0 endReason=0
[efz_netplay_mod][pid=8796] NetplayFrame: updates=46907 menu=Main selection=0 row=0(ROW_HOST) inactivity=44722 slide=0 nativeSlideRaw=0 nativeSlideScaled=0
[efz_netplay_mod][pid=8796] CrashHandler: uninstalled
[efz_netplay_mod] logger shutting down
[efz_netplay_mod] logger initialized
[efz_netplay_mod][pid=20536] CrashHandler: installed (mode=host dir='D:\EFZ + Revival 1.02h\mods\efz_netplay_mod' vectored=00A22AD0)
[efz_netplay_mod][pid=20536] Module attached at 71630000
[efz_netplay_mod][pid=20536] DetectRevivalVersion: matched timestamp 0x62929371 → 1.02h
[efz_netplay_mod][pid=20536] Takeover: host revival base=0x6C730000
[efz_netplay_mod][pid=20536] Takeover: patched EfzRevival.dll null-guard at +0x21E0
[efz_netplay_mod][pid=20536] Takeover: local init(2,102) result=43776760
[efz_netplay_mod][pid=20536] PatchRevivalDllExitProcess: patched IAT entry orig=0x76BC6A20 stub=0x7164FA00
[efz_netplay_mod][pid=20536] InstallNetplayFrameHook: installed at DLL RVA 0x6EE10, trampoline at 7173BCF4
[efz_netplay_mod][pid=20536] InstallNetplayFrameHook: fixed up trampoline E8/E9 at +1: origDisp=0xFFFFF29A newDisp=0xFB062352 absTarget=6C79E090
[efz_netplay_mod][pid=20536] InstallNetplayFrameHook: per-frame tick hook installed at DLL RVA 0x6EDF0, trampoline at 7173BD38
[efz_netplay_mod][pid=20536] Takeover: host initialized
[efz_netplay_mod][pid=20536] SessionBridge: initialized (role=host, reason=startup)
[efz_netplay_mod][pid=20536] StateExport: initialized (shm=ok, view=03D70000)
[efz_netplay_mod][pid=20536] InstallHooks: module directory 'D:\EFZ + Revival 1.02h\mods\efz_netplay_mod'
[efz_netplay_mod][pid=20536] ResolveNetplayBackgroundPath: searching for netplay_bg.dat
[efz_netplay_mod][pid=20536] ResolveNetplayBackgroundPath: [DLL dir] probing 'D:\EFZ + Revival 1.02h\mods\efz_netplay_mod\assets\netplay_bg.dat'
[efz_netplay_mod][pid=20536] ResolveNetplayBackgroundPath: using 'D:\EFZ + Revival 1.02h\mods\efz_netplay_mod\assets\netplay_bg.dat'
[efz_netplay_mod][pid=20536] InstallHooks: netplay assets verified at 'D:\EFZ + Revival 1.02h\mods\efz_netplay_mod\assets\netplay_bg.dat'
[efz_netplay_mod][pid=20536] ValidateMenuSpecs: row-slot map valid
[efz_netplay_mod][pid=20536] Patched 'wrap compare 6->7' at 0x0077612E
[efz_netplay_mod][pid=20536] Patched 'wrap clamp 6->7' at 0x0077614B
[efz_netplay_mod][pid=20536] Patched 'switch compare 6->7' at 0x007761D5
[efz_netplay_mod][pid=20536] Patched 'panel dest height 98->112' at 0x00776578
[efz_netplay_mod][pid=20536] Patched 'panel src height 98->112' at 0x007765A3
[efz_netplay_mod][pid=20536] Patched 'panel dest top 130->123' at 0x007765A7
[efz_netplay_mod][pid=20536] Patched 'highlight src base 98->112' at 0x0077664A
[efz_netplay_mod][pid=20536] Patched 'highlight screen base 130->123' at 0x00776696
[efz_netplay_mod][pid=20536] Patched 'switch dispatch table -> custom' at 0x007761E5
[efz_netplay_mod][pid=20536] Patched 'title vtable render -> hook' at 0x00789980
[efz_netplay_mod][pid=20536] Patched 'title vtable update -> hook' at 0x00789984
[efz_netplay_mod][pid=20536] InstallHooks: success (title update=0x00775FB0 netplayAssets=1)
[efz_netplay_mod][pid=20536] InstallHooks succeeded
[efz_netplay_mod][pid=20536] SCREEN_MONITOR: index 255 -> 0 tick=1 mode=0/2 screenObj=0x11EE6888 charselect(init=1 exit=0 obj=0x11EE6CE0)
[efz_netplay_mod][pid=20536] TICK_HOOK: *** ECX MISMATCH *** frameTick=1 exeECX=0x11EE6888 dllSession=0x04BFB800 — overriding ECX with current session
[efz_netplay_mod][pid=20536] TICK_HOOK: current session vtable=0x6C7C0544 (RVA=0x90544)
[efz_netplay_mod][pid=20536] DIAG[tick_ecx_mismatch]: dllExitPatchesSaved=0 tournamentPatchesSaved=0 renderContextSaved=0 savedRenderCtx=0x00000000
[efz_netplay_mod][pid=20536] DIAG[tick_ecx_mismatch]: dllBase=0x6C730000 roleFlag=2 sessionPtr=0x04BFB800 renderCtx=0x725C6BC8 globalState=0x11A60048
[efz_netplay_mod][pid=20536] DIAG[tick_ecx_mismatch]: session vtable=0x6C7C0544 initComplete=146014280 activePlayer=0
[efz_netplay_mod][pid=20536] DIAG[tick_ecx_mismatch]: exitPatch[0] RVA=0x79BFD byte=0x74 expected=0x74
[efz_netplay_mod][pid=20536] DIAG[tick_ecx_mismatch]: exitPatch[1] RVA=0x72CAF byte=0x74 expected=0x74
[efz_netplay_mod][pid=20536] DIAG[tick_ecx_mismatch]: nearJccPatch[0] RVA=0x72B25 bytes=0F 85
[efz_netplay_mod][pid=20536] DIAG[tick_ecx_mismatch]: nearJccPatch[1] RVA=0x72B2E bytes=0F 85
[efz_netplay_mod][pid=20536] DIAG[tick_ecx_mismatch]: nearJccPatch[2] RVA=0x72EAB bytes=0F 84
[efz_netplay_mod][pid=20536] DIAG[tick_ecx_mismatch]: nearJccPatch[3] RVA=0x72EBE bytes=0F 84
[efz_netplay_mod][pid=20536] DIAG[tick_ecx_mismatch]: nearJccPatch[4] RVA=0x74CA1 bytes=0F 84
[efz_netplay_mod][pid=20536] DIAG[tick_ecx_mismatch]: nearJccPatch[5] RVA=0x74CB4 bytes=0F 84
[efz_netplay_mod][pid=20536] DIAG[tick_ecx_mismatch]: nearJccPatch[6] RVA=0x74CC1 bytes=0F 84
[efz_netplay_mod][pid=20536] DIAG[tick_ecx_mismatch]: localRoleFlag=2 localInitApplied=0 exitIntercepted=0 exitMode=-1 frameHookInstalled=1 frameRecoveryPending=0 forceLocalPlayInitCount=0
[efz_netplay_mod][pid=20536] DIAG[tick_ecx_mismatch]: revivalProcess=0x00000000 revivalPid=0 lastValidatedSession=0x04BFB800 lastSessionPtrOffset=0xA02EC
[efz_netplay_mod][pid=20536] TICK_HOOK: heartbeat frameTick=1 session=0x04BFB800 exeECX=0x11EE6888 match=0
[efz_netplay_mod][pid=20536] StateExport: heartbeat seq=1 activity=0 menu=0 screen=0 mode=0 phase=0 role=0 side=-1 p1Wins=0 p2Wins=0 ping=-1 delay=-1 local='' p1='' p2='' revival='1.02h' caps=0x21 sessionId=0 setId=0 endReason=0
[efz_netplay_mod][pid=20536] NetplayCaseImpl: invoked
[efz_netplay_mod][pid=20536] TriggerNetplayMenuEntry: titleSelection=5 screenContext=0x11EE6888
[efz_netplay_mod][pid=20536] PlayUiSound: sfx=6 gameSystem=0x11A60048
[efz_netplay_mod][pid=20536] EnterNetplayMenu: request active=0 skipFadeOut=0
[efz_netplay_mod][pid=20536] RunTransitionFadeOut: begin palette=300837046 baseVolume=0 volumeAdjustment=0
[efz_netplay_mod][pid=20536] RunTransitionFadeOut: complete result=1
[efz_netplay_mod][pid=20536] LoadNetplayAssets: begin (screenContext=0x11EE6888)
[efz_netplay_mod][pid=20536] ResolveNetplayBackgroundPath: searching for netplay_bg.dat
[efz_netplay_mod][pid=20536] ResolveNetplayBackgroundPath: [DLL dir] probing 'D:\EFZ + Revival 1.02h\mods\efz_netplay_mod\assets\netplay_bg.dat'
[efz_netplay_mod][pid=20536] ResolveNetplayBackgroundPath: using 'D:\EFZ + Revival 1.02h\mods\efz_netplay_mod\assets\netplay_bg.dat'
[efz_netplay_mod][pid=20536] ResolveNetplayObjectsPath: searching for netplay objects
[efz_netplay_mod][pid=20536] ResolveNetplayObjectsPath: [DLL dir] probing 'D:\EFZ + Revival 1.02h\mods\efz_netplay_mod\assets\netplay_ob.dat'
[efz_netplay_mod][pid=20536] ResolveNetplayObjectsPath: using 'D:\EFZ + Revival 1.02h\mods\efz_netplay_mod\assets\netplay_ob.dat'
[efz_netplay_mod][pid=20536] ParseEfzDatImage: parsed 'D:\EFZ + Revival 1.02h\mods\efz_netplay_mod\assets\netplay_ob.dat' size=154370 firstByte=255 headerOffset=766 width=320 height=480 transparentSrc=20 hasTransparent=1 method=near_magenta exact=0 near=1
[efz_netplay_mod][pid=20536] LoadNetplayAssets: derived source transparent index=20 from netplay_ob.dat
[efz_netplay_mod][pid=20536] LoadNetplayAssets: derived netplay_ob layout srcY[261..387] dstY[95..221] rowH=14 width=320
[efz_netplay_mod][pid=20536] LoadNetplayAssets: forcing transparent color=213 (src=20 + offset=193)
[efz_netplay_mod][pid=20536] LoadNetplayAssets: done bg='D:\EFZ + Revival 1.02h\mods\efz_netplay_mod\assets\netplay_bg.dat' obj='D:\EFZ + Revival 1.02h\mods\efz_netplay_mod\assets\netplay_ob.dat' (palette bg=1 obj=1 transparent=213)
[efz_netplay_mod][pid=20536] LoadNetplayAssets: object profile colorOffset=193 paletteStart=193 paletteCount=48 configStyle=1 optionCount=5 backIndex=4
[efz_netplay_mod][pid=20536] LoadNetplaySpriteFont: no sprite font map found (runtime text disabled)
[efz_netplay_mod][pid=20536] LoadNetplayAssets: sprite font unavailable, using object-sheet-only rendering
[efz_netplay_mod][pid=20536] LoadNetplayMenuSettingsFromIni: loaded Network.Name='Aquatic'
[efz_netplay_mod][pid=20536] LoadNetplayMenuSettingsFromIni: loaded Network.Port=10800
[efz_netplay_mod][pid=20536] ResetTitleMenuState: selection=0 menuState=0 initState=0 exitState=0
[efz_netplay_mod][pid=20536] NetplayMenuSwitch: menu=Main selection=0 count=5 row=0(ROW_HOST) entry=HOST
[efz_netplay_mod][pid=20536] InstallNetplayWindowHook: hwnd=0x000E05A6 originalProc=0x7252C600
[efz_netplay_mod][pid=20536] RunTransitionFadeIn: begin palette=300837046
[efz_netplay_mod][pid=20536] RunTransitionFadeIn: complete result=1
[efz_netplay_mod][pid=20536] EnterNetplayMenu: active menu=Main selection=0 bgmTrack=8 configStyle=1 optionCount=5 backIndex=4 skipFadeOut=0
[efz_netplay_mod][pid=20536] HookedTitleUpdateImpl: title confirm edge selection=0
[efz_netplay_mod][pid=20536] Takeover: host revival base=0x6C730000
[efz_netplay_mod][pid=20536] StateExport: flow menu=0->1 charsel=0->0 match=0->0 screen=0 mode=0 phase=0 role=0 p1Wins=0 p2Wins=0
[efz_netplay_mod][pid=20536] StateExport: activity 0->1 screen=0 mode=0 phase=0 role=0 side=-1 p1='' p2='' caps=0xB1 sessionId=0 setId=0 seq=546
[efz_netplay_mod][pid=20536] NetplayInput: P1(h=0 v=0 c=0 b=0) P2(h=0 v=0 c=0 b=0)
[efz_netplay_mod][pid=20536] NetplayFrame: updates=1 menu=Main selection=0 row=0(ROW_HOST) inactivity=0 slide=0 nativeSlideRaw=0 nativeSlideScaled=0
[efz_netplay_mod][pid=20536] HookedTitleUpdateImpl: calls=300 netplayActive=1
[efz_netplay_mod][pid=20536] StateExport: heartbeat seq=600 activity=1 menu=1 screen=0 mode=0 phase=0 role=0 side=-1 p1Wins=0 p2Wins=0 ping=-1 delay=-1 local='' p1='' p2='' revival='1.02h' caps=0xB1 sessionId=0 setId=0 endReason=0
[efz_netplay_mod][pid=20536] NetplayInput: P1(h=0 v=0 c=1 b=0) P2(h=0 v=0 c=0 b=0)
[efz_netplay_mod][pid=20536] PlayUiSound: sfx=6 gameSystem=0x11A60048
[efz_netplay_mod][pid=20536] NetplayConfirm: player=0 menu=Main selection=0 row=0(ROW_HOST) label=HOST action=OpenHost
[efz_netplay_mod][pid=20536] NetplayAction: menu=Main selection=0 row=0(ROW_HOST) action=OpenHost
[efz_netplay_mod][pid=20536] NetplaySlide(native): start from=Main(0) to=Host(0) dir=1
[efz_netplay_mod][pid=20536] NetplayMenuSwitch: menu=Host selection=0 count=3 row=0(ROW_HOST) entry=HOST_START
[efz_netplay_mod][pid=20536] NetplaySlide(native): complete menu=Host selection=0
[efz_netplay_mod][pid=20536] AcquireMenuDrawSurfaceLock: locked backbuffer surface (surface=0x0D0CE770 size=640x480 pitch=640)
[efz_netplay_mod][pid=20536] AcquireMenuDrawSurfaceLock: backbuffer surface details size=640x480 pitch=640 (lockW=0 lockH=480)
[efz_netplay_mod][pid=20536] OverlayTextPalette: selected=224 rgb=(255,255,255) normal=217 rgb=(160,160,160) transparent=213
[efz_netplay_mod][pid=20536] NetplayInput: P1(h=0 v=0 c=0 b=0) P2(h=0 v=0 c=0 b=0)
[efz_netplay_mod][pid=20536] NetplayInput: P1(h=0 v=0 c=1 b=0) P2(h=0 v=0 c=0 b=0)
[efz_netplay_mod][pid=20536] PlayUiSound: sfx=6 gameSystem=0x11A60048
[efz_netplay_mod][pid=20536] NetplayConfirm: player=0 menu=Host selection=0 row=0(ROW_HOST) label=HOST_START action=HostStart
[efz_netplay_mod][pid=20536] NetplayAction: menu=Host selection=0 row=0(ROW_HOST) action=HostStart
[efz_netplay_mod][pid=20536] SessionBridge: StartSession role=0 port=10800 address='' nickname='Aquatic'
[efz_netplay_mod][pid=20536] HostingOverlay: activated port=10800, starting IP fetch
[efz_netplay_mod][pid=20536] Takeover: StartSession role=0 port=10800 address='' nickname='Aquatic'
[efz_netplay_mod][pid=20536] DIAG[StartSession_entry]: dllExitPatchesSaved=0 tournamentPatchesSaved=0 renderContextSaved=0 savedRenderCtx=0x00000000
[efz_netplay_mod][pid=20536] StateExport: new session sessionId=1
[efz_netplay_mod][pid=20536] StateExport: nicknames local=''->'Aquatic' p1=''->'' p2=''->'' seq=628
[efz_netplay_mod][pid=20536] DIAG[StartSession_entry]: dllBase=0x6C730000 roleFlag=2 sessionPtr=0x04BFB800 renderCtx=0x725C6BC8 globalState=0x11A60048
[efz_netplay_mod][pid=20536] DIAG[StartSession_entry]: session vtable=0x6C7C0544 initComplete=146014280 activePlayer=0
[efz_netplay_mod][pid=20536] DIAG[StartSession_entry]: exitPatch[0] RVA=0x79BFD byte=0x74 expected=0x74
[efz_netplay_mod][pid=20536] DIAG[StartSession_entry]: exitPatch[1] RVA=0x72CAF byte=0x74 expected=0x74
[efz_netplay_mod][pid=20536] DIAG[StartSession_entry]: nearJccPatch[0] RVA=0x72B25 bytes=0F 85
[efz_netplay_mod][pid=20536] DIAG[StartSession_entry]: nearJccPatch[1] RVA=0x72B2E bytes=0F 85
[efz_netplay_mod][pid=20536] DIAG[StartSession_entry]: nearJccPatch[2] RVA=0x72EAB bytes=0F 84
[efz_netplay_mod][pid=20536] DIAG[StartSession_entry]: nearJccPatch[3] RVA=0x72EBE bytes=0F 84
[efz_netplay_mod][pid=20536] DIAG[StartSession_entry]: nearJccPatch[4] RVA=0x74CA1 bytes=0F 84
[efz_netplay_mod][pid=20536] DIAG[StartSession_entry]: nearJccPatch[5] RVA=0x74CB4 bytes=0F 84
[efz_netplay_mod][pid=20536] DIAG[StartSession_entry]: nearJccPatch[6] RVA=0x74CC1 bytes=0F 84
[efz_netplay_mod][pid=20536] DIAG[StartSession_entry]: localRoleFlag=2 localInitApplied=0 exitIntercepted=0 exitMode=-1 frameHookInstalled=1 frameRecoveryPending=0 forceLocalPlayInitCount=0
[efz_netplay_mod][pid=20536] DIAG[StartSession_entry]: revivalProcess=0x00000000 revivalPid=0 lastValidatedSession=0x04BFB800 lastSessionPtrOffset=0xA02EC
[efz_netplay_mod][pid=20536] Takeover: host revival base=0x6C730000
[efz_netplay_mod][pid=20536] SaveRenderContext: saved EfzRender* 0x725C6BC8 from offset 0xA0798 initOnceGuard=0x00000101 (H2: guard SET — init() will NOT refresh renderCtx)
[efz_netplay_mod][pid=20536] Takeover: phase Idle -> Connecting reason=''
[efz_netplay_mod][pid=20536] Takeover: WriteIni path='D:\EFZ + Revival 1.02h\EfzRevival.ini' existed=1 role=0 port=10800 nickname='Aquatic' address='' result=1 (updated keys: Network.Name, Network.Port)
[efz_netplay_mod][pid=20536] Takeover: spawned EfzRevival suspended pid=4260
[efz_netplay_mod][pid=20536] Takeover: created kill-on-close job object handle=00000C50
[efz_netplay_mod][pid=20536] Takeover: assigned pid=4260 to kill-on-close job
[efz_netplay_mod][pid=20536] TICK_HOOK: *** ECX MISMATCH *** frameTick=1 exeECX=0x11EE6888 dllSession=0x04BFB800 — overriding ECX with current session
[efz_netplay_mod][pid=20536] TICK_HOOK: current session vtable=0x6C7C0544 (RVA=0x90544)
[efz_netplay_mod][pid=20536] DIAG[tick_ecx_mismatch]: dllExitPatchesSaved=0 tournamentPatchesSaved=0 renderContextSaved=1 savedRenderCtx=0x725C6BC8
[efz_netplay_mod][pid=20536] DIAG[tick_ecx_mismatch]: dllBase=0x6C730000 roleFlag=2 sessionPtr=0x04BFB800 renderCtx=0x725C6BC8 globalState=0x11A60048
[efz_netplay_mod][pid=20536] DIAG[tick_ecx_mismatch]: session vtable=0x6C7C0544 initComplete=146014280 activePlayer=0
[efz_netplay_mod][pid=20536] DIAG[tick_ecx_mismatch]: exitPatch[0] RVA=0x79BFD byte=0x74 expected=0x74
[efz_netplay_mod][pid=20536] DIAG[tick_ecx_mismatch]: exitPatch[1] RVA=0x72CAF byte=0x74 expected=0x74
[efz_netplay_mod][pid=20536] DIAG[tick_ecx_mismatch]: nearJccPatch[0] RVA=0x72B25 bytes=0F 85
[efz_netplay_mod][pid=20536] DIAG[tick_ecx_mismatch]: nearJccPatch[1] RVA=0x72B2E bytes=0F 85
[efz_netplay_mod][pid=20536] DIAG[tick_ecx_mismatch]: nearJccPatch[2] RVA=0x72EAB bytes=0F 84
[efz_netplay_mod][pid=20536] DIAG[tick_ecx_mismatch]: nearJccPatch[3] RVA=0x72EBE bytes=0F 84
[efz_netplay_mod][pid=20536] DIAG[tick_ecx_mismatch]: nearJccPatch[4] RVA=0x74CA1 bytes=0F 84
[efz_netplay_mod][pid=20536] DIAG[tick_ecx_mismatch]: nearJccPatch[5] RVA=0x74CB4 bytes=0F 84
[efz_netplay_mod][pid=20536] DIAG[tick_ecx_mismatch]: nearJccPatch[6] RVA=0x74CC1 bytes=0F 84
[efz_netplay_mod][pid=20536] DIAG[tick_ecx_mismatch]: localRoleFlag=2 localInitApplied=0 exitIntercepted=0 exitMode=-1 frameHookInstalled=1 frameRecoveryPending=0 forceLocalPlayInitCount=0
[efz_netplay_mod][pid=20536] DIAG[tick_ecx_mismatch]: revivalProcess=0x00000000 revivalPid=0 lastValidatedSession=0x00000000 lastSessionPtrOffset=0x0
[efz_netplay_mod][pid=20536] TICK_HOOK: heartbeat frameTick=1 session=0x04BFB800 exeECX=0x11EE6888 match=0
[efz_netplay_mod][pid=20536] NetplayInput: P1(h=0 v=0 c=0 b=0) P2(h=0 v=0 c=0 b=0)
[efz_netplay_mod] logger initialized
[efz_netplay_mod][pid=4260] CrashHandler: installed (mode=injected_takeover dir='D:\EFZ + Revival 1.02h\mods\efz_netplay_mod' vectored=01338DE8)
[efz_netplay_mod][pid=4260] Module attached in EfzRevival.exe (injected takeover mode)
[efz_netplay_mod][pid=4260] DetectRevivalVersion: EfzRevival.dll not loaded — keeping default profile 1.02e
[efz_netplay_mod][pid=20536] Takeover: injected self module base=0x71630000
[efz_netplay_mod][pid=4260] Takeover: injected initialized ready=1 block=0x01000000 init=0x0000016C console=0x00000170 initAddr=0x00000000 hostRevivalBase=0x6C730000
[efz_netplay_mod][pid=20536] Takeover: PatchIat target module='efzrevival.exe' base=0x00860000
[efz_netplay_mod][pid=20536] Takeover: module 'efzrevival.exe' patched import ReadConsoleW old=0x76BC3BB0 new=0x71650C10
[efz_netplay_mod][pid=20536] Takeover: module 'efzrevival.exe' patched import WriteConsoleOutputCharacterW old=0x76BC3E60 new=0x71651270
[efz_netplay_mod][pid=20536] Takeover: module 'efzrevival.exe' patched import ReadConsoleA old=0x76BC3B80 new=0x71650AD0
[efz_netplay_mod][pid=20536] Takeover: module 'efzrevival.exe' patched import TerminateProcess old=0x76BB9910 new=0x71650EB0
[efz_netplay_mod][pid=20536] Takeover: module 'efzrevival.exe' patched import CreateProcessA old=0x76BD5150 new=0x71650980
[efz_netplay_mod][pid=20536] Takeover: module 'efzrevival.exe' patched import OutputDebugStringW old=0x76BD64F0 new=0x71650AB0
[efz_netplay_mod][pid=20536] Takeover: module 'efzrevival.exe' patched import count=16
[efz_netplay_mod][pid=20536] Takeover: PatchIat target module='msvcp_win.dll' base=0x75830000
[efz_netplay_mod][pid=20536] Takeover: module 'msvcp_win.dll' patched import TerminateProcess old=0x76BB9910 new=0x71650EB0
[efz_netplay_mod][pid=20536] Takeover: module 'msvcp_win.dll' patched import count=2
[efz_netplay_mod][pid=20536] Takeover: PatchIat target module='ucrtbase.dll' base=0x76250000
[efz_netplay_mod][pid=20536] Takeover: module 'ucrtbase.dll' patched import TerminateProcess old=0x76BB9910 new=0x71650EB0
[efz_netplay_mod][pid=20536] Takeover: module 'ucrtbase.dll' patched import OutputDebugStringW old=0x770168E0 new=0x71650AB0
[efz_netplay_mod][pid=20536] Takeover: module 'ucrtbase.dll' patched import ReadConsoleW old=0x7700F6C0 new=0x71650C10
[efz_netplay_mod][pid=20536] Takeover: module 'ucrtbase.dll' patched import count=7
[efz_netplay_mod][pid=20536] Takeover: PatchIat target module='msvcrt.dll' base=0x75630000
[efz_netplay_mod][pid=20536] Takeover: module 'msvcrt.dll' patched import ReadConsoleW old=0x7700F6C0 new=0x71650C10
[efz_netplay_mod][pid=20536] Takeover: module 'msvcrt.dll' patched import CreateProcessA old=0x76BD5150 new=0x71650980
[efz_netplay_mod][pid=20536] Takeover: module 'msvcrt.dll' patched import TerminateProcess old=0x76BB9910 new=0x71650EB0
[efz_netplay_mod][pid=20536] Takeover: module 'msvcrt.dll' patched import count=8
[efz_netplay_mod][pid=20536] Takeover: patched import total count=33 modules=4
[efz_netplay_mod][pid=20536] Takeover: resumed main thread result=1
[efz_netplay_mod][pid=20536] Takeover: signaled console script menu=1 primaryLen=3 auxLen=2 auxSerial=1
[efz_netplay_mod][pid=20536] Takeover: phase Connecting -> Connecting reason='awaiting handshake'
[efz_netplay_mod][pid=20536] Takeover: start session armed (asynchronous handshake via Tick)
[efz_netplay_mod][pid=20536] Takeover: connecting diag session=0x04BFB800 sessionOff=0xA02EC roleFlag=2 ping=0 delay=-1 sync(mode=0 flag1084=0 session=0 flags=0/2 ready=0) src(exe=1 dll=1 roleDll=1 sessDll=1) hits(rc=0 auto=0 cp=0 wpm=0 crt=0)
[efz_netplay_mod][pid=20536] Takeover: runtime-ready probe ready=0 source=none localInit=0 prompt=0 input=0 session=0 bind(pid=0 handle=0) syncReady=0 role=2
[efz_netplay_mod][pid=4260] nb_stub_ReadConsoleA: served input serial=1 source=injected value='1
'
[efz_netplay_mod][pid=4260] nb_stub_ReadConsoleA: auto input serial=1 source=injected reason=aux_line read=128 value='
' count=1
[efz_netplay_mod][pid=20536] HostingOverlay: public IPv4 = 91.214.211.2
[efz_netplay_mod][pid=20536] Takeover: late PatchIat retry result=1 attempts=1 success=1 elapsed=500ms
[efz_netplay_mod][pid=20536] NetplayFrame: updates=94 menu=Host selection=0 row=0(ROW_HOST) inactivity=61 slide=0 nativeSlideRaw=0 nativeSlideScaled=0
[efz_netplay_mod][pid=20536] Takeover: connecting diag session=0x04BFB800 sessionOff=0xA02EC roleFlag=2 ping=0 delay=-1 sync(mode=0 flag1084=0 session=0 flags=0/2 ready=0) src(exe=1 dll=1 roleDll=1 sessDll=1) hits(rc=2 auto=1 cp=0 wpm=0 crt=0)
[efz_netplay_mod][pid=20536] NetplayFrame: updates=221 menu=Host selection=0 row=0(ROW_HOST) inactivity=188 slide=0 nativeSlideRaw=0 nativeSlideScaled=0
[efz_netplay_mod][pid=20536] Takeover: runtime-ready probe ready=0 source=none localInit=0 prompt=0 input=0 session=0 bind(pid=0 handle=0) syncReady=0 role=2
[efz_netplay_mod][pid=20536] Takeover: late PatchIat retry result=1 attempts=7 success=7 elapsed=3500ms
[efz_netplay_mod][pid=20536] Takeover: connecting diag session=0x04BFB800 sessionOff=0xA02EC roleFlag=2 ping=0 delay=-1 sync(mode=0 flag1084=0 session=0 flags=0/2 ready=0) src(exe=1 dll=1 roleDll=1 sessDll=1) hits(rc=2 auto=1 cp=0 wpm=0 crt=0)
[efz_netplay_mod][pid=20536] HookedTitleUpdateImpl: calls=600 netplayActive=1
[efz_netplay_mod][pid=20536] StateExport: heartbeat seq=1200 activity=1 menu=1 screen=0 mode=1 phase=1 role=0 side=-1 p1Wins=0 p2Wins=0 ping=-1 delay=-1 local='Aquatic' p1='' p2='' revival='1.02h' caps=0xB5 sessionId=1 setId=0 endReason=0
[efz_netplay_mod][pid=20536] NetplayFrame: updates=349 menu=Host selection=0 row=0(ROW_HOST) inactivity=316 slide=0 nativeSlideRaw=0 nativeSlideScaled=0
[efz_netplay_mod][pid=20536] Takeover: connecting diag session=0x04BFB800 sessionOff=0xA02EC roleFlag=2 ping=0 delay=-1 sync(mode=0 flag1084=0 session=0 flags=0/2 ready=0) src(exe=1 dll=1 roleDll=1 sessDll=1) hits(rc=2 auto=1 cp=0 wpm=0 crt=0)
[efz_netplay_mod][pid=20536] Takeover: runtime-ready probe ready=0 source=none localInit=0 prompt=0 input=0 session=0 bind(pid=0 handle=0) syncReady=0 role=2
[efz_netplay_mod][pid=20536] Takeover: late PatchIat retry result=1 attempts=13 success=13 elapsed=6500ms
[efz_netplay_mod][pid=20536] NetplayFrame: updates=477 menu=Host selection=0 row=0(ROW_HOST) inactivity=444 slide=0 nativeSlideRaw=0 nativeSlideScaled=0
[efz_netplay_mod][pid=20536] Takeover: connecting diag session=0x04BFB800 sessionOff=0xA02EC roleFlag=2 ping=0 delay=-1 sync(mode=0 flag1084=0 session=0 flags=0/2 ready=0) src(exe=1 dll=1 roleDll=1 sessDll=1) hits(rc=2 auto=1 cp=0 wpm=0 crt=0)
[efz_netplay_mod][pid=20536] NetplayFrame: updates=605 menu=Host selection=0 row=0(ROW_HOST) inactivity=572 slide=0 nativeSlideRaw=0 nativeSlideScaled=0
[efz_netplay_mod][pid=20536] Takeover: runtime-ready probe ready=0 source=none localInit=0 prompt=0 input=0 session=0 bind(pid=0 handle=0) syncReady=0 role=2
[efz_netplay_mod][pid=20536] HookedTitleUpdateImpl: calls=900 netplayActive=1
[efz_netplay_mod][pid=20536] StateExport: heartbeat seq=1800 activity=1 menu=1 screen=0 mode=1 phase=1 role=0 side=-1 p1Wins=0 p2Wins=0 ping=-1 delay=-1 local='Aquatic' p1='' p2='' revival='1.02h' caps=0xB5 sessionId=1 setId=0 endReason=0
[efz_netplay_mod][pid=20536] TICK_HOOK: heartbeat frameTick=600 session=0x04BFB800 exeECX=0x11EE6888 match=0
[efz_netplay_mod][pid=20536] Takeover: late PatchIat retry result=1 attempts=19 success=19 elapsed=9500ms
[efz_netplay_mod][pid=20536] Takeover: connecting diag session=0x04BFB800 sessionOff=0xA02EC roleFlag=2 ping=0 delay=-1 sync(mode=0 flag1084=0 session=0 flags=0/2 ready=0) src(exe=1 dll=1 roleDll=1 sessDll=1) hits(rc=2 auto=1 cp=0 wpm=0 crt=0)
[efz_netplay_mod][pid=20536] NetplayFrame: updates=733 menu=Host selection=0 row=0(ROW_HOST) inactivity=700 slide=0 nativeSlideRaw=0 nativeSlideScaled=0
[efz_netplay_mod][pid=20536] Takeover: connecting diag session=0x04BFB800 sessionOff=0xA02EC roleFlag=2 ping=0 delay=-1 sync(mode=0 flag1084=0 session=0 flags=0/2 ready=0) src(exe=1 dll=1 roleDll=1 sessDll=1) hits(rc=2 auto=1 cp=0 wpm=0 crt=0)
[efz_netplay_mod][pid=20536] Takeover: runtime-ready probe ready=0 source=none localInit=0 prompt=0 input=0 session=0 bind(pid=0 handle=0) syncReady=0 role=2
[efz_netplay_mod][pid=20536] Takeover: late PatchIat retry result=1 attempts=25 success=25 elapsed=12500ms
[efz_netplay_mod][pid=20536] NetplayFrame: updates=860 menu=Host selection=0 row=0(ROW_HOST) inactivity=827 slide=0 nativeSlideRaw=0 nativeSlideScaled=0
[efz_netplay_mod][pid=20536] HookedTitleUpdateImpl: calls=1200 netplayActive=1
[efz_netplay_mod][pid=20536] StateExport: heartbeat seq=2400 activity=1 menu=1 screen=0 mode=1 phase=1 role=0 side=-1 p1Wins=0 p2Wins=0 ping=-1 delay=-1 local='Aquatic' p1='' p2='' revival='1.02h' caps=0xB5 sessionId=1 setId=0 endReason=0
[efz_netplay_mod][pid=20536] Takeover: connecting diag session=0x04BFB800 sessionOff=0xA02EC roleFlag=2 ping=0 delay=-1 sync(mode=0 flag1084=0 session=0 flags=0/2 ready=0) src(exe=1 dll=1 roleDll=1 sessDll=1) hits(rc=2 auto=1 cp=0 wpm=0 crt=0)
[efz_netplay_mod][pid=20536] NetplayFrame: updates=988 menu=Host selection=0 row=0(ROW_HOST) inactivity=955 slide=0 nativeSlideRaw=0 nativeSlideScaled=0
[efz_netplay_mod][pid=20536] Takeover: runtime-ready probe ready=0 source=none localInit=0 prompt=0 input=0 session=0 bind(pid=0 handle=0) syncReady=0 role=2
[efz_netplay_mod][pid=20536] Takeover: late PatchIat retry result=1 attempts=31 success=31 elapsed=15500ms
[efz_netplay_mod][pid=20536] Takeover: connecting diag session=0x04BFB800 sessionOff=0xA02EC roleFlag=2 ping=0 delay=-1 sync(mode=0 flag1084=0 session=0 flags=0/2 ready=0) src(exe=1 dll=1 roleDll=1 sessDll=1) hits(rc=2 auto=1 cp=0 wpm=0 crt=0)
[efz_netplay_mod][pid=20536] NetplayFrame: updates=1116 menu=Host selection=0 row=0(ROW_HOST) inactivity=1083 slide=0 nativeSlideRaw=0 nativeSlideScaled=0
[efz_netplay_mod][pid=20536] Takeover: connecting diag session=0x04BFB800 sessionOff=0xA02EC roleFlag=2 ping=0 delay=-1 sync(mode=0 flag1084=0 session=0 flags=0/2 ready=0) src(exe=1 dll=1 roleDll=1 sessDll=1) hits(rc=2 auto=1 cp=0 wpm=0 crt=0)
[efz_netplay_mod][pid=20536] Takeover: runtime-ready probe ready=0 source=none localInit=0 prompt=0 input=0 session=0 bind(pid=0 handle=0) syncReady=0 role=2
[efz_netplay_mod][pid=20536] HookedTitleUpdateImpl: calls=1500 netplayActive=1
[efz_netplay_mod][pid=20536] Takeover: late PatchIat retry result=1 attempts=37 success=37 elapsed=18500ms
[efz_netplay_mod][pid=20536] StateExport: heartbeat seq=3000 activity=1 menu=1 screen=0 mode=1 phase=1 role=0 side=-1 p1Wins=0 p2Wins=0 ping=-1 delay=-1 local='Aquatic' p1='' p2='' revival='1.02h' caps=0xB5 sessionId=1 setId=0 endReason=0
[efz_netplay_mod][pid=20536] TICK_HOOK: heartbeat frameTick=1200 session=0x04BFB800 exeECX=0x11EE6888 match=0
[efz_netplay_mod][pid=20536] NetplayFrame: updates=1244 menu=Host selection=0 row=0(ROW_HOST) inactivity=1211 slide=0 nativeSlideRaw=0 nativeSlideScaled=0
[efz_netplay_mod][pid=20536] Takeover: connecting diag session=0x04BFB800 sessionOff=0xA02EC roleFlag=2 ping=0 delay=-1 sync(mode=0 flag1084=0 session=0 flags=0/2 ready=0) src(exe=1 dll=1 roleDll=1 sessDll=1) hits(rc=2 auto=1 cp=0 wpm=0 crt=0)
[efz_netplay_mod][pid=20536] NetplayFrame: updates=1372 menu=Host selection=0 row=0(ROW_HOST) inactivity=1339 slide=0 nativeSlideRaw=0 nativeSlideScaled=0
[efz_netplay_mod][pid=20536] Takeover: runtime-ready probe ready=0 source=none localInit=0 prompt=0 input=0 session=0 bind(pid=0 handle=0) syncReady=0 role=2
[efz_netplay_mod][pid=20536] Takeover: late PatchIat retry result=1 attempts=43 success=43 elapsed=21500ms
[efz_netplay_mod][pid=20536] Takeover: connecting diag session=0x04BFB800 sessionOff=0xA02EC roleFlag=2 ping=0 delay=-1 sync(mode=0 flag1084=0 session=0 flags=0/2 ready=0) src(exe=1 dll=1 roleDll=1 sessDll=1) hits(rc=2 auto=1 cp=0 wpm=0 crt=0)
[efz_netplay_mod][pid=20536] NetplayFrame: updates=1500 menu=Host selection=0 row=0(ROW_HOST) inactivity=1467 slide=0 nativeSlideRaw=0 nativeSlideScaled=0
[efz_netplay_mod][pid=20536] HookedTitleUpdateImpl: calls=1800 netplayActive=1
[efz_netplay_mod][pid=20536] StateExport: heartbeat seq=3600 activity=1 menu=1 screen=0 mode=1 phase=1 role=0 side=-1 p1Wins=0 p2Wins=0 ping=-1 delay=-1 local='Aquatic' p1='' p2='' revival='1.02h' caps=0xB5 sessionId=1 setId=0 endReason=0
[efz_netplay_mod][pid=20536] Takeover: connecting diag session=0x04BFB800 sessionOff=0xA02EC roleFlag=2 ping=0 delay=-1 sync(mode=0 flag1084=0 session=0 flags=0/2 ready=0) src(exe=1 dll=1 roleDll=1 sessDll=1) hits(rc=2 auto=1 cp=0 wpm=0 crt=0)
[efz_netplay_mod][pid=20536] Takeover: runtime-ready probe ready=0 source=none localInit=0 prompt=0 input=0 session=0 bind(pid=0 handle=0) syncReady=0 role=2
[efz_netplay_mod][pid=20536] Takeover: late PatchIat retry result=1 attempts=49 success=49 elapsed=24500ms
[efz_netplay_mod][pid=20536] NetplayFrame: updates=1628 menu=Host selection=0 row=0(ROW_HOST) inactivity=1595 slide=0 nativeSlideRaw=0 nativeSlideScaled=0
[efz_netplay_mod][pid=20536] Takeover: connecting diag session=0x04BFB800 sessionOff=0xA02EC roleFlag=2 ping=0 delay=-1 sync(mode=0 flag1084=0 session=0 flags=0/2 ready=0) src(exe=1 dll=1 roleDll=1 sessDll=1) hits(rc=2 auto=1 cp=0 wpm=0 crt=0)
[efz_netplay_mod][pid=20536] NetplayFrame: updates=1756 menu=Host selection=0 row=0(ROW_HOST) inactivity=1723 slide=0 nativeSlideRaw=0 nativeSlideScaled=0
[efz_netplay_mod][pid=20536] Takeover: runtime-ready probe ready=0 source=none localInit=0 prompt=0 input=0 session=0 bind(pid=0 handle=0) syncReady=0 role=2
[efz_netplay_mod][pid=20536] Takeover: late PatchIat retry result=1 attempts=55 success=55 elapsed=27500ms
[efz_netplay_mod][pid=20536] HookedTitleUpdateImpl: calls=2100 netplayActive=1
[efz_netplay_mod][pid=20536] StateExport: heartbeat seq=4200 activity=1 menu=1 screen=0 mode=1 phase=1 role=0 side=-1 p1Wins=0 p2Wins=0 ping=-1 delay=-1 local='Aquatic' p1='' p2='' revival='1.02h' caps=0xB5 sessionId=1 setId=0 endReason=0
[efz_netplay_mod][pid=20536] Takeover: connecting diag session=0x04BFB800 sessionOff=0xA02EC roleFlag=2 ping=0 delay=-1 sync(mode=0 flag1084=0 session=0 flags=0/2 ready=0) src(exe=1 dll=1 roleDll=1 sessDll=1) hits(rc=2 auto=1 cp=0 wpm=0 crt=0)
[efz_netplay_mod][pid=20536] TICK_HOOK: heartbeat frameTick=1800 session=0x04BFB800 exeECX=0x11EE6888 match=0
[efz_netplay_mod][pid=20536] NetplayFrame: updates=1884 menu=Host selection=0 row=0(ROW_HOST) inactivity=1851 slide=0 nativeSlideRaw=0 nativeSlideScaled=0
[efz_netplay_mod][pid=20536] Takeover: connecting diag session=0x04BFB800 sessionOff=0xA02EC roleFlag=2 ping=0 delay=-1 sync(mode=0 flag1084=0 session=0 flags=0/2 ready=0) src(exe=1 dll=1 roleDll=1 sessDll=1) hits(rc=2 auto=1 cp=0 wpm=0 crt=0)
[efz_netplay_mod][pid=20536] Takeover: runtime-ready probe ready=0 source=none localInit=0 prompt=0 input=0 session=0 bind(pid=0 handle=0) syncReady=0 role=2
[efz_netplay_mod][pid=20536] Takeover: late PatchIat retry result=1 attempts=61 success=61 elapsed=30500ms
[efz_netplay_mod][pid=20536] NetplayFrame: updates=2012 menu=Host selection=0 row=0(ROW_HOST) inactivity=1979 slide=0 nativeSlideRaw=0 nativeSlideScaled=0
[efz_netplay_mod][pid=20536] Takeover: connecting diag session=0x04BFB800 sessionOff=0xA02EC roleFlag=2 ping=0 delay=-1 sync(mode=0 flag1084=0 session=0 flags=0/2 ready=0) src(exe=1 dll=1 roleDll=1 sessDll=1) hits(rc=2 auto=1 cp=0 wpm=0 crt=0)
[efz_netplay_mod][pid=20536] HookedTitleUpdateImpl: calls=2400 netplayActive=1
[efz_netplay_mod][pid=20536] StateExport: heartbeat seq=4800 activity=1 menu=1 screen=0 mode=1 phase=1 role=0 side=-1 p1Wins=0 p2Wins=0 ping=-1 delay=-1 local='Aquatic' p1='' p2='' revival='1.02h' caps=0xB5 sessionId=1 setId=0 endReason=0
[efz_netplay_mod][pid=20536] NetplayFrame: updates=2139 menu=Host selection=0 row=0(ROW_HOST) inactivity=2106 slide=0 nativeSlideRaw=0 nativeSlideScaled=0
[efz_netplay_mod][pid=20536] Takeover: runtime-ready probe ready=0 source=none localInit=0 prompt=0 input=0 session=0 bind(pid=0 handle=0) syncReady=0 role=2
[efz_netplay_mod][pid=20536] Takeover: late PatchIat retry result=1 attempts=67 success=67 elapsed=33500ms
[efz_netplay_mod][pid=20536] Takeover: connecting diag session=0x04BFB800 sessionOff=0xA02EC roleFlag=2 ping=0 delay=-1 sync(mode=0 flag1084=0 session=0 flags=0/2 ready=0) src(exe=1 dll=1 roleDll=1 sessDll=1) hits(rc=2 auto=1 cp=0 wpm=0 crt=0)
[efz_netplay_mod][pid=20536] NetplayFrame: updates=2267 menu=Host selection=0 row=0(ROW_HOST) inactivity=2234 slide=0 nativeSlideRaw=0 nativeSlideScaled=0
[efz_netplay_mod][pid=20536] Takeover: connecting diag session=0x04BFB800 sessionOff=0xA02EC roleFlag=2 ping=0 delay=-1 sync(mode=0 flag1084=0 session=0 flags=0/2 ready=0) src(exe=1 dll=1 roleDll=1 sessDll=1) hits(rc=2 auto=1 cp=0 wpm=0 crt=0)
[efz_netplay_mod][pid=20536] Takeover: runtime-ready probe ready=0 source=none localInit=0 prompt=0 input=0 session=0 bind(pid=0 handle=0) syncReady=0 role=2
[efz_netplay_mod][pid=20536] Takeover: late PatchIat retry result=1 attempts=73 success=73 elapsed=36500ms
[efz_netplay_mod][pid=20536] NetplayFrame: updates=2395 menu=Host selection=0 row=0(ROW_HOST) inactivity=2362 slide=0 nativeSlideRaw=0 nativeSlideScaled=0
[efz_netplay_mod][pid=20536] HookedTitleUpdateImpl: calls=2700 netplayActive=1
[efz_netplay_mod][pid=20536] StateExport: heartbeat seq=5400 activity=1 menu=1 screen=0 mode=1 phase=1 role=0 side=-1 p1Wins=0 p2Wins=0 ping=-1 delay=-1 local='Aquatic' p1='' p2='' revival='1.02h' caps=0xB5 sessionId=1 setId=0 endReason=0
[efz_netplay_mod][pid=20536] TICK_HOOK: heartbeat frameTick=2400 session=0x04BFB800 exeECX=0x11EE6888 match=0
[efz_netplay_mod][pid=20536] Takeover: connecting diag session=0x04BFB800 sessionOff=0xA02EC roleFlag=2 ping=0 delay=-1 sync(mode=0 flag1084=0 session=0 flags=0/2 ready=0) src(exe=1 dll=1 roleDll=1 sessDll=1) hits(rc=2 auto=1 cp=0 wpm=0 crt=0)
[efz_netplay_mod][pid=20536] NetplayFrame: updates=2523 menu=Host selection=0 row=0(ROW_HOST) inactivity=2490 slide=0 nativeSlideRaw=0 nativeSlideScaled=0
[efz_netplay_mod][pid=20536] Takeover: runtime-ready probe ready=0 source=none localInit=0 prompt=0 input=0 session=0 bind(pid=0 handle=0) syncReady=0 role=2
[efz_netplay_mod][pid=20536] Takeover: late PatchIat retry result=1 attempts=79 success=79 elapsed=39500ms
[efz_netplay_mod][pid=20536] Takeover: connecting diag session=0x04BFB800 sessionOff=0xA02EC roleFlag=2 ping=0 delay=-1 sync(mode=0 flag1084=0 session=0 flags=0/2 ready=0) src(exe=1 dll=1 roleDll=1 sessDll=1) hits(rc=2 auto=1 cp=0 wpm=0 crt=0)
[efz_netplay_mod][pid=20536] NetplayInput: P1(h=0 v=0 c=0 b=1) P2(h=0 v=0 c=0 b=0)
[efz_netplay_mod][pid=20536] PlayUiSound: sfx=6 gameSystem=0x11A60048
[efz_netplay_mod][pid=20536] SessionBridge: CancelSession reason='user_cancel'
[efz_netplay_mod][pid=20536] DIAG[CancelSession_entry]: dllExitPatchesSaved=0 tournamentPatchesSaved=0 renderContextSaved=1 savedRenderCtx=0x725C6BC8
[efz_netplay_mod][pid=20536] DIAG[CancelSession_entry]: dllBase=0x6C730000 roleFlag=2 sessionPtr=0x04BFB800 renderCtx=0x725C6BC8 globalState=0x11A60048
[efz_netplay_mod][pid=20536] DIAG[CancelSession_entry]: session vtable=0x6C7C0544 initComplete=146014280 activePlayer=0
[efz_netplay_mod][pid=20536] DIAG[CancelSession_entry]: exitPatch[0] RVA=0x79BFD byte=0x74 expected=0x74
[efz_netplay_mod][pid=20536] DIAG[CancelSession_entry]: exitPatch[1] RVA=0x72CAF byte=0x74 expected=0x74
[efz_netplay_mod][pid=20536] DIAG[CancelSession_entry]: nearJccPatch[0] RVA=0x72B25 bytes=0F 85
[efz_netplay_mod][pid=20536] DIAG[CancelSession_entry]: nearJccPatch[1] RVA=0x72B2E bytes=0F 85
[efz_netplay_mod][pid=20536] DIAG[CancelSession_entry]: nearJccPatch[2] RVA=0x72EAB bytes=0F 84
[efz_netplay_mod][pid=20536] DIAG[CancelSession_entry]: nearJccPatch[3] RVA=0x72EBE bytes=0F 84
[efz_netplay_mod][pid=20536] DIAG[CancelSession_entry]: nearJccPatch[4] RVA=0x74CA1 bytes=0F 84
[efz_netplay_mod][pid=20536] DIAG[CancelSession_entry]: nearJccPatch[5] RVA=0x74CB4 bytes=0F 84
[efz_netplay_mod][pid=20536] DIAG[CancelSession_entry]: nearJccPatch[6] RVA=0x74CC1 bytes=0F 84
[efz_netplay_mod][pid=20536] DIAG[CancelSession_entry]: localRoleFlag=2 localInitApplied=0 exitIntercepted=0 exitMode=-1 frameHookInstalled=1 frameRecoveryPending=0 forceLocalPlayInitCount=0
[efz_netplay_mod][pid=20536] DIAG[CancelSession_entry]: revivalProcess=0x00000C48 revivalPid=4260 lastValidatedSession=0x04BFB800 lastSessionPtrOffset=0xA02EC
[efz_netplay_mod][pid=20536] DIAG[CancelSession]: reason='user_cancel' forceLocalPlayInitCount=0
[efz_netplay_mod][pid=20536] Takeover: closing child job object handle=00000C50
[efz_netplay_mod][pid=20536] RestoreDllExitProcessPatches: SKIPPED (saved=0 profile=716ECA50)
[efz_netplay_mod][pid=20536] Takeover: local re-init skipped (already local play)
[efz_netplay_mod][pid=20536] Takeover: cancel cleanup — DEFERRED (inside frame tick, ForceLocalPlayInit would destroy active session)
[efz_netplay_mod][pid=20536] Takeover: phase Connecting -> Idle reason=''
[efz_netplay_mod][pid=20536] Takeover: cancel reason='user_cancel' hadProcess=1
[efz_netplay_mod][pid=20536] DIAG[CancelSession_exit]: dllExitPatchesSaved=0 tournamentPatchesSaved=0 renderContextSaved=1 savedRenderCtx=0x725C6BC8
[efz_netplay_mod][pid=20536] DIAG[CancelSession_exit]: dllBase=0x6C730000 roleFlag=2 sessionPtr=0x04BFB800 renderCtx=0x725C6BC8 globalState=0x11A60048
[efz_netplay_mod][pid=20536] DIAG[CancelSession_exit]: session vtable=0x6C7C0544 initComplete=146014280 activePlayer=0
[efz_netplay_mod][pid=20536] DIAG[CancelSession_exit]: exitPatch[0] RVA=0x79BFD byte=0x74 expected=0x74
[efz_netplay_mod][pid=20536] DIAG[CancelSession_exit]: exitPatch[1] RVA=0x72CAF byte=0x74 expected=0x74
[efz_netplay_mod][pid=20536] DIAG[CancelSession_exit]: nearJccPatch[0] RVA=0x72B25 bytes=0F 85
[efz_netplay_mod][pid=20536] DIAG[CancelSession_exit]: nearJccPatch[1] RVA=0x72B2E bytes=0F 85
[efz_netplay_mod][pid=20536] DIAG[CancelSession_exit]: nearJccPatch[2] RVA=0x72EAB bytes=0F 84
[efz_netplay_mod][pid=20536] DIAG[CancelSession_exit]: nearJccPatch[3] RVA=0x72EBE bytes=0F 84
[efz_netplay_mod][pid=20536] DIAG[CancelSession_exit]: nearJccPatch[4] RVA=0x74CA1 bytes=0F 84
[efz_netplay_mod][pid=20536] DIAG[CancelSession_exit]: nearJccPatch[5] RVA=0x74CB4 bytes=0F 84
[efz_netplay_mod][pid=20536] DIAG[CancelSession_exit]: nearJccPatch[6] RVA=0x74CC1 bytes=0F 84
[efz_netplay_mod][pid=20536] DIAG[CancelSession_exit]: localRoleFlag=2 localInitApplied=0 exitIntercepted=0 exitMode=-1 frameHookInstalled=1 frameRecoveryPending=0 forceLocalPlayInitCount=0
[efz_netplay_mod][pid=20536] DIAG[CancelSession_exit]: revivalProcess=0x00000000 revivalPid=0 lastValidatedSession=0x04BFB800 lastSessionPtrOffset=0xA02EC
[efz_netplay_mod][pid=20536] NetplayBridge: cancel requested during connecting
[efz_netplay_mod][pid=20536] TICK_HOOK: executing deferred cancel cleanup (ForceLocalPlayInit was unsafe mid-tick)
[efz_netplay_mod][pid=20536] INIT_SNAP[ForceLocalPlayInit_pre]: roleFlag=2 sessionPtr=0x04BFB800 initFlag=0 initByte=0x00 renderCtx=0x725C6BC8 renderCtxBase=0x00000000 initOnceGuard=0x00000101 timerPtr=0x725C6AD0 globalStatePtr=0x11A60048
[efz_netplay_mod][pid=20536] INIT_SNAP[ForceLocalPlayInit_pre]: roleFlag[1]=0xA0610 val=1820128124
[efz_netplay_mod][pid=20536] INIT_SNAP[ForceLocalPlayInit_pre]: session vtable=0x6C7C0544 initComplete=146014280 activePlayer=0 queuePlayer=0 inputDelay=715108996
[efz_netplay_mod][pid=20536] INIT_SNAP[ForceLocalPlayInit_pre]: session currentFrame=0 gameModeSnap=0 matchId=0 sentinel=497005235 helperHandle=0x00000000
[efz_netplay_mod][pid=20536] INIT_SNAP[ForceLocalPlayInit_pre]: session histPrimary=0x00000000 histSecondary=0x00000000 histPrimaryVec=0x04BFBB14 histSecondaryVec=0x04BFBB20
[efz_netplay_mod][pid=20536] INIT_SNAP[ForceLocalPlayInit_pre]: session +4=13304013 +8=13107408 +12=2031646 +16=3080224 +36=1
[efz_netplay_mod][pid=20536] INIT_SNAP[ForceLocalPlayInit_pre]: g_localRoleFlag=2 g_localInitApplied=0 g_dllExitPatchesSaved=0 g_tournamentPatchesSaved=0 g_renderContextSaved=1 g_savedRenderCtx=0x725C6BC8 g_frameHookInstalled=1 initCount=1
[efz_netplay_mod][pid=20536] ForceLocalPlayInit: DestroyCurrentSession starting session=0x04BFB800 role=2
[efz_netplay_mod][pid=20536] ForceLocalPlayInit: DestroyCurrentSession vtable=0x6C7C0544 (RVA 0x00090544)
[efz_netplay_mod][pid=20536] ForceLocalPlayInit: DestroyCurrentSession calling dtor vtable[0]=0x6C759090 session=0x04BFB800 role=2
[efz_netplay_mod][pid=20536] ForceLocalPlayInit: DestroyCurrentSession destructor completed
[efz_netplay_mod][pid=20536] ResetModeConstructorTrampolineCache: cleared 2 entries
[efz_netplay_mod][pid=20536] ForceLocalPlayInit: DestroyCurrentSession done session=0x04BFB800 role=2 globalsZeroed=1
[efz_netplay_mod][pid=20536] ForceLocalPlayInit: about to save EXE hook bytes before init() oldSession=0x04BFB800 callCount=1
[efz_netplay_mod][pid=20536] SaveExeFrameHookBytes: saved 10 bytes at 0x00401582 [E9 49 9A 7E 04 90 90 90 90 90]
[efz_netplay_mod][pid=20536] SaveModeCtorOriginalBytesOnce: captured 0x00763E50=[C6 40 2D 00 8B 4D D0] 0x00763F04=[8B 4D D0 C6 41 2D 00]
[efz_netplay_mod][pid=20536] RestoreModeCtorOriginalBytes: restored 0x00763E50=[C6 40 2D 00 8B 4D D0] 0x00763F04=[8B 4D D0 C6 41 2D 00]
[efz_netplay_mod][pid=20536] ResetModeConstructorTrampolineCache: cleared 2 entries
[efz_netplay_mod][pid=20536] ForceLocalPlayInit: 0x401582 pre-init  [E9 49 9A 7E 04 90 90 90 90 90]
[efz_netplay_mod][pid=20536] ForceLocalPlayInit: calling init(mode=2, magic=102)
[efz_netplay_mod][pid=20536] ForceLocalPlayInit: 0x401582 post-init [E9 09 FC CC 0C 90 90 90 90 90]
[efz_netplay_mod][pid=20536] ForceLocalPlayInit: restoring saved EXE hook bytes
[efz_netplay_mod][pid=20536] RestoreExeFrameHookBytes: restored 10 bytes at 0x00401582 [E9 49 9A 7E 04 90 90 90 90 90]
[efz_netplay_mod][pid=20536] ForceLocalPlayInit: 0x401582 restored  [E9 49 9A 7E 04 90 90 90 90 90]
[efz_netplay_mod][pid=20536] ForceLocalPlayInit: modeCtorFixup 0x00763E50 not hooked (byte=0xC6), skip
[efz_netplay_mod][pid=20536] ForceLocalPlayInit: modeCtorFixup 0x00763F04 not hooked (byte=0x8B), skip
[efz_netplay_mod][pid=20536] INIT_SNAP[ForceLocalPlayInit_post_init]: roleFlag=2 sessionPtr=0x04BFB800 initFlag=0 initByte=0x00 renderCtx=0x725C6BC8 renderCtxBase=0x00000000 initOnceGuard=0x00000101 timerPtr=0x725C6AD0 globalStatePtr=0x11A60048
[efz_netplay_mod][pid=20536] INIT_SNAP[ForceLocalPlayInit_post_init]: roleFlag[1]=0xA0610 val=1820128124
[efz_netplay_mod][pid=20536] INIT_SNAP[ForceLocalPlayInit_post_init]: session vtable=0x6C7C0544 initComplete=146014280 activePlayer=0 queuePlayer=0 inputDelay=715108996
[efz_netplay_mod][pid=20536] INIT_SNAP[ForceLocalPlayInit_post_init]: session currentFrame=0 gameModeSnap=0 matchId=0 sentinel=497005235 helperHandle=0x00000000
[efz_netplay_mod][pid=20536] INIT_SNAP[ForceLocalPlayInit_post_init]: session histPrimary=0x00000000 histSecondary=0x00000000 histPrimaryVec=0x04BFBB14 histSecondaryVec=0x04BFBB20
[efz_netplay_mod][pid=20536] INIT_SNAP[ForceLocalPlayInit_post_init]: session +4=350415624 +8=13107408 +12=2031646 +16=3080224 +36=1
[efz_netplay_mod][pid=20536] INIT_SNAP[ForceLocalPlayInit_post_init]: g_localRoleFlag=2 g_localInitApplied=0 g_dllExitPatchesSaved=0 g_tournamentPatchesSaved=0 g_renderContextSaved=1 g_savedRenderCtx=0x725C6BC8 g_frameHookInstalled=1 initCount=1
[efz_netplay_mod][pid=20536] ForceLocalPlayInit: init(2,102) result=1702648 callCount=1 oldSession=0x04BFB800 newSession=0x04BFB800
[efz_netplay_mod][pid=20536] ForceLocalPlayInit: InvokeSessionVtableInit vtable[1] 0x6C7A67D0 called on session 0x04BFB800
[efz_netplay_mod][pid=20536] INIT_SNAP[ForceLocalPlayInit_post_vtable1]: roleFlag=2 sessionPtr=0x04BFB800 initFlag=0 initByte=0x00 renderCtx=0x725C6BC8 renderCtxBase=0x00000000 initOnceGuard=0x00000101 timerPtr=0x725C6AD0 globalStatePtr=0x11A60048
[efz_netplay_mod][pid=20536] INIT_SNAP[ForceLocalPlayInit_post_vtable1]: roleFlag[1]=0xA0610 val=1820128124
[efz_netplay_mod][pid=20536] INIT_SNAP[ForceLocalPlayInit_post_vtable1]: session vtable=0x6C7C0544 initComplete=146014280 activePlayer=0 queuePlayer=0 inputDelay=715108996
[efz_netplay_mod][pid=20536] INIT_SNAP[ForceLocalPlayInit_post_vtable1]: session currentFrame=0 gameModeSnap=0 matchId=0 sentinel=497005235 helperHandle=0x00000000
[efz_netplay_mod][pid=20536] INIT_SNAP[ForceLocalPlayInit_post_vtable1]: session histPrimary=0x00000000 histSecondary=0x00000000 histPrimaryVec=0x04BFBB14 histSecondaryVec=0x04BFBB20
[efz_netplay_mod][pid=20536] INIT_SNAP[ForceLocalPlayInit_post_vtable1]: session +4=13304013 +8=13107408 +12=2031646 +16=3080224 +36=1
[efz_netplay_mod][pid=20536] INIT_SNAP[ForceLocalPlayInit_post_vtable1]: g_localRoleFlag=2 g_localInitApplied=0 g_dllExitPatchesSaved=0 g_tournamentPatchesSaved=0 g_renderContextSaved=1 g_savedRenderCtx=0x725C6BC8 g_frameHookInstalled=1 initCount=1
[efz_netplay_mod][pid=20536] TICK_HOOK: deferred ForceLocalPlayInit result=1
[efz_netplay_mod][pid=20536] RestoreRenderContext: restored EfzRender* 0x725C6BC8 (was 0x725C6BC8, unchanged)
[efz_netplay_mod][pid=20536] RestoreRenderContext: restored EfzRender* 0x725C6BC8 (was 0x725C6BC8, unchanged)
[efz_netplay_mod][pid=20536] RestoreRenderContext: restored EfzRender* 0x725C6BC8 (was 0x725C6BC8, unchanged)
[efz_netplay_mod][pid=20536] DisableRevivalTextRendering: text rendering disabled
[efz_netplay_mod][pid=20536] CrashHandler: TOCTOU recovery guard reset
[efz_netplay_mod][pid=20536] TICK_HOOK: deferred cancel cleanup complete
[efz_netplay_mod][pid=20536] TICK_HOOK: *** ECX MISMATCH *** frameTick=1 exeECX=0x11EE6888 dllSession=0x04BFB800 — overriding ECX with current session
[efz_netplay_mod][pid=20536] TICK_HOOK: current session vtable=0x6C7C0544 (RVA=0x90544)
[efz_netplay_mod][pid=20536] DIAG[tick_ecx_mismatch]: dllExitPatchesSaved=0 tournamentPatchesSaved=0 renderContextSaved=1 savedRenderCtx=0x725C6BC8
[efz_netplay_mod][pid=20536] DIAG[tick_ecx_mismatch]: dllBase=0x6C730000 roleFlag=2 sessionPtr=0x04BFB800 renderCtx=0x725C6BC8 globalState=0x11A60048
[efz_netplay_mod][pid=20536] DIAG[tick_ecx_mismatch]: session vtable=0x6C7C0544 initComplete=146014280 activePlayer=0
[efz_netplay_mod][pid=20536] DIAG[tick_ecx_mismatch]: exitPatch[0] RVA=0x79BFD byte=0x74 expected=0x74
[efz_netplay_mod][pid=20536] DIAG[tick_ecx_mismatch]: exitPatch[1] RVA=0x72CAF byte=0x74 expected=0x74
[efz_netplay_mod][pid=20536] DIAG[tick_ecx_mismatch]: nearJccPatch[0] RVA=0x72B25 bytes=0F 85
[efz_netplay_mod][pid=20536] DIAG[tick_ecx_mismatch]: nearJccPatch[1] RVA=0x72B2E bytes=0F 85
[efz_netplay_mod][pid=20536] DIAG[tick_ecx_mismatch]: nearJccPatch[2] RVA=0x72EAB bytes=0F 84
[efz_netplay_mod][pid=20536] DIAG[tick_ecx_mismatch]: nearJccPatch[3] RVA=0x72EBE bytes=0F 84
[efz_netplay_mod][pid=20536] DIAG[tick_ecx_mismatch]: nearJccPatch[4] RVA=0x74CA1 bytes=0F 84
[efz_netplay_mod][pid=20536] DIAG[tick_ecx_mismatch]: nearJccPatch[5] RVA=0x74CB4 bytes=0F 84
[efz_netplay_mod][pid=20536] DIAG[tick_ecx_mismatch]: nearJccPatch[6] RVA=0x74CC1 bytes=0F 84
[efz_netplay_mod][pid=20536] DIAG[tick_ecx_mismatch]: localRoleFlag=2 localInitApplied=0 exitIntercepted=0 exitMode=-1 frameHookInstalled=1 frameRecoveryPending=0 forceLocalPlayInitCount=1
[efz_netplay_mod][pid=20536] DIAG[tick_ecx_mismatch]: revivalProcess=0x00000000 revivalPid=0 lastValidatedSession=0x04BFB800 lastSessionPtrOffset=0xA02EC
[efz_netplay_mod][pid=20536] TICK_HOOK: heartbeat frameTick=1 session=0x04BFB800 exeECX=0x11EE6888 match=0
[efz_netplay_mod][pid=20536] NetplayInput: P1(h=0 v=0 c=0 b=0) P2(h=0 v=0 c=0 b=0)
[efz_netplay_mod][pid=20536] NetplayFrame: updates=2650 menu=Host selection=0 row=0(ROW_HOST) inactivity=2617 slide=0 nativeSlideRaw=0 nativeSlideScaled=0
[efz_netplay_mod][pid=20536] NetplayInput: P1(h=0 v=-1 c=0 b=0) P2(h=0 v=0 c=0 b=0)
[efz_netplay_mod][pid=20536] PlayUiSound: sfx=8 gameSystem=0x11A60048
[efz_netplay_mod][pid=20536] NetplaySelection: player=0 menu=Host from=0 to=2 row=7(ROW_RETURN) label=BACK inputV=-1
[efz_netplay_mod][pid=20536] NetplayInput: P1(h=0 v=0 c=0 b=0) P2(h=0 v=0 c=0 b=0)
[efz_netplay_mod][pid=20536] NetplayInput: P1(h=0 v=0 c=1 b=0) P2(h=0 v=0 c=0 b=0)
[efz_netplay_mod][pid=20536] PlayUiSound: sfx=6 gameSystem=0x11A60048
[efz_netplay_mod][pid=20536] NetplayConfirm: player=0 menu=Host selection=2 row=7(ROW_RETURN) label=BACK action=BackToMain
[efz_netplay_mod][pid=20536] NetplayAction: menu=Host selection=2 row=7(ROW_RETURN) action=BackToMain
[efz_netplay_mod][pid=20536] NetplaySlide(native): start from=Host(2) to=Main(0) dir=-1
[efz_netplay_mod][pid=20536] NetplayMenuSwitch: menu=Main selection=0 count=5 row=0(ROW_HOST) entry=HOST
[efz_netplay_mod][pid=20536] NetplaySlide(native): complete menu=Main selection=0
[efz_netplay_mod][pid=20536] NetplayInput: P1(h=0 v=0 c=0 b=0) P2(h=0 v=0 c=0 b=0)
[efz_netplay_mod][pid=20536] NetplayInput: P1(h=0 v=1 c=0 b=0) P2(h=0 v=0 c=0 b=0)
[efz_netplay_mod][pid=20536] PlayUiSound: sfx=8 gameSystem=0x11A60048
[efz_netplay_mod][pid=20536] NetplaySelection: player=0 menu=Main from=0 to=1 row=1(ROW_JOIN) label=JOIN inputV=1
[efz_netplay_mod][pid=20536] NetplayInput: P1(h=0 v=0 c=0 b=0) P2(h=0 v=0 c=0 b=0)
[efz_netplay_mod][pid=20536] NetplayInput: P1(h=0 v=1 c=0 b=0) P2(h=0 v=0 c=0 b=0)
[efz_netplay_mod][pid=20536] PlayUiSound: sfx=8 gameSystem=0x11A60048
[efz_netplay_mod][pid=20536] NetplaySelection: player=0 menu=Main from=1 to=2 row=5(ROW_RESERVED5) label=LOBBY inputV=1
[efz_netplay_mod][pid=20536] HookedTitleUpdateImpl: calls=3000 netplayActive=1
[efz_netplay_mod][pid=20536] NetplayInput: P1(h=0 v=0 c=0 b=0) P2(h=0 v=0 c=0 b=0)
[efz_netplay_mod][pid=20536] StateExport: heartbeat seq=6000 activity=1 menu=1 screen=0 mode=1 phase=0 role=0 side=-1 p1Wins=0 p2Wins=0 ping=-1 delay=-1 local='Aquatic' p1='' p2='' revival='1.02h' caps=0xB5 sessionId=1 setId=0 endReason=0
[efz_netplay_mod][pid=20536] NetplayInput: P1(h=0 v=0 c=1 b=0) P2(h=0 v=0 c=0 b=0)
[efz_netplay_mod][pid=20536] PlayUiSound: sfx=6 gameSystem=0x11A60048
[efz_netplay_mod][pid=20536] NetplayConfirm: player=0 menu=Main selection=2 row=5(ROW_RESERVED5) label=LOBBY action=OpenLobby
[efz_netplay_mod][pid=20536] NetplayAction: menu=Main selection=2 row=5(ROW_RESERVED5) action=OpenLobby
[efz_netplay_mod][pid=20536] NetplaySlide(native): start from=Main(2) to=Lobby(0) dir=1
[efz_netplay_mod][pid=20536] SwitchToMenu: entering Lobby, creating session for 'Aquatic' port=10800
[efz_netplay_mod][pid=20536] LobbySession::PollThread: entering
[efz_netplay_mod][pid=20536] LobbySession: started for nickname='Aquatic'
[efz_netplay_mod][pid=20536] NetplayMenuSwitch: menu=Lobby selection=0 count=1 row=7(ROW_RETURN) entry=BACK
[efz_netplay_mod][pid=20536] LobbySession: endpoint config override=0 baseUrl='' proxyOverride=0 proxyBaseUrl='' forceWinInet=0 forceEmbeddedTls=0 tlsVerify=0 embeddedAvailable=1
[efz_netplay_mod][pid=20536] NetplaySlide(native): complete menu=Lobby selection=0
[efz_netplay_mod][pid=20536] NetplayInput: P1(h=0 v=0 c=0 b=0) P2(h=0 v=0 c=0 b=0)
[efz_netplay_mod][pid=20536] NetplayFrame: updates=2733 menu=Lobby selection=0 row=7(ROW_RETURN) inactivity=0 slide=0 nativeSlideRaw=0 nativeSlideScaled=0
[efz_netplay_mod][pid=20536] LobbySession::DoHttpGet: backend=EmbeddedTLS endpoint=primary verify=0
[efz_netplay_mod][pid=20536] LobbySession::DoJoin: response='{"alias":"EFZ","challenges":[],"id":4877,"idle":[["Aquatic_mod",1],["Aquatic",2]],"msg":2,"playing":[],"secret":9417,"status":"OK","type":"Private"}
'
[efz_netplay_mod][pid=20536] LobbySession::PollThread: joined lobby id=4877 playerId=2
[efz_netplay_mod][pid=20536] LobbySession::DiscoverPublicIp: resolved=91.214.211.2
[efz_netplay_mod][pid=20536] LobbySession::DoPollStatus: response='{"alias":"EFZ","challenges":[],"id":4877,"idle":[["Aquatic_mod",1],["Aquatic",2]],"msg":"OK","playing":[],"status":"OK"}
'
[efz_netplay_mod][pid=20536] NetplayFrame: updates=2862 menu=Lobby selection=0 row=6(ROW_RESERVED6) inactivity=129 slide=0 nativeSlideRaw=0 nativeSlideScaled=0
[efz_netplay_mod][pid=20536] NetplayInput: P1(h=0 v=0 c=1 b=0) P2(h=0 v=0 c=0 b=0)
[efz_netplay_mod][pid=20536] PlayUiSound: sfx=6 gameSystem=0x11A60048
[efz_netplay_mod][pid=20536] NetplayConfirm: player=0 menu=Lobby selection=0 row=6(ROW_RESERVED6) label=LOBBY_SLOT action=LobbySlot0
[efz_netplay_mod][pid=20536] NetplayAction: menu=Lobby selection=0 row=6(ROW_RESERVED6) action=LobbySlot0
[efz_netplay_mod][pid=20536] LobbyChallenge: challenging 'Aquatic_mod' id=1 with our ip=91.214.211.2:10800
[efz_netplay_mod][pid=20536] SessionBridge: StartSession role=0 port=10800 address='' nickname='Aquatic'
[efz_netplay_mod][pid=20536] Takeover: StartSession role=0 port=10800 address='' nickname='Aquatic'
[efz_netplay_mod][pid=20536] DIAG[StartSession_entry]: dllExitPatchesSaved=0 tournamentPatchesSaved=0 renderContextSaved=1 savedRenderCtx=0x725C6BC8
[efz_netplay_mod][pid=20536] HostingOverlay: activated port=10800, starting IP fetch
[efz_netplay_mod][pid=20536] DIAG[StartSession_entry]: dllBase=0x6C730000 roleFlag=2 sessionPtr=0x04BFB800 renderCtx=0x725C6BC8 globalState=0x11A60048
[efz_netplay_mod][pid=20536] StateExport: new session sessionId=2
[efz_netplay_mod][pid=20536] DIAG[StartSession_entry]: session vtable=0x6C7C0544 initComplete=146014280 activePlayer=0
[efz_netplay_mod][pid=20536] DIAG[StartSession_entry]: exitPatch[0] RVA=0x79BFD byte=0x74 expected=0x74
[efz_netplay_mod][pid=20536] DIAG[StartSession_entry]: exitPatch[1] RVA=0x72CAF byte=0x74 expected=0x74
[efz_netplay_mod][pid=20536] DIAG[StartSession_entry]: nearJccPatch[0] RVA=0x72B25 bytes=0F 85
[efz_netplay_mod][pid=20536] DIAG[StartSession_entry]: nearJccPatch[1] RVA=0x72B2E bytes=0F 85
[efz_netplay_mod][pid=20536] DIAG[StartSession_entry]: nearJccPatch[2] RVA=0x72EAB bytes=0F 84
[efz_netplay_mod][pid=20536] DIAG[StartSession_entry]: nearJccPatch[3] RVA=0x72EBE bytes=0F 84
[efz_netplay_mod][pid=20536] DIAG[StartSession_entry]: nearJccPatch[4] RVA=0x74CA1 bytes=0F 84
[efz_netplay_mod][pid=20536] DIAG[StartSession_entry]: nearJccPatch[5] RVA=0x74CB4 bytes=0F 84
[efz_netplay_mod][pid=20536] DIAG[StartSession_entry]: nearJccPatch[6] RVA=0x74CC1 bytes=0F 84
[efz_netplay_mod][pid=20536] DIAG[StartSession_entry]: localRoleFlag=2 localInitApplied=0 exitIntercepted=0 exitMode=-1 frameHookInstalled=1 frameRecoveryPending=0 forceLocalPlayInitCount=0
[efz_netplay_mod][pid=20536] DIAG[StartSession_entry]: revivalProcess=0x00000000 revivalPid=0 lastValidatedSession=0x04BFB800 lastSessionPtrOffset=0xA02EC
[efz_netplay_mod][pid=20536] Takeover: host revival base=0x6C730000
[efz_netplay_mod][pid=20536] SaveRenderContext: saved EfzRender* 0x725C6BC8 from offset 0xA0798 initOnceGuard=0x00000101 (H2: guard SET — init() will NOT refresh renderCtx)
[efz_netplay_mod][pid=20536] Takeover: phase Idle -> Connecting reason=''
[efz_netplay_mod][pid=20536] Takeover: WriteIni path='D:\EFZ + Revival 1.02h\EfzRevival.ini' existed=1 role=0 port=10800 nickname='Aquatic' address='' result=1 (updated keys: Network.Name, Network.Port)
[efz_netplay_mod][pid=20536] Takeover: spawned EfzRevival suspended pid=17932
[efz_netplay_mod][pid=20536] Takeover: created kill-on-close job object handle=0000141C
[efz_netplay_mod][pid=20536] Takeover: assigned pid=17932 to kill-on-close job
[efz_netplay_mod][pid=20536] TICK_HOOK: *** ECX MISMATCH *** frameTick=1 exeECX=0x11EE6888 dllSession=0x04BFB800 — overriding ECX with current session
[efz_netplay_mod][pid=20536] TICK_HOOK: current session vtable=0x6C7C0544 (RVA=0x90544)
[efz_netplay_mod][pid=20536] DIAG[tick_ecx_mismatch]: dllExitPatchesSaved=0 tournamentPatchesSaved=0 renderContextSaved=1 savedRenderCtx=0x725C6BC8
[efz_netplay_mod][pid=20536] DIAG[tick_ecx_mismatch]: dllBase=0x6C730000 roleFlag=2 sessionPtr=0x04BFB800 renderCtx=0x725C6BC8 globalState=0x11A60048
[efz_netplay_mod][pid=20536] DIAG[tick_ecx_mismatch]: session vtable=0x6C7C0544 initComplete=146014280 activePlayer=0
[efz_netplay_mod][pid=20536] DIAG[tick_ecx_mismatch]: exitPatch[0] RVA=0x79BFD byte=0x74 expected=0x74
[efz_netplay_mod][pid=20536] DIAG[tick_ecx_mismatch]: exitPatch[1] RVA=0x72CAF byte=0x74 expected=0x74
[efz_netplay_mod][pid=20536] DIAG[tick_ecx_mismatch]: nearJccPatch[0] RVA=0x72B25 bytes=0F 85
[efz_netplay_mod][pid=20536] DIAG[tick_ecx_mismatch]: nearJccPatch[1] RVA=0x72B2E bytes=0F 85
[efz_netplay_mod][pid=20536] DIAG[tick_ecx_mismatch]: nearJccPatch[2] RVA=0x72EAB bytes=0F 84
[efz_netplay_mod][pid=20536] DIAG[tick_ecx_mismatch]: nearJccPatch[3] RVA=0x72EBE bytes=0F 84
[efz_netplay_mod][pid=20536] DIAG[tick_ecx_mismatch]: nearJccPatch[4] RVA=0x74CA1 bytes=0F 84
[efz_netplay_mod][pid=20536] DIAG[tick_ecx_mismatch]: nearJccPatch[5] RVA=0x74CB4 bytes=0F 84
[efz_netplay_mod][pid=20536] DIAG[tick_ecx_mismatch]: nearJccPatch[6] RVA=0x74CC1 bytes=0F 84
[efz_netplay_mod][pid=20536] DIAG[tick_ecx_mismatch]: localRoleFlag=2 localInitApplied=0 exitIntercepted=0 exitMode=-1 frameHookInstalled=1 frameRecoveryPending=0 forceLocalPlayInitCount=0
[efz_netplay_mod][pid=20536] DIAG[tick_ecx_mismatch]: revivalProcess=0x00000000 revivalPid=0 lastValidatedSession=0x00000000 lastSessionPtrOffset=0x0
[efz_netplay_mod][pid=20536] TICK_HOOK: heartbeat frameTick=1 session=0x04BFB800 exeECX=0x11EE6888 match=0
[efz_netplay_mod][pid=20536] NetplayInput: P1(h=0 v=0 c=0 b=0) P2(h=0 v=0 c=0 b=0)
[efz_netplay_mod] logger initialized
[efz_netplay_mod][pid=17932] CrashHandler: installed (mode=injected_takeover dir='D:\EFZ + Revival 1.02h\mods\efz_netplay_mod' vectored=01159A78)
[efz_netplay_mod][pid=17932] Module attached in EfzRevival.exe (injected takeover mode)
[efz_netplay_mod][pid=17932] DetectRevivalVersion: EfzRevival.dll not loaded — keeping default profile 1.02e
[efz_netplay_mod][pid=20536] Takeover: injected self module base=0x71630000
[efz_netplay_mod][pid=17932] Takeover: injected initialized ready=1 block=0x00D20000 init=0x00000160 console=0x00000164 initAddr=0x00000000 hostRevivalBase=0x6C730000
[efz_netplay_mod][pid=20536] Takeover: PatchIat target module='efzrevival.exe' base=0x00860000
[efz_netplay_mod][pid=20536] Takeover: module 'efzrevival.exe' patched import ReadConsoleW old=0x76BC3BB0 new=0x71650C10
[efz_netplay_mod][pid=20536] Takeover: module 'efzrevival.exe' patched import WriteConsoleOutputCharacterW old=0x76BC3E60 new=0x71651270
[efz_netplay_mod][pid=20536] Takeover: module 'efzrevival.exe' patched import ReadConsoleA old=0x76BC3B80 new=0x71650AD0
[efz_netplay_mod][pid=20536] Takeover: module 'efzrevival.exe' patched import TerminateProcess old=0x76BB9910 new=0x71650EB0
[efz_netplay_mod][pid=20536] Takeover: module 'efzrevival.exe' patched import CreateProcessA old=0x76BD5150 new=0x71650980
[efz_netplay_mod][pid=20536] Takeover: module 'efzrevival.exe' patched import OutputDebugStringW old=0x76BD64F0 new=0x71650AB0
[efz_netplay_mod][pid=20536] Takeover: module 'efzrevival.exe' patched import count=16
[efz_netplay_mod][pid=20536] Takeover: PatchIat target module='msvcp_win.dll' base=0x75830000
[efz_netplay_mod][pid=20536] Takeover: module 'msvcp_win.dll' patched import TerminateProcess old=0x76BB9910 new=0x71650EB0
[efz_netplay_mod][pid=20536] Takeover: module 'msvcp_win.dll' patched import count=2
[efz_netplay_mod][pid=20536] Takeover: PatchIat target module='ucrtbase.dll' base=0x76250000
[efz_netplay_mod][pid=20536] Takeover: module 'ucrtbase.dll' patched import TerminateProcess old=0x76BB9910 new=0x71650EB0
[efz_netplay_mod][pid=20536] Takeover: module 'ucrtbase.dll' patched import OutputDebugStringW old=0x770168E0 new=0x71650AB0
[efz_netplay_mod][pid=20536] Takeover: module 'ucrtbase.dll' patched import ReadConsoleW old=0x7700F6C0 new=0x71650C10
[efz_netplay_mod][pid=20536] Takeover: module 'ucrtbase.dll' patched import count=7
[efz_netplay_mod][pid=20536] Takeover: PatchIat target module='msvcrt.dll' base=0x75630000
[efz_netplay_mod][pid=20536] Takeover: module 'msvcrt.dll' patched import ReadConsoleW old=0x7700F6C0 new=0x71650C10
[efz_netplay_mod][pid=20536] Takeover: module 'msvcrt.dll' patched import CreateProcessA old=0x76BD5150 new=0x71650980
[efz_netplay_mod][pid=20536] Takeover: module 'msvcrt.dll' patched import TerminateProcess old=0x76BB9910 new=0x71650EB0
[efz_netplay_mod][pid=20536] Takeover: module 'msvcrt.dll' patched import count=8
[efz_netplay_mod][pid=20536] Takeover: patched import total count=33 modules=4
[efz_netplay_mod][pid=20536] Takeover: resumed main thread result=1
[efz_netplay_mod][pid=20536] Takeover: signaled console script menu=1 primaryLen=3 auxLen=2 auxSerial=2
[efz_netplay_mod][pid=20536] Takeover: phase Connecting -> Connecting reason='awaiting handshake'
[efz_netplay_mod][pid=20536] Takeover: start session armed (asynchronous handshake via Tick)
[efz_netplay_mod][pid=20536] Takeover: connecting diag session=0x04BFB800 sessionOff=0xA02EC roleFlag=2 ping=0 delay=-1 sync(mode=0 flag1084=0 session=0 flags=0/2 ready=0) src(exe=1 dll=1 roleDll=1 sessDll=1) hits(rc=0 auto=0 cp=0 wpm=0 crt=0)
[efz_netplay_mod][pid=20536] Takeover: runtime-ready probe ready=0 source=none localInit=0 prompt=0 input=0 session=0 bind(pid=0 handle=0) syncReady=0 role=2
[efz_netplay_mod][pid=17932] nb_stub_ReadConsoleA: served input serial=2 source=injected value='1
'
[efz_netplay_mod][pid=17932] nb_stub_ReadConsoleA: auto input serial=2 source=injected reason=aux_line read=128 value='
' count=1
[efz_netplay_mod][pid=20536] HostingOverlay: public IPv4 = 91.214.211.2
[efz_netplay_mod][pid=20536] LobbySession::DoPollStatus: response='{"alias":"EFZ","challenges":[],"id":4877,"idle":[["Aquatic_mod",1],["Aquatic",2]],"msg":"OK","playing":[],"status":"OK"}
'
[efz_netplay_mod][pid=20536] LobbySession: processing challenge target=1 ip=91.214.211.2:10800
[efz_netplay_mod][pid=20536] Takeover: late PatchIat retry result=1 attempts=1 success=1 elapsed=500ms
[efz_netplay_mod][pid=20536] LobbySession::DoChallenge: target=1 ip=91.214.211.2:10800 response='{"msg":"OK","status":"OK"}
'
[efz_netplay_mod][pid=20536] NetplayFrame: updates=2990 menu=Lobby selection=0 row=6(ROW_RESERVED6) inactivity=256 slide=0 nativeSlideRaw=0 nativeSlideScaled=0
[efz_netplay_mod][pid=20536] LobbySession::DoPollStatus: response='{"alias":"EFZ","challenges":[],"id":4877,"idle":[["Aquatic_mod",1],["Aquatic",2]],"msg":"OK","playing":[],"status":"OK"}
'
[efz_netplay_mod][pid=20536] HookedTitleUpdateImpl: calls=3300 netplayActive=1
[efz_netplay_mod][pid=20536] StateExport: heartbeat seq=6600 activity=1 menu=1 screen=0 mode=1 phase=1 role=0 side=-1 p1Wins=0 p2Wins=0 ping=-1 delay=-1 local='Aquatic' p1='' p2='' revival='1.02h' caps=0xB5 sessionId=2 setId=0 endReason=0
[efz_netplay_mod][pid=20536] Takeover: connecting diag session=0x04BFB800 sessionOff=0xA02EC roleFlag=2 ping=0 delay=-1 sync(mode=0 flag1084=0 session=0 flags=0/2 ready=0) src(exe=1 dll=1 roleDll=1 sessDll=1) hits(rc=2 auto=1 cp=0 wpm=0 crt=0)
[efz_netplay_mod][pid=20536] Takeover: runtime-ready probe ready=0 source=none localInit=0 prompt=0 input=0 session=0 bind(pid=0 handle=0) syncReady=0 role=2
[efz_netplay_mod][pid=20536] LobbySession::DoPollStatus: response='{"alias":"EFZ","challenges":[],"id":4877,"idle":[["Aquatic_mod",1],["Aquatic",2]],"msg":"OK","playing":[],"status":"OK"}
'
[efz_netplay_mod][pid=20536] NetplayFrame: updates=3118 menu=Lobby selection=0 row=6(ROW_RESERVED6) inactivity=384 slide=0 nativeSlideRaw=0 nativeSlideScaled=0
[efz_netplay_mod][pid=20536] Takeover: late PatchIat retry result=1 attempts=7 success=7 elapsed=3500ms
[efz_netplay_mod][pid=20536] Takeover: connecting diag session=0x04BFB800 sessionOff=0xA02EC roleFlag=2 ping=0 delay=-1 sync(mode=0 flag1084=0 session=0 flags=0/2 ready=0) src(exe=1 dll=1 roleDll=1 sessDll=1) hits(rc=2 auto=1 cp=0 wpm=0 crt=0)
[efz_netplay_mod][pid=20536] LobbySession::DoPollStatus: response='{"alias":"EFZ","challenges":[],"id":4877,"idle":[["Aquatic_mod",1],["Aquatic",2]],"msg":"OK","playing":[],"status":"OK"}
'
[efz_netplay_mod][pid=20536] NetplayFrame: updates=3245 menu=Lobby selection=0 row=6(ROW_RESERVED6) inactivity=511 slide=0 nativeSlideRaw=0 nativeSlideScaled=0
[efz_netplay_mod][pid=20536] Takeover: runtime-ready probe ready=0 source=none localInit=0 prompt=0 input=0 session=0 bind(pid=0 handle=0) syncReady=0 role=2
[efz_netplay_mod][pid=20536] Takeover: connecting diag session=0x04BFB800 sessionOff=0xA02EC roleFlag=2 ping=0 delay=-1 sync(mode=0 flag1084=0 session=0 flags=0/2 ready=0) src(exe=1 dll=1 roleDll=1 sessDll=1) hits(rc=2 auto=1 cp=0 wpm=0 crt=0)
[efz_netplay_mod][pid=20536] LobbySession::DoPollStatus: response='{"alias":"EFZ","challenges":[],"id":4877,"idle":[["Aquatic_mod",1],["Aquatic",2]],"msg":"OK","playing":[],"status":"OK"}
'
[efz_netplay_mod][pid=20536] Takeover: late PatchIat retry result=1 attempts=13 success=13 elapsed=6500ms
[efz_netplay_mod][pid=20536] HookedTitleUpdateImpl: calls=3600 netplayActive=1
[efz_netplay_mod][pid=20536] StateExport: heartbeat seq=7200 activity=1 menu=1 screen=0 mode=1 phase=1 role=0 side=-1 p1Wins=0 p2Wins=0 ping=-1 delay=-1 local='Aquatic' p1='' p2='' revival='1.02h' caps=0xB5 sessionId=2 setId=0 endReason=0
[efz_netplay_mod][pid=20536] NetplayFrame: updates=3373 menu=Lobby selection=0 row=6(ROW_RESERVED6) inactivity=639 slide=0 nativeSlideRaw=0 nativeSlideScaled=0
[efz_netplay_mod][pid=20536] LobbySession::DoPollStatus: response='{"alias":"EFZ","challenges":[],"id":4877,"idle":[["Aquatic_mod",1],["Aquatic",2]],"msg":"OK","playing":[],"status":"OK"}
'
[efz_netplay_mod][pid=20536] Takeover: connecting diag session=0x04BFB800 sessionOff=0xA02EC roleFlag=2 ping=0 delay=-1 sync(mode=0 flag1084=0 session=0 flags=0/2 ready=0) src(exe=1 dll=1 roleDll=1 sessDll=1) hits(rc=2 auto=1 cp=0 wpm=0 crt=0)
[efz_netplay_mod][pid=20536] Takeover: runtime-ready probe ready=0 source=none localInit=0 prompt=0 input=0 session=0 bind(pid=0 handle=0) syncReady=0 role=2
[efz_netplay_mod][pid=20536] NetplayFrame: updates=3501 menu=Lobby selection=0 row=6(ROW_RESERVED6) inactivity=767 slide=0 nativeSlideRaw=0 nativeSlideScaled=0
[efz_netplay_mod][pid=20536] TICK_HOOK: heartbeat frameTick=600 session=0x04BFB800 exeECX=0x11EE6888 match=0
[efz_netplay_mod][pid=20536] Takeover: late PatchIat retry result=1 attempts=19 success=19 elapsed=9500ms
[efz_netplay_mod][pid=20536] LobbySession::DoPollStatus: response='{"alias":"EFZ","challenges":[],"id":4877,"idle":[["Aquatic_mod",1],["Aquatic",2]],"msg":"OK","playing":[],"status":"OK"}
'
[efz_netplay_mod][pid=20536] Takeover: connecting diag session=0x04BFB800 sessionOff=0xA02EC roleFlag=2 ping=0 delay=-1 sync(mode=0 flag1084=0 session=0 flags=0/2 ready=0) src(exe=1 dll=1 roleDll=1 sessDll=1) hits(rc=2 auto=1 cp=0 wpm=0 crt=0)
[efz_netplay_mod][pid=20536] LobbySession::DoPollStatus: response='{"alias":"EFZ","challenges":[],"id":4877,"idle":[["Aquatic_mod",1],["Aquatic",2]],"msg":"OK","playing":[],"status":"OK"}
'
[efz_netplay_mod][pid=20536] HookedTitleUpdateImpl: calls=3900 netplayActive=1
[efz_netplay_mod][pid=20536] NetplayFrame: updates=3629 menu=Lobby selection=0 row=6(ROW_RESERVED6) inactivity=895 slide=0 nativeSlideRaw=0 nativeSlideScaled=0
[efz_netplay_mod][pid=20536] StateExport: heartbeat seq=7800 activity=1 menu=1 screen=0 mode=1 phase=1 role=0 side=-1 p1Wins=0 p2Wins=0 ping=-1 delay=-1 local='Aquatic' p1='' p2='' revival='1.02h' caps=0xB5 sessionId=2 setId=0 endReason=0
[efz_netplay_mod][pid=20536] Takeover: runtime-ready probe ready=0 source=none localInit=0 prompt=0 input=0 session=0 bind(pid=0 handle=0) syncReady=0 role=2
[efz_netplay_mod][pid=20536] Takeover: connecting diag session=0x04BFB800 sessionOff=0xA02EC roleFlag=2 ping=0 delay=-1 sync(mode=0 flag1084=0 session=0 flags=0/2 ready=0) src(exe=1 dll=1 roleDll=1 sessDll=1) hits(rc=2 auto=1 cp=0 wpm=0 crt=0)
[efz_netplay_mod][pid=20536] Takeover: late PatchIat retry result=1 attempts=25 success=25 elapsed=12516ms
[efz_netplay_mod][pid=20536] LobbySession::DoPollStatus: response='{"alias":"EFZ","challenges":[],"id":4877,"idle":[["Aquatic_mod",1],["Aquatic",2]],"msg":"OK","playing":[],"status":"OK"}
'
[efz_netplay_mod][pid=20536] NetplayFrame: updates=3756 menu=Lobby selection=0 row=6(ROW_RESERVED6) inactivity=1022 slide=0 nativeSlideRaw=0 nativeSlideScaled=0
[efz_netplay_mod][pid=17932] nb_stub_ReadConsoleA: passthrough (ready=1 result=1 read=1 err=0)
[efz_netplay_mod][pid=20536] Takeover: connecting diag session=0x04BFB800 sessionOff=0xA02EC roleFlag=2 ping=0 delay=-1 sync(mode=0 flag1084=0 session=0 flags=0/2 ready=0) src(exe=1 dll=1 roleDll=1 sessDll=1) hits(rc=2 auto=1 cp=0 wpm=0 crt=0)
[efz_netplay_mod][pid=20536] LobbySession::DoPollStatus: response='{"alias":"EFZ","challenges":[],"id":4877,"idle":[["Aquatic_mod",1],["Aquatic",2]],"msg":"OK","playing":[],"status":"OK"}
'
[efz_netplay_mod][pid=20536] Takeover: runtime-ready probe ready=0 source=none localInit=0 prompt=0 input=0 session=0 bind(pid=0 handle=0) syncReady=0 role=2
[efz_netplay_mod][pid=20536] NetplayFrame: updates=3884 menu=Lobby selection=0 row=6(ROW_RESERVED6) inactivity=1150 slide=0 nativeSlideRaw=0 nativeSlideScaled=0
[efz_netplay_mod][pid=20536] Takeover: late PatchIat retry result=1 attempts=31 success=31 elapsed=15516ms
[efz_netplay_mod][pid=20536] HookedTitleUpdateImpl: calls=4200 netplayActive=1
[efz_netplay_mod][pid=20536] Takeover: connecting diag session=0x04BFB800 sessionOff=0xA02EC roleFlag=2 ping=0 delay=-1 sync(mode=0 flag1084=0 session=0 flags=0/2 ready=0) src(exe=1 dll=1 roleDll=1 sessDll=1) hits(rc=2 auto=1 cp=0 wpm=0 crt=0)
[efz_netplay_mod][pid=20536] StateExport: heartbeat seq=8400 activity=1 menu=1 screen=0 mode=1 phase=1 role=0 side=-1 p1Wins=0 p2Wins=0 ping=-1 delay=-1 local='Aquatic' p1='' p2='' revival='1.02h' caps=0xB5 sessionId=2 setId=0 endReason=0
[efz_netplay_mod][pid=20536] LobbySession::DoPollStatus: response='{"alias":"EFZ","challenges":[],"id":4877,"idle":[["Aquatic_mod",1],["Aquatic",2]],"msg":"OK","playing":[],"status":"OK"}
'
[efz_netplay_mod][pid=20536] NetplayFrame: updates=4012 menu=Lobby selection=0 row=6(ROW_RESERVED6) inactivity=1278 slide=0 nativeSlideRaw=0 nativeSlideScaled=0
[efz_netplay_mod][pid=17932] Takeover: console prompt detected type=delay serial=1 avg=-1 minPing=-1 maxPing=-1 rec=-1 range=0..20 text='Enter the initial input delay (between ) 0 and 20, none for recommended):'
[efz_netplay_mod][pid=20536] Takeover: delay prompt observed promptSerial=1 servedSerial=0 (waiting for init handshake/runtime sync before connected)
[efz_netplay_mod][pid=20536] DelayOverlay: activated promptSerial=1 ping=-1 current=0 min=0 max=20 recommended=0 names='' vs ''
[efz_netplay_mod][pid=20536] DelaySetupOverlay: notifying lobby — setting inBattle=true (P2P match path)
[efz_netplay_mod][pid=20536] LobbySession::NotifyMatchConnected: inBattle=true
[efz_netplay_mod][pid=20536] DelayOverlay: pixel draw surface=640x480 pitch=640
[efz_netplay_mod][pid=20536] LobbySession::DoPollStatus: response='{"alias":"EFZ","challenges":[],"id":4877,"idle":[["Aquatic_mod",1],["Aquatic",2]],"msg":"OK","playing":[],"status":"OK"}
'
[efz_netplay_mod][pid=20536] LobbySession: ConfirmAccept with no pending target, ignoring
[efz_netplay_mod][pid=20536] Takeover: runtime-ready probe ready=0 source=none localInit=0 prompt=0 input=0 session=0 bind(pid=0 handle=0) syncReady=0 role=2
[efz_netplay_mod][pid=20536] Takeover: connecting diag session=0x04BFB800 sessionOff=0xA02EC roleFlag=2 ping=0 delay=-1 sync(mode=0 flag1084=0 session=0 flags=0/2 ready=0) src(exe=1 dll=1 roleDll=1 sessDll=1) hits(rc=2 auto=1 cp=0 wpm=0 crt=0)
[efz_netplay_mod][pid=20536] LobbySession::DoPollStatus: response='{"alias":"EFZ","challenges":[],"id":4877,"idle":[],"msg":"OK","playing":[["Aquatic_mod","Aquatic",1,2,"91.214.211.2:10800"]],"status":"OK"}
'
[efz_netplay_mod][pid=20536] Takeover: late PatchIat retry result=1 attempts=37 success=37 elapsed=18516ms
[efz_netplay_mod][pid=20536] TICK_HOOK: heartbeat frameTick=1200 session=0x04BFB800 exeECX=0x11EE6888 match=0
[efz_netplay_mod][pid=20536] NetplayFrame: updates=4140 menu=Lobby selection=0 row=6(ROW_RESERVED6) inactivity=1406 slide=0 nativeSlideRaw=0 nativeSlideScaled=0
[efz_netplay_mod][pid=20536] Takeover: connecting diag session=0x04BFB800 sessionOff=0xA02EC roleFlag=2 ping=0 delay=-1 sync(mode=0 flag1084=0 session=0 flags=0/2 ready=0) src(exe=1 dll=1 roleDll=1 sessDll=1) hits(rc=2 auto=1 cp=0 wpm=0 crt=0)
[efz_netplay_mod][pid=20536] LobbySession::DoPollStatus: response='{"alias":"EFZ","challenges":[],"id":4877,"idle":[],"msg":"OK","playing":[["Aquatic_mod","Aquatic",1,2,"91.214.211.2:10800"]],"status":"OK"}
'
[efz_netplay_mod][pid=20536] HookedTitleUpdateImpl: calls=4500 netplayActive=1
[efz_netplay_mod][pid=20536] StateExport: heartbeat seq=9000 activity=1 menu=1 screen=0 mode=1 phase=1 role=0 side=-1 p1Wins=0 p2Wins=0 ping=-1 delay=-1 local='Aquatic' p1='' p2='' revival='1.02h' caps=0xB5 sessionId=2 setId=0 endReason=0
[efz_netplay_mod][pid=20536] Takeover: runtime-ready probe ready=0 source=none localInit=0 prompt=0 input=0 session=0 bind(pid=0 handle=0) syncReady=0 role=2
[efz_netplay_mod][pid=20536] NetplayFrame: updates=4268 menu=Lobby selection=0 row=6(ROW_RESERVED6) inactivity=1534 slide=0 nativeSlideRaw=0 nativeSlideScaled=0
[efz_netplay_mod][pid=20536] Takeover: late PatchIat retry result=1 attempts=43 success=43 elapsed=21516ms
[efz_netplay_mod][pid=20536] LobbySession::DoPollStatus: response='{"alias":"EFZ","challenges":[],"id":4877,"idle":[["Player",3]],"msg":"OK","playing":[["Aquatic_mod","Aquatic",1,2,"91.214.211.2:10800"]],"status":"OK"}
'
[efz_netplay_mod][pid=20536] Takeover: connecting diag session=0x04BFB800 sessionOff=0xA02EC roleFlag=2 ping=0 delay=-1 sync(mode=0 flag1084=0 session=0 flags=0/2 ready=0) src(exe=1 dll=1 roleDll=1 sessDll=1) hits(rc=2 auto=1 cp=0 wpm=0 crt=0)
[efz_netplay_mod][pid=20536] NetplayFrame: updates=4395 menu=Lobby selection=0 row=6(ROW_RESERVED6) inactivity=1661 slide=0 nativeSlideRaw=0 nativeSlideScaled=0
[efz_netplay_mod][pid=20536] LobbySession::DoPollStatus: response='{"alias":"EFZ","challenges":[],"id":4877,"idle":[["Player",3]],"msg":"OK","playing":[["Aquatic_mod","Aquatic",1,2,"91.214.211.2:10800"]],"status":"OK"}
'
[efz_netplay_mod][pid=20536] Takeover: connecting diag session=0x04BFB800 sessionOff=0xA02EC roleFlag=2 ping=0 delay=-1 sync(mode=0 flag1084=0 session=0 flags=0/2 ready=0) src(exe=1 dll=1 roleDll=1 sessDll=1) hits(rc=2 auto=1 cp=0 wpm=0 crt=0)
[efz_netplay_mod][pid=20536] Takeover: runtime-ready probe ready=0 source=none localInit=0 prompt=0 input=0 session=0 bind(pid=0 handle=0) syncReady=0 role=2
[efz_netplay_mod][pid=20536] Takeover: late PatchIat retry result=1 attempts=49 success=49 elapsed=24531ms
[efz_netplay_mod][pid=20536] LobbySession::DoPollStatus: response='{"alias":"EFZ","challenges":[],"id":4877,"idle":[["Player",3]],"msg":"OK","playing":[["Aquatic_mod","Aquatic",1,2,"91.214.211.2:10800"]],"status":"OK"}
'
[efz_netplay_mod][pid=20536] NetplayFrame: updates=4523 menu=Lobby selection=0 row=6(ROW_RESERVED6) inactivity=1789 slide=0 nativeSlideRaw=0 nativeSlideScaled=0
[efz_netplay_mod][pid=20536] HookedTitleUpdateImpl: calls=4800 netplayActive=1
[efz_netplay_mod][pid=20536] StateExport: heartbeat seq=9600 activity=1 menu=1 screen=0 mode=1 phase=1 role=0 side=-1 p1Wins=0 p2Wins=0 ping=-1 delay=-1 local='Aquatic' p1='' p2='' revival='1.02h' caps=0xB5 sessionId=2 setId=0 endReason=0
[efz_netplay_mod][pid=20536] Takeover: connecting diag session=0x04BFB800 sessionOff=0xA02EC roleFlag=2 ping=0 delay=-1 sync(mode=0 flag1084=0 session=0 flags=0/2 ready=0) src(exe=1 dll=1 roleDll=1 sessDll=1) hits(rc=2 auto=1 cp=0 wpm=0 crt=0)
[efz_netplay_mod][pid=20536] LobbySession::DoPollStatus: response='{"alias":"EFZ","challenges":[],"id":4877,"idle":[["Player",3]],"msg":"OK","playing":[["Aquatic_mod","Aquatic",1,2,"91.214.211.2:10800"]],"status":"OK"}
'
[efz_netplay_mod][pid=20536] Takeover: runtime-ready probe ready=0 source=none localInit=0 prompt=0 input=0 session=0 bind(pid=0 handle=0) syncReady=0 role=2
[efz_netplay_mod][pid=20536] NetplayFrame: updates=4651 menu=Lobby selection=0 row=6(ROW_RESERVED6) inactivity=1917 slide=0 nativeSlideRaw=0 nativeSlideScaled=0
[efz_netplay_mod][pid=20536] Takeover: late PatchIat retry result=1 attempts=55 success=55 elapsed=27531ms
[efz_netplay_mod][pid=20536] Takeover: connecting diag session=0x04BFB800 sessionOff=0xA02EC roleFlag=2 ping=0 delay=-1 sync(mode=0 flag1084=0 session=0 flags=0/2 ready=0) src(exe=1 dll=1 roleDll=1 sessDll=1) hits(rc=2 auto=1 cp=0 wpm=0 crt=0)
[efz_netplay_mod][pid=20536] TICK_HOOK: heartbeat frameTick=1800 session=0x04BFB800 exeECX=0x11EE6888 match=0
[efz_netplay_mod][pid=20536] LobbySession::DoPollStatus: response='{"alias":"EFZ","challenges":[],"id":4877,"idle":[["Player",3]],"msg":"OK","playing":[["Aquatic_mod","Aquatic",1,2,"91.214.211.2:10800"]],"status":"OK"}
'
[efz_netplay_mod][pid=20536] NetplayFrame: updates=4779 menu=Lobby selection=0 row=6(ROW_RESERVED6) inactivity=2045 slide=0 nativeSlideRaw=0 nativeSlideScaled=0
[efz_netplay_mod][pid=20536] LobbySession::DoPollStatus: response='{"alias":"EFZ","challenges":[],"id":4877,"idle":[["Player",3]],"msg":"OK","playing":[["Aquatic_mod","Aquatic",1,2,"91.214.211.2:10800"]],"status":"OK"}
'
[efz_netplay_mod][pid=20536] Takeover: connecting diag session=0x04BFB800 sessionOff=0xA02EC roleFlag=2 ping=0 delay=-1 sync(mode=0 flag1084=0 session=0 flags=0/2 ready=0) src(exe=1 dll=1 roleDll=1 sessDll=1) hits(rc=2 auto=1 cp=0 wpm=0 crt=0)
[efz_netplay_mod][pid=20536] Takeover: runtime-ready probe ready=0 source=none localInit=0 prompt=0 input=0 session=0 bind(pid=0 handle=0) syncReady=0 role=2
[efz_netplay_mod][pid=20536] HookedTitleUpdateImpl: calls=5100 netplayActive=1
[efz_netplay_mod][pid=20536] StateExport: heartbeat seq=10200 activity=1 menu=1 screen=0 mode=1 phase=1 role=0 side=-1 p1Wins=0 p2Wins=0 ping=-1 delay=-1 local='Aquatic' p1='' p2='' revival='1.02h' caps=0xB5 sessionId=2 setId=0 endReason=0
[efz_netplay_mod][pid=20536] NetplayInput: P1(h=0 v=0 c=1 b=0) P2(h=0 v=0 c=0 b=0)
[efz_netplay_mod][pid=17932] nb_stub_ReadConsoleA: auto input serial=1 source=injected reason=prompt_delay_selected read=128 value='0
' count=2
[efz_netplay_mod][pid=20536] Takeover: ApplyInputDelay queued prompt input value=0 promptSerial=1 inputSerial=1
[efz_netplay_mod][pid=20536] SessionBridge: ApplyInputDelay value=0 result=1 phase=Connecting
[efz_netplay_mod][pid=20536] PlayUiSound: sfx=6 gameSystem=0x11A60048
[efz_netplay_mod][pid=20536] DelayOverlay: confirmed player=0 selected=0 recommended=0 min=0 max=20 ping=-1 phase=Connecting syncReady=0
[efz_netplay_mod][pid=20536] DelayOverlay: waiting for runtime sync after delay selection phase=Connecting prompt=1/1
[efz_netplay_mod][pid=20536] NetplayInput: P1(h=0 v=0 c=0 b=0) P2(h=0 v=0 c=0 b=0)
[efz_netplay_mod][pid=17932] nb_stub_CreateProcessA: redirected to host pid=20536 source=injected
[efz_netplay_mod][pid=17932] nb_stub_ReadProcessMemory: spoof addr=0x007871F4 size=4 value=0x4386998F count=1
[efz_netplay_mod][pid=17932] nb_stub_CreateRemoteThread: bypass call start=0x76BC0E70 call=1 base=0x6C730000
[efz_netplay_mod][pid=20536] Takeover: observed takeover create path hits cp=1 wpm=1 crt=1
[efz_netplay_mod][pid=17932] nb_stub_WriteProcessMemory: observed init write mode=0 magic=102 dst=0x02EA0000
[efz_netplay_mod][pid=17932] nb_stub_WriteProcessMemory: captured init params via write mode=0 magic=102
[efz_netplay_mod][pid=17932] nb_stub_CreateRemoteThread: captured init params mode=0 magic=102 start=0x6C79F0B0 call=2
[efz_netplay_mod][pid=17932] Takeover: capture revival native logs=0 source=ini:D:\EFZ + Revival 1.02h\EfzRevival.ini
[efz_netplay_mod][pid=20536] DIAG[Tick_init_handshake_pre]: dllExitPatchesSaved=0 tournamentPatchesSaved=0 renderContextSaved=1 savedRenderCtx=0x725C6BC8
[efz_netplay_mod][pid=20536] DIAG[Tick_init_handshake_pre]: dllBase=0x6C730000 roleFlag=2 sessionPtr=0x04BFB800 renderCtx=0x725C6BC8 globalState=0x11A60048
[efz_netplay_mod][pid=20536] DIAG[Tick_init_handshake_pre]: session vtable=0x6C7C0544 initComplete=146014280 activePlayer=0
[efz_netplay_mod][pid=20536] DIAG[Tick_init_handshake_pre]: exitPatch[0] RVA=0x79BFD byte=0x74 expected=0x74
[efz_netplay_mod][pid=20536] DIAG[Tick_init_handshake_pre]: exitPatch[1] RVA=0x72CAF byte=0x74 expected=0x74
[efz_netplay_mod][pid=20536] DIAG[Tick_init_handshake_pre]: nearJccPatch[0] RVA=0x72B25 bytes=0F 85
[efz_netplay_mod][pid=20536] DIAG[Tick_init_handshake_pre]: nearJccPatch[1] RVA=0x72B2E bytes=0F 85
[efz_netplay_mod][pid=20536] DIAG[Tick_init_handshake_pre]: nearJccPatch[2] RVA=0x72EAB bytes=0F 84
[efz_netplay_mod][pid=20536] DIAG[Tick_init_handshake_pre]: nearJccPatch[3] RVA=0x72EBE bytes=0F 84
[efz_netplay_mod][pid=20536] DIAG[Tick_init_handshake_pre]: nearJccPatch[4] RVA=0x74CA1 bytes=0F 84
[efz_netplay_mod][pid=20536] DIAG[Tick_init_handshake_pre]: nearJccPatch[5] RVA=0x74CB4 bytes=0F 84
[efz_netplay_mod][pid=20536] DIAG[Tick_init_handshake_pre]: nearJccPatch[6] RVA=0x74CC1 bytes=0F 84
[efz_netplay_mod][pid=20536] DIAG[Tick_init_handshake_pre]: localRoleFlag=2 localInitApplied=0 exitIntercepted=0 exitMode=-1 frameHookInstalled=1 frameRecoveryPending=0 forceLocalPlayInitCount=0
[efz_netplay_mod][pid=20536] DIAG[Tick_init_handshake_pre]: revivalProcess=0x00001310 revivalPid=17932 lastValidatedSession=0x04BFB800 lastSessionPtrOffset=0xA02EC
[efz_netplay_mod][pid=20536] Takeover: init handshake observed (deferred) mode=0 magic=102 serial=4
[efz_netplay_mod][pid=20536] INIT_SNAP[Tick_init_pre]: roleFlag=2 sessionPtr=0x04BFB800 initFlag=0 initByte=0x00 renderCtx=0x725C6BC8 renderCtxBase=0x00000000 initOnceGuard=0x00000101 timerPtr=0x725C6AD0 globalStatePtr=0x11A60048
[efz_netplay_mod][pid=20536] INIT_SNAP[Tick_init_pre]: roleFlag[1]=0xA0610 val=1820128124
[efz_netplay_mod][pid=20536] INIT_SNAP[Tick_init_pre]: session vtable=0x6C7C0544 initComplete=146014280 activePlayer=0 queuePlayer=0 inputDelay=715108996
[efz_netplay_mod][pid=20536] INIT_SNAP[Tick_init_pre]: session currentFrame=0 gameModeSnap=0 matchId=0 sentinel=497005235 helperHandle=0x00000000
[efz_netplay_mod][pid=20536] INIT_SNAP[Tick_init_pre]: session histPrimary=0x00000000 histSecondary=0x00000000 histPrimaryVec=0x04BFBB14 histSecondaryVec=0x04BFBB20
[efz_netplay_mod][pid=20536] INIT_SNAP[Tick_init_pre]: session +4=13304013 +8=13107408 +12=2031646 +16=3080224 +36=1
[efz_netplay_mod][pid=20536] INIT_SNAP[Tick_init_pre]: g_localRoleFlag=2 g_localInitApplied=0 g_dllExitPatchesSaved=0 g_tournamentPatchesSaved=0 g_renderContextSaved=1 g_savedRenderCtx=0x725C6BC8 g_frameHookInstalled=1 initCount=0
[efz_netplay_mod][pid=20536] Tick_init_handshake: DestroyCurrentSession starting session=0x04BFB800 role=2
[efz_netplay_mod][pid=20536] Tick_init_handshake: DestroyCurrentSession vtable=0x6C7C0544 (RVA 0x00090544)
[efz_netplay_mod][pid=20536] Tick_init_handshake: DestroyCurrentSession calling dtor vtable[0]=0x6C759090 session=0x04BFB800 role=2
[efz_netplay_mod][pid=20536] Tick_init_handshake: DestroyCurrentSession destructor completed
[efz_netplay_mod][pid=20536] ResetModeConstructorTrampolineCache: cleared 2 entries
[efz_netplay_mod][pid=20536] Tick_init_handshake: DestroyCurrentSession done session=0x04BFB800 role=2 globalsZeroed=1
[efz_netplay_mod][pid=20536] Tick_init_handshake: about to save EXE hook bytes before init() mode=0 oldSession=0x04BFB800
[efz_netplay_mod][pid=20536] SaveExeFrameHookBytes: saved 10 bytes at 0x00401582 [E9 49 9A 7E 04 90 90 90 90 90]
[efz_netplay_mod][pid=20536] RestoreModeCtorOriginalBytes: restored 0x00763E50=[C6 40 2D 00 8B 4D D0] 0x00763F04=[8B 4D D0 C6 41 2D 00]
[efz_netplay_mod][pid=20536] ResetModeConstructorTrampolineCache: cleared 2 entries
[efz_netplay_mod][pid=20536] Tick_init_handshake: 0x401582 pre-init  [E9 49 9A 7E 04 90 90 90 90 90]
[efz_netplay_mod][pid=20536] Tick_init_handshake: calling init(mode=0, magic=102)
[efz_netplay_mod][pid=20536] Tick_init_handshake: 0x401582 post-init [E9 61 F2 A7 14 90 90 90 90 90]
[efz_netplay_mod][pid=20536] Tick_init_handshake: restoring saved EXE hook bytes (mode=0)
[efz_netplay_mod][pid=20536] RestoreExeFrameHookBytes: restored 10 bytes at 0x00401582 [E9 49 9A 7E 04 90 90 90 90 90]
[efz_netplay_mod][pid=20536] Tick_init_handshake: 0x401582 restored  [E9 49 9A 7E 04 90 90 90 90 90]
[efz_netplay_mod][pid=20536] Tick_init_handshake: modeCtorFixup 0x00763E50 tramp=14E808C8 orig=[C6 40 2D 00 8B 4D D0]
[efz_netplay_mod][pid=20536] Tick_init_handshake: modeCtorFixup 0x00763E50 no relative instructions found
[efz_netplay_mod][pid=20536] Tick_init_handshake: modeCtorFixup 0x00763F04 tramp=14E80A68 orig=[8B 4D D0 C6 41 2D 00]
[efz_netplay_mod][pid=20536] Tick_init_handshake: modeCtorFixup 0x00763F04 no relative instructions found
[efz_netplay_mod][pid=20536] INIT_SNAP[Tick_init_post]: roleFlag=0 sessionPtr=0x14DD6B60 initFlag=0 initByte=0x00 renderCtx=0x725C6BC8 renderCtxBase=0x00000000 initOnceGuard=0x00000101 timerPtr=0x725C6AD0 globalStatePtr=0x11A60048
[efz_netplay_mod][pid=20536] INIT_SNAP[Tick_init_post]: roleFlag[1]=0xA0610 val=1820128124
[efz_netplay_mod][pid=20536] INIT_SNAP[Tick_init_post]: session vtable=0x6C7C0400 initComplete=4 activePlayer=0 queuePlayer=1 inputDelay=0
[efz_netplay_mod][pid=20536] INIT_SNAP[Tick_init_post]: session currentFrame=0 gameModeSnap=0 matchId=0 sentinel=2147482647 helperHandle=0x00000000
[efz_netplay_mod][pid=20536] INIT_SNAP[Tick_init_post]: session histPrimary=0x00000000 histSecondary=0x00000000 histPrimaryVec=0x14DD6E74 histSecondaryVec=0x14DD6E80
[efz_netplay_mod][pid=20536] INIT_SNAP[Tick_init_post]: session +4=10931288 +8=0 +12=0 +16=1348757832 +36=480
[efz_netplay_mod][pid=20536] INIT_SNAP[Tick_init_post]: g_localRoleFlag=0 g_localInitApplied=1 g_dllExitPatchesSaved=0 g_tournamentPatchesSaved=0 g_renderContextSaved=1 g_savedRenderCtx=0x725C6BC8 g_frameHookInstalled=1 initCount=0
[efz_netplay_mod][pid=20536] Takeover: local init(mode=0 magic=102) result=1699592 [deferred] oldSession=0x04BFB800 newSession=0x14DD6B60
[efz_netplay_mod][pid=20536] Takeover: InvokeStartInitPlayer calling sub_10072880 session=0x14DD6B60 fn=0x6C7A3220 initComplete=4
[efz_netplay_mod][pid=20536] Takeover: InvokeStartInitPlayer completed session=0x14DD6B60 initComplete=1 activePlayer=0
[efz_netplay_mod][pid=20536] Takeover: netplay role = Host (P1, activePlayer=0)
[efz_netplay_mod][pid=20536] INIT_SNAP[Tick_startInitPlayer_post]: roleFlag=0 sessionPtr=0x14DD6B60 initFlag=0 initByte=0x00 renderCtx=0x725C6BC8 renderCtxBase=0x00000000 initOnceGuard=0x00000101 timerPtr=0x725C6AD0 globalStatePtr=0x11A60048
[efz_netplay_mod][pid=20536] INIT_SNAP[Tick_startInitPlayer_post]: roleFlag[1]=0xA0610 val=1820128124
[efz_netplay_mod][pid=20536] INIT_SNAP[Tick_startInitPlayer_post]: session vtable=0x6C7C0400 initComplete=1 activePlayer=0 queuePlayer=1 inputDelay=0
[efz_netplay_mod][pid=20536] INIT_SNAP[Tick_startInitPlayer_post]: session currentFrame=0 gameModeSnap=0 matchId=0 sentinel=2147482647 helperHandle=0x00001C48
[efz_netplay_mod][pid=20536] INIT_SNAP[Tick_startInitPlayer_post]: session histPrimary=0x14DD6E74 histSecondary=0x14DD6E80 histPrimaryVec=0x14DD6E74 histSecondaryVec=0x14DD6E80
[efz_netplay_mod][pid=20536] INIT_SNAP[Tick_startInitPlayer_post]: session +4=0 +8=0 +12=0 +16=0 +36=480
[efz_netplay_mod][pid=20536] INIT_SNAP[Tick_startInitPlayer_post]: g_localRoleFlag=0 g_localInitApplied=1 g_dllExitPatchesSaved=0 g_tournamentPatchesSaved=0 g_renderContextSaved=1 g_savedRenderCtx=0x725C6BC8 g_frameHookInstalled=1 initCount=0
[efz_netplay_mod][pid=20536] Takeover: InvokeStartInitPlayer result=1 [deferred]
[efz_netplay_mod][pid=20536] Takeover: init snapshot step SaveAndApplyDllExitProcessPatches for mode=0 (to be reversed by RestoreDllExitProcessPatches on exit)
[efz_netplay_mod][pid=20536] SaveAndApplyDllExitProcessPatches: site 0 RVA 0x79BFD: patched 0x74 -> 0xEB
[efz_netplay_mod][pid=20536] SaveAndApplyDllExitProcessPatches: site 1 RVA 0x72CAF: patched 0x74 -> 0xEB
[efz_netplay_mod][pid=20536] SaveAndApplyDllExitProcessPatches: near-Jcc 0 RVA 0x72B25: patched 0F 85 -> 6xNOP
[efz_netplay_mod][pid=20536] SaveAndApplyDllExitProcessPatches: near-Jcc 1 RVA 0x72B2E: patched 0F 85 -> 6xNOP
[efz_netplay_mod][pid=20536] SaveAndApplyDllExitProcessPatches: near-Jcc 2 RVA 0x72EAB: patched 0F 84 -> 6xNOP
[efz_netplay_mod][pid=20536] SaveAndApplyDllExitProcessPatches: near-Jcc 3 RVA 0x72EBE: patched 0F 84 -> 6xNOP
[efz_netplay_mod][pid=20536] SaveAndApplyDllExitProcessPatches: near-Jcc 4 RVA 0x74CA1: patched 0F 84 -> 6xNOP
[efz_netplay_mod][pid=20536] SaveAndApplyDllExitProcessPatches: near-Jcc 5 RVA 0x74CB4: patched 0F 84 -> 6xNOP
[efz_netplay_mod][pid=20536] SaveAndApplyDllExitProcessPatches: near-Jcc 6 RVA 0x74CC1: patched 0F 84 -> 6xNOP
[efz_netplay_mod][pid=20536] SaveAndApplyDllExitProcessPatches: applied 2/2 single-byte + 7/7 near-Jcc patches
[efz_netplay_mod][pid=20536] SaveAndApplyDllExitProcessPatches: all patches verified OK
[efz_netplay_mod][pid=20536] Takeover: init snapshot complete for mode=0
[efz_netplay_mod][pid=20536] Takeover: post-init session binding mode=0 source=strict session=0x14DD6B60 pidField=17932 expectedPid=17932 handle=0x00001C48 handlePid=17932 handleExit=259 patched(pid=0 handle=0)
[efz_netplay_mod][pid=20536] INIT_SNAP[Tick_initSequence_complete]: roleFlag=0 sessionPtr=0x14DD6B60 initFlag=0 initByte=0x00 renderCtx=0x725C6BC8 renderCtxBase=0x00000000 initOnceGuard=0x00000101 timerPtr=0x725C6AD0 globalStatePtr=0x11A60048
[efz_netplay_mod][pid=20536] INIT_SNAP[Tick_initSequence_complete]: roleFlag[1]=0xA0610 val=1820128124
[efz_netplay_mod][pid=20536] INIT_SNAP[Tick_initSequence_complete]: session vtable=0x6C7C0400 initComplete=1 activePlayer=0 queuePlayer=1 inputDelay=0
[efz_netplay_mod][pid=20536] INIT_SNAP[Tick_initSequence_complete]: session currentFrame=0 gameModeSnap=0 matchId=0 sentinel=2147482647 helperHandle=0x00001C48
[efz_netplay_mod][pid=20536] INIT_SNAP[Tick_initSequence_complete]: session histPrimary=0x14DD6E74 histSecondary=0x14DD6E80 histPrimaryVec=0x14DD6E74 histSecondaryVec=0x14DD6E80
[efz_netplay_mod][pid=20536] INIT_SNAP[Tick_initSequence_complete]: session +4=0 +8=0 +12=0 +16=0 +36=480
[efz_netplay_mod][pid=20536] INIT_SNAP[Tick_initSequence_complete]: g_localRoleFlag=0 g_localInitApplied=1 g_dllExitPatchesSaved=1 g_tournamentPatchesSaved=0 g_renderContextSaved=1 g_savedRenderCtx=0x725C6BC8 g_frameHookInstalled=1 initCount=0
[efz_netplay_mod][pid=20536] DIAG[Tick_init_handshake_post]: dllExitPatchesSaved=1 tournamentPatchesSaved=0 renderContextSaved=1 savedRenderCtx=0x725C6BC8
[efz_netplay_mod][pid=20536] DIAG[Tick_init_handshake_post]: dllBase=0x6C730000 roleFlag=0 sessionPtr=0x14DD6B60 renderCtx=0x725C6BC8 globalState=0x11A60048
[efz_netplay_mod][pid=20536] DIAG[Tick_init_handshake_post]: session vtable=0x6C7C0400 initComplete=1 activePlayer=0
[efz_netplay_mod][pid=20536] DIAG[Tick_init_handshake_post]: exitPatch[0] RVA=0x79BFD byte=0xEB expected=0x74
[efz_netplay_mod][pid=20536] DIAG[Tick_init_handshake_post]: exitPatch[1] RVA=0x72CAF byte=0xEB expected=0x74
[efz_netplay_mod][pid=20536] DIAG[Tick_init_handshake_post]: nearJccPatch[0] RVA=0x72B25 bytes=90 90
[efz_netplay_mod][pid=20536] DIAG[Tick_init_handshake_post]: nearJccPatch[1] RVA=0x72B2E bytes=90 90
[efz_netplay_mod][pid=20536] DIAG[Tick_init_handshake_post]: nearJccPatch[2] RVA=0x72EAB bytes=90 90
[efz_netplay_mod][pid=20536] DIAG[Tick_init_handshake_post]: nearJccPatch[3] RVA=0x72EBE bytes=90 90
[efz_netplay_mod][pid=20536] DIAG[Tick_init_handshake_post]: nearJccPatch[4] RVA=0x74CA1 bytes=90 90
[efz_netplay_mod][pid=20536] DIAG[Tick_init_handshake_post]: nearJccPatch[5] RVA=0x74CB4 bytes=90 90
[efz_netplay_mod][pid=20536] DIAG[Tick_init_handshake_post]: nearJccPatch[6] RVA=0x74CC1 bytes=90 90
[efz_netplay_mod][pid=20536] DIAG[Tick_init_handshake_post]: localRoleFlag=0 localInitApplied=1 exitIntercepted=0 exitMode=-1 frameHookInstalled=1 frameRecoveryPending=0 forceLocalPlayInitCount=0
[efz_netplay_mod][pid=20536] DIAG[Tick_init_handshake_post]: revivalProcess=0x00001310 revivalPid=17932 lastValidatedSession=0x14DD6B60 lastSessionPtrOffset=0xA02EC
[efz_netplay_mod][pid=20536] Takeover: runtime-ready probe ready=1 source=post_delay_binding localInit=1 prompt=1 input=1 session=1 bind(pid=1 handle=1) syncReady=0 role=0
[efz_netplay_mod][pid=20536] Takeover: phase Connecting -> DelaySetup reason=''
[efz_netplay_mod][pid=20536] Takeover: promoted to delay setup prompt=1/1 ping=0 delay=0
[efz_netplay_mod][pid=20536] Takeover: phase DelaySetup -> Connected reason=''
[efz_netplay_mod][pid=20536] Takeover: promoted to connected after runtime ready source=post_delay_binding sync=0/0/0 ping=0 delay=0
[efz_netplay_mod][pid=20536] StateExport: network ping=-1->0 delay=-1->0 seq=10255
[efz_netplay_mod][pid=20536] DelayOverlay: connected pre-handoff delay started frames=18 sync(mode=0 flag1084=0 session=0)
[efz_netplay_mod][pid=20536] StateExport: nicknames local='Aquatic'->'Aquatic' p1=''->'Aquatic' p2=''->'Aquatic_mod' seq=10256
[efz_netplay_mod][pid=20536] StateExport: network ping=0->1 delay=0->0 seq=10267
[efz_netplay_mod][pid=20536] StateExport: network ping=1->2 delay=0->0 seq=10292
[efz_netplay_mod][pid=20536] StateExport: network ping=2->1 delay=0->0 seq=10305
[efz_netplay_mod][pid=20536] LobbySession::DoPollStatus: response='{"alias":"EFZ","challenges":[],"id":4877,"idle":[["Player",3]],"msg":"OK","playing":[["Aquatic_mod","Aquatic",1,2,"91.214.211.2:10800"]],"status":"OK"}
'
[efz_netplay_mod][pid=20536] StateExport: network ping=1->0 delay=0->0 seq=10318
[efz_netplay_mod][pid=20536] StateExport: network ping=0->1 delay=0->0 seq=10331
[efz_netplay_mod][pid=20536] StateExport: network ping=1->0 delay=0->0 seq=10407
[efz_netplay_mod][pid=20536] StateExport: network ping=0->1 delay=0->0 seq=10420
[efz_netplay_mod][pid=20536] LobbySession::DoPollStatus: response='{"alias":"EFZ","challenges":[],"id":4877,"idle":[["Player",3]],"msg":"OK","playing":[["Aquatic_mod","Aquatic",1,2,"91.214.211.2:10800"]],"status":"OK"}
'
[efz_netplay_mod][pid=20536] StateExport: network ping=1->2 delay=0->0 seq=10497
[efz_netplay_mod][pid=20536] StateExport: network ping=2->1 delay=0->0 seq=10509
[efz_netplay_mod][pid=20536] LobbySession::DoPollStatus: response='{"alias":"EFZ","challenges":[],"id":4877,"idle":[["Player",3]],"msg":"OK","playing":[["Aquatic_mod","Aquatic",1,2,"91.214.211.2:10800"]],"status":"OK"}
'
[efz_netplay_mod][pid=20536] StateExport: network ping=1->2 delay=0->0 seq=10573
[efz_netplay_mod][pid=20536] StateExport: network ping=2->1 delay=0->0 seq=10586
[efz_netplay_mod][pid=20536] StateExport: network ping=1->0 delay=0->0 seq=10599
[efz_netplay_mod][pid=20536] StateExport: network ping=0->1 delay=0->0 seq=10612
[efz_netplay_mod][pid=20536] LobbySession::DoPollStatus: response='{"alias":"EFZ","challenges":[],"id":4877,"idle":[["Player",3]],"msg":"OK","playing":[["Aquatic_mod","Aquatic",1,2,"91.214.211.2:10800"]],"status":"OK"}
'
[efz_netplay_mod][pid=20536] TICK_HOOK: heartbeat frameTick=2400 session=0x14DD6B60 exeECX=0x11EE6888 match=0
[efz_netplay_mod][pid=20536] LobbySession::DoPollStatus: response='{"alias":"EFZ","challenges":[],"id":4877,"idle":[["Player",3]],"msg":"OK","playing":[["Aquatic_mod","Aquatic",1,2,"91.214.211.2:10800"]],"status":"OK"}
'
[efz_netplay_mod][pid=20536] StateExport: network ping=1->0 delay=0->0 seq=10752
[efz_netplay_mod][pid=20536] StateExport: network ping=0->1 delay=0->0 seq=10765
[efz_netplay_mod][pid=20536] StateExport: heartbeat seq=10800 activity=1 menu=1 screen=0 mode=1 phase=3 role=1 side=0 p1Wins=0 p2Wins=0 ping=1 delay=0 local='Aquatic' p1='Aquatic' p2='Aquatic_mod' revival='1.02h' caps=0xBD sessionId=2 setId=0 endReason=0
[efz_netplay_mod][pid=20536] LobbySession::DoPollStatus: response='{"alias":"EFZ","challenges":[],"id":4877,"idle":[["Player",3]],"msg":"OK","playing":[["Aquatic_mod","Aquatic",1,2,"91.214.211.2:10800"]],"status":"OK"}
'
[efz_netplay_mod][pid=20536] LobbySession::DoPollStatus: response='{"alias":"EFZ","challenges":[],"id":4877,"idle":[["Player",3]],"msg":"OK","playing":[["Aquatic_mod","Aquatic",1,2,"91.214.211.2:10800"]],"status":"OK"}
'
[efz_netplay_mod][pid=20536] LobbySession::DoPollStatus: response='{"alias":"EFZ","challenges":[],"id":4877,"idle":[["Player",3]],"msg":"OK","playing":[["Aquatic_mod","Aquatic",1,2,"91.214.211.2:10800"]],"status":"OK"}
'
[efz_netplay_mod][pid=20536] NetplayFrame: updates=4859 menu=Lobby selection=0 row=6(ROW_RESERVED6) inactivity=2124 slide=0 nativeSlideRaw=0 nativeSlideScaled=0
[efz_netplay_mod][pid=20536] NetplayInput: P1(h=0 v=1 c=0 b=0) P2(h=0 v=0 c=0 b=0)
[efz_netplay_mod][pid=20536] NetplayInput: P1(h=0 v=0 c=0 b=0) P2(h=0 v=0 c=0 b=0)
[efz_netplay_mod][pid=20536] NetplayInput: P1(h=0 v=1 c=0 b=0) P2(h=0 v=0 c=0 b=0)
[efz_netplay_mod][pid=20536] NetplayInput: P1(h=0 v=0 c=0 b=0) P2(h=0 v=0 c=0 b=0)
[efz_netplay_mod][pid=20536] NetplayInput: P1(h=0 v=0 c=1 b=0) P2(h=0 v=0 c=0 b=0)
[efz_netplay_mod][pid=20536] NetplayInput: P1(h=0 v=0 c=0 b=0) P2(h=0 v=0 c=0 b=0)
[efz_netplay_mod][pid=20536] DelayOverlay: runtime sync ready after delay selection phase=Connected sync(mode=0 flag1084=0 session=0)
[efz_netplay_mod][pid=20536] Takeover: host revival base=0x6C730000
[efz_netplay_mod][pid=20536] Takeover: PrepareVsHumanHandoff roleSet=1 syncReady=0 mode=0 flag1084=0 sessionByte=0 flags=0/2 roleFlag=0
[efz_netplay_mod][pid=20536] SessionBridge: PrepareVsHumanHandoff result=1 sync(mode=0 flag1084=0 session=0 flags=0/2)
[efz_netplay_mod][pid=20536] HandoffConnectedSessionToVsHumanState: begin prepared=1 sync(mode=0 flag1084=0 session=0 flags=0/2 role=0) screen=0 peerAlive=1 PRE_charselect(obj=0x11EE6CE0 init=1 exit=0 mode=0/2)
[efz_netplay_mod][pid=20536] RunTransitionFadeOut: begin palette=300837046 baseVolume=0 volumeAdjustment=0
[efz_netplay_mod][pid=20536] RunTransitionFadeOut: complete result=1
[efz_netplay_mod][pid=20536] PrepareVsHumanGameState: charselect full reset grid p1(0,0) p2(2,0) color=0/0 (obj=0x11EE6CE0)
[efz_netplay_mod][pid=20536] PrepareVsHumanGameState: mode=4 secondaryMode=4 replaySession=0 rounds=2 cpuFlags=0/0 wins=0/0 match=0 continue=0 stage=0
[efz_netplay_mod][pid=20536] StopCurrentBgm: reason=handoff_connected_session gameSystem=0x11A60048 result=1
[efz_netplay_mod][pid=20536] RemoveNetplayWindowHook: restored
[efz_netplay_mod][pid=20536] StateExport: STALL detected — 328 ms since last update (seq=11103 phase=3)
[efz_netplay_mod][pid=20536] StateExport: flow menu=1->0 charsel=0->0 match=0->0 screen=0 mode=1 phase=3 role=1 p1Wins=0 p2Wins=0
[efz_netplay_mod][pid=20536] StateExport: activity 1->0 screen=0 mode=1 phase=3 role=1 side=0 p1='Aquatic' p2='Aquatic_mod' caps=0x2D sessionId=2 setId=0 seq=11104
[efz_netplay_mod][pid=20536] HandoffConnectedSessionToVsHumanState: queued global transition nextState=1 returnToNetplay=1 POST_charselect(init=1 exit=0 mode=4/4)
[efz_netplay_mod][pid=20536] NetplayTransition: returning global state=1 from netplay menu
[efz_netplay_mod][pid=20536] StateExport: charsel p1CharId=255->6 locked=0->0 p2CharId=255->4 locked=0->0 cursor=6 seq=11105
[efz_netplay_mod][pid=20536] StateExport: flow menu=0->0 charsel=0->1 match=0->0 screen=1 mode=1 phase=3 role=1 p1Wins=0 p2Wins=0
[efz_netplay_mod][pid=20536] StateExport: activity 0->4 screen=1 mode=1 phase=3 role=1 side=0 p1='Aquatic' p2='Aquatic_mod' caps=0x1ED sessionId=2 setId=0 seq=11105
[efz_netplay_mod][pid=20536] StateExport:   charsel p1CharId=6 p2CharId=4 p1Locked=0 p2Locked=0 cursorChar=6
[efz_netplay_mod][pid=20536] SCREEN_MONITOR: index 0 -> 1 tick=2786 mode=4/4 screenObj=0x11EE6CE0 charselect(init=1 exit=0 obj=0x11EE6CE0)
[efz_netplay_mod][pid=20536] StateExport: STALL detected — 343 ms since last update (seq=11105 phase=3)
[efz_netplay_mod][pid=20536] StateExport: network ping=1->1 delay=0->1 seq=11106
[efz_netplay_mod][pid=20536] LobbySession::DoPollStatus: response='{"alias":"EFZ","challenges":[],"id":4877,"idle":[["Player",3]],"msg":"OK","playing":[["Aquatic_mod","Aquatic",1,2,"91.214.211.2:10800"]],"status":"OK"}
'
[efz_netplay_mod][pid=20536] StateExport: network ping=1->0 delay=1->1 seq=11137
[efz_netplay_mod][pid=20536] StateExport: network ping=0->1 delay=1->1 seq=11150
[efz_netplay_mod][pid=20536] StateExport: network ping=1->0 delay=1->1 seq=11163
[efz_netplay_mod][pid=20536] StateExport: network ping=0->1 delay=1->1 seq=11176
[efz_netplay_mod][pid=20536] StateExport: network ping=1->0 delay=1->1 seq=11188
[efz_netplay_mod][pid=20536] StateExport: network ping=0->1 delay=1->1 seq=11227
[efz_netplay_mod][pid=20536] LobbySession::DoPollStatus: response='{"alias":"EFZ","challenges":[],"id":4877,"idle":[],"msg":"OK","playing":[["Aquatic_mod","Aquatic",1,2,"91.214.211.2:10800"]],"status":"OK"}
'
[efz_netplay_mod][pid=20536] StateExport: network ping=1->2 delay=1->1 seq=11240
[efz_netplay_mod][pid=20536] StateExport: network ping=2->0 delay=1->1 seq=11252
[efz_netplay_mod][pid=20536] StateExport: network ping=0->3 delay=1->1 seq=11291
[efz_netplay_mod][pid=20536] StateExport: network ping=3->1 delay=1->1 seq=11303
[efz_netplay_mod][pid=20536] StateExport: network ping=1->0 delay=1->1 seq=11316
[efz_netplay_mod][pid=20536] TICK_HOOK: heartbeat frameTick=3000 session=0x14DD6B60 exeECX=0x11EE6CE0 match=0
[efz_netplay_mod][pid=20536] StateExport: network ping=0->1 delay=1->1 seq=11329
[efz_netplay_mod][pid=20536] LobbySession::DoPollStatus: response='{"alias":"EFZ","challenges":[],"id":4877,"idle":[],"msg":"OK","playing":[["Aquatic_mod","Aquatic",1,2,"91.214.211.2:10800"]],"status":"OK"}
'
[efz_netplay_mod][pid=20536] StateExport: network ping=1->0 delay=1->1 seq=11341
[efz_netplay_mod][pid=20536] StateExport: network ping=0->1 delay=1->1 seq=11354
[efz_netplay_mod][pid=20536] StateExport: network ping=1->0 delay=1->1 seq=11380
[efz_netplay_mod][pid=20536] StateExport: heartbeat seq=11400 activity=4 menu=0 screen=1 mode=1 phase=3 role=1 side=0 p1Wins=0 p2Wins=0 ping=0 delay=1 local='Aquatic' p1='Aquatic' p2='Aquatic_mod' revival='1.02h' caps=0x1ED sessionId=2 setId=0 endReason=0
[efz_netplay_mod][pid=20536] StateExport: network ping=0->1 delay=1->1 seq=11405
[efz_netplay_mod][pid=20536] StateExport: network ping=1->0 delay=1->1 seq=11431
[efz_netplay_mod][pid=20536] LobbySession::DoPollStatus: response='{"alias":"EFZ","challenges":[],"id":4877,"idle":[],"msg":"OK","playing":[["Aquatic_mod","Aquatic",1,2,"91.214.211.2:10800"]],"status":"OK"}
'
[efz_netplay_mod][pid=20536] StateExport: network ping=0->1 delay=1->1 seq=11457
[efz_netplay_mod][pid=20536] StateExport: network ping=1->0 delay=1->1 seq=11469
[efz_netplay_mod][pid=20536] StateExport: network ping=0->1 delay=1->1 seq=11482
[efz_netplay_mod][pid=20536] StateExport: network ping=1->2 delay=1->1 seq=11508
[efz_netplay_mod][pid=20536] StateExport: network ping=2->1 delay=1->1 seq=11520
[efz_netplay_mod][pid=20536] LobbySession::DoPollStatus: response='{"alias":"EFZ","challenges":[],"id":4877,"idle":[],"msg":"OK","playing":[["Aquatic_mod","Aquatic",1,2,"91.214.211.2:10800"]],"status":"OK"}
'
[efz_netplay_mod][pid=20536] StateExport: network ping=1->2 delay=1->1 seq=11559
[efz_netplay_mod][pid=20536] StateExport: network ping=2->0 delay=1->1 seq=11571
[efz_netplay_mod][pid=20536] StateExport: network ping=0->1 delay=1->1 seq=11610
[efz_netplay_mod][pid=20536] StateExport: network ping=1->0 delay=1->1 seq=11623
[efz_netplay_mod][pid=20536] LobbySession::DoPollStatus: response='{"alias":"EFZ","challenges":[],"id":4877,"idle":[],"msg":"OK","playing":[["Aquatic_mod","Aquatic",1,2,"91.214.211.2:10800"]],"status":"OK"}
'
[efz_netplay_mod][pid=20536] StateExport: network ping=0->1 delay=1->1 seq=11661
[efz_netplay_mod][pid=20536] StateExport: network ping=1->0 delay=1->1 seq=11674
[efz_netplay_mod][pid=20536] StateExport: network ping=0->2 delay=1->1 seq=11687
[efz_netplay_mod][pid=20536] StateExport: network ping=2->0 delay=1->1 seq=11699
[efz_netplay_mod][pid=20536] StateExport: network ping=0->1 delay=1->1 seq=11738
[efz_netplay_mod][pid=20536] StateExport: network ping=1->0 delay=1->1 seq=11750
[efz_netplay_mod][pid=20536] LobbySession::DoPollStatus: response='{"alias":"EFZ","challenges":[],"id":4877,"idle":[],"msg":"OK","playing":[["Aquatic_mod","Aquatic",1,2,"91.214.211.2:10800"]],"status":"OK"}
'
[efz_netplay_mod][pid=20536] StateExport: network ping=0->1 delay=1->1 seq=11789
[efz_netplay_mod][pid=20536] StateExport: network ping=1->2 delay=1->1 seq=11802
[efz_netplay_mod][pid=20536] StateExport: network ping=2->0 delay=1->1 seq=11814
[efz_netplay_mod][pid=20536] StateExport: network ping=0->1 delay=1->1 seq=11827
[efz_netplay_mod][pid=20536] StateExport: network ping=1->0 delay=1->1 seq=11840
[efz_netplay_mod][pid=20536] LobbySession::DoPollStatus: response='{"alias":"EFZ","challenges":[],"id":4877,"idle":[],"msg":"OK","playing":[["Aquatic_mod","Aquatic",1,2,"91.214.211.2:10800"]],"status":"OK"}
'
[efz_netplay_mod][pid=20536] StateExport: network ping=0->1 delay=1->1 seq=11865
[efz_netplay_mod][pid=20536] StateExport: network ping=1->0 delay=1->1 seq=11878
[efz_netplay_mod][pid=20536] StateExport: network ping=0->1 delay=1->1 seq=11891
[efz_netplay_mod][pid=20536] StateExport: network ping=1->0 delay=1->1 seq=11904
[efz_netplay_mod][pid=20536] TICK_HOOK: heartbeat frameTick=3600 session=0x14DD6B60 exeECX=0x11EE6CE0 match=0
[efz_netplay_mod][pid=20536] StateExport: network ping=0->1 delay=1->1 seq=11929
[efz_netplay_mod][pid=20536] StateExport: network ping=1->0 delay=1->1 seq=11955
[efz_netplay_mod][pid=20536] StateExport: network ping=0->1 delay=1->1 seq=11968
[efz_netplay_mod][pid=20536] LobbySession::DoPollStatus: response='{"alias":"EFZ","challenges":[],"id":4877,"idle":[],"msg":"OK","playing":[["Aquatic_mod","Aquatic",1,2,"91.214.211.2:10800"]],"status":"OK"}
'
[efz_netplay_mod][pid=20536] StateExport: network ping=1->0 delay=1->1 seq=11980
[efz_netplay_mod][pid=20536] StateExport: heartbeat seq=12000 activity=4 menu=0 screen=1 mode=1 phase=3 role=1 side=0 p1Wins=0 p2Wins=0 ping=0 delay=1 local='Aquatic' p1='Aquatic' p2='Aquatic_mod' revival='1.02h' caps=0x1ED sessionId=2 setId=0 endReason=0
[efz_netplay_mod][pid=20536] StateExport: network ping=0->1 delay=1->1 seq=12019
[efz_netplay_mod][pid=20536] StateExport: network ping=1->0 delay=1->1 seq=12057
[efz_netplay_mod][pid=20536] LobbySession::DoPollStatus: response='{"alias":"EFZ","challenges":[],"id":4877,"idle":[],"msg":"OK","playing":[["Aquatic_mod","Aquatic",1,2,"91.214.211.2:10800"]],"status":"OK"}
'
[efz_netplay_mod][pid=20536] StateExport: network ping=0->1 delay=1->1 seq=12096
[efz_netplay_mod][pid=20536] StateExport: network ping=1->0 delay=1->1 seq=12108
[efz_netplay_mod][pid=20536] StateExport: network ping=0->1 delay=1->1 seq=12134
[efz_netplay_mod][pid=20536] StateExport: network ping=1->0 delay=1->1 seq=12159
[efz_netplay_mod][pid=20536] LobbySession::DoPollStatus: response='{"alias":"EFZ","challenges":[],"id":4877,"idle":[],"msg":"OK","playing":[["Aquatic_mod","Aquatic",1,2,"91.214.211.2:10800"]],"status":"OK"}
'
[efz_netplay_mod][pid=20536] StateExport: network ping=0->1 delay=1->1 seq=12185
[efz_netplay_mod][pid=20536] StateExport: network ping=1->0 delay=1->1 seq=12198
[efz_netplay_mod][pid=20536] StateExport: network ping=0->1 delay=1->1 seq=12223
[efz_netplay_mod][pid=20536] StateExport: network ping=1->0 delay=1->1 seq=12236
[efz_netplay_mod][pid=20536] StateExport: network ping=0->1 delay=1->1 seq=12249
[efz_netplay_mod][pid=20536] StateExport: network ping=1->0 delay=1->1 seq=12274
[efz_netplay_mod][pid=20536] LobbySession::DoPollStatus: response='{"alias":"EFZ","challenges":[],"id":4877,"idle":[],"msg":"OK","playing":[["Aquatic_mod","Aquatic",1,2,"91.214.211.2:10800"]],"status":"OK"}
'
[efz_netplay_mod][pid=20536] StateExport: network ping=0->1 delay=1->1 seq=12326
[efz_netplay_mod][pid=20536] StateExport: network ping=1->0 delay=1->1 seq=12338
[efz_netplay_mod][pid=20536] StateExport: network ping=0->2 delay=1->1 seq=12364
[efz_netplay_mod][pid=20536] StateExport: network ping=2->1 delay=1->1 seq=12377
[efz_netplay_mod][pid=20536] LobbySession::DoPollStatus: response='{"alias":"EFZ","challenges":[],"id":4877,"idle":[],"msg":"OK","playing":[["Aquatic_mod","Aquatic",1,2,"91.214.211.2:10800"]],"status":"OK"}
'
[efz_netplay_mod][pid=20536] StateExport: network ping=1->0 delay=1->1 seq=12389
[efz_netplay_mod][pid=20536] StateExport: network ping=0->2 delay=1->1 seq=12415
[efz_netplay_mod][pid=20536] StateExport: network ping=2->1 delay=1->1 seq=12428
[efz_netplay_mod][pid=20536] StateExport: network ping=1->0 delay=1->1 seq=12441
[efz_netplay_mod][pid=20536] StateExport: network ping=0->1 delay=1->1 seq=12466
[efz_netplay_mod][pid=20536] StateExport: network ping=1->0 delay=1->1 seq=12479
[efz_netplay_mod][pid=20536] LobbySession::DoPollStatus: response='{"alias":"EFZ","challenges":[],"id":4877,"idle":[],"msg":"OK","playing":[["Aquatic_mod","Aquatic",1,2,"91.214.211.2:10800"]],"status":"OK"}
'
[efz_netplay_mod][pid=20536] StateExport: network ping=0->1 delay=1->1 seq=12492
[efz_netplay_mod][pid=20536] TICK_HOOK: heartbeat frameTick=4200 session=0x14DD6B60 exeECX=0x11EE6CE0 match=0
[efz_netplay_mod][pid=20536] StateExport: network ping=1->0 delay=1->1 seq=12530
[efz_netplay_mod][pid=20536] StateExport: network ping=0->1 delay=1->1 seq=12556
[efz_netplay_mod][pid=20536] StateExport: network ping=1->0 delay=1->1 seq=12568
[efz_netplay_mod][pid=20536] StateExport: network ping=0->3 delay=1->1 seq=12581
[efz_netplay_mod][pid=20536] StateExport: network ping=3->1 delay=1->1 seq=12594
[efz_netplay_mod][pid=20536] LobbySession::DoPollStatus: response='{"alias":"EFZ","challenges":[],"id":4877,"idle":[],"msg":"OK","playing":[["Aquatic_mod","Aquatic",1,2,"91.214.211.2:10800"]],"status":"OK"}
'
[efz_netplay_mod][pid=20536] StateExport: heartbeat seq=12600 activity=4 menu=0 screen=1 mode=1 phase=3 role=1 side=0 p1Wins=0 p2Wins=0 ping=1 delay=1 local='Aquatic' p1='Aquatic' p2='Aquatic_mod' revival='1.02h' caps=0x1ED sessionId=2 setId=0 endReason=0
[efz_netplay_mod][pid=20536] StateExport: network ping=1->0 delay=1->1 seq=12607
[efz_netplay_mod][pid=20536] StateExport: network ping=0->1 delay=1->1 seq=12632
[efz_netplay_mod][pid=20536] StateExport: network ping=1->0 delay=1->1 seq=12645
[efz_netplay_mod][pid=20536] StateExport: network ping=0->1 delay=1->1 seq=12671
[efz_netplay_mod][pid=20536] StateExport: network ping=1->0 delay=1->1 seq=12683
[efz_netplay_mod][pid=20536] StateExport: network ping=0->2 delay=1->1 seq=12696
[efz_netplay_mod][pid=20536] LobbySession::DoPollStatus: response='{"alias":"EFZ","challenges":[],"id":4877,"idle":[],"msg":"OK","playing":[["Aquatic_mod","Aquatic",1,2,"91.214.211.2:10800"]],"status":"OK"}
'
[efz_netplay_mod][pid=20536] StateExport: network ping=2->1 delay=1->1 seq=12709
[efz_netplay_mod][pid=20536] StateExport: network ping=1->2 delay=1->1 seq=12722
[efz_netplay_mod][pid=20536] StateExport: network ping=2->1 delay=1->1 seq=12734
[efz_netplay_mod][pid=20536] StateExport: STALL detected — 328 ms since last update (seq=12748 phase=3)
[efz_netplay_mod][pid=20536] StateExport: activity 4->5 screen=2 mode=1 phase=3 role=1 side=0 p1='Aquatic' p2='Aquatic_mod' caps=0x1EF sessionId=2 setId=0 seq=12749
[efz_netplay_mod][pid=20536] StateExport:   charsel p1CharId=6 p2CharId=4 p1Locked=0 p2Locked=0 cursorChar=6
[efz_netplay_mod][pid=20536] SCREEN_MONITOR: index 1 -> 2 tick=4430 mode=4/4 screenObj=0x11EE7248 charselect(init=2 exit=0 obj=0x11EE6CE0)
[efz_netplay_mod][pid=20536] LobbySession::DoPollStatus: response='{"alias":"EFZ","challenges":[],"id":4877,"idle":[],"msg":"OK","playing":[["Aquatic_mod","Aquatic",1,2,"91.214.211.2:10800"]],"status":"OK"}
'
[efz_netplay_mod][pid=20536] StateExport: STALL detected — 1000 ms since last update (seq=12749 phase=3)
[efz_netplay_mod][pid=20536] StateExport: charsel p1CharId=6->255 locked=0->0 p2CharId=4->255 locked=0->0 cursor=255 seq=12750
[efz_netplay_mod][pid=20536] StateExport: flow menu=0->0 charsel=1->0 match=0->1 screen=3 mode=1 phase=3 role=1 p1Wins=0 p2Wins=0
[efz_netplay_mod][pid=20536] StateExport: activity 5->6 screen=3 mode=1 phase=3 role=1 side=0 p1='Aquatic' p2='Aquatic_mod' caps=0x2EF sessionId=2 setId=0 seq=12750
[efz_netplay_mod][pid=20536] StateExport:   match round=1 isRoundActive=1 p1Wins=0 p2Wins=0
[efz_netplay_mod][pid=20536] SCREEN_MONITOR: index 2 -> 3 tick=4431 mode=5/1 screenObj=0x11EE7688 charselect(init=2 exit=0 obj=0x11EE6CE0)
[efz_netplay_mod][pid=20536] StateExport: STALL detected — 422 ms since last update (seq=12750 phase=3)
[efz_netplay_mod][pid=20536] StateExport: network ping=1->1 delay=1->0 seq=12751
[efz_netplay_mod][pid=20536] StateExport: network ping=1->0 delay=0->0 seq=12767
[efz_netplay_mod][pid=20536] LobbySession::DoPollStatus: response='{"alias":"EFZ","challenges":[],"id":4877,"idle":[],"msg":"OK","playing":[["Aquatic_mod","Aquatic",1,2,"91.214.211.2:10800"]],"status":"OK"}
'
[efz_netplay_mod][pid=20536] StateExport: network ping=0->1 delay=0->0 seq=12805
[efz_netplay_mod][pid=20536] StateExport: network ping=1->0 delay=0->0 seq=12818
[efz_netplay_mod][pid=20536] StateExport: network ping=0->1 delay=0->0 seq=12869
[efz_netplay_mod][pid=20536] StateExport: network ping=1->0 delay=0->0 seq=12895
[efz_netplay_mod][pid=20536] LobbySession::DoPollStatus: response='{"alias":"EFZ","challenges":[],"id":4877,"idle":[],"msg":"OK","playing":[["Aquatic_mod","Aquatic",1,2,"91.214.211.2:10800"]],"status":"OK"}
'
[efz_netplay_mod][pid=20536] StateExport: network ping=0->1 delay=0->0 seq=12920
[efz_netplay_mod][pid=20536] StateExport: network ping=1->0 delay=0->0 seq=12933
[efz_netplay_mod][pid=20536] StateExport: network ping=0->1 delay=0->0 seq=12946
[efz_netplay_mod][pid=20536] StateExport: network ping=1->0 delay=0->0 seq=12959
[efz_netplay_mod][pid=20536] StateExport: network ping=0->1 delay=0->0 seq=12997
[efz_netplay_mod][pid=20536] StateExport: network ping=1->0 delay=0->0 seq=13010
[efz_netplay_mod][pid=20536] LobbySession::DoPollStatus: response='{"alias":"EFZ","challenges":[],"id":4877,"idle":[],"msg":"OK","playing":[["Aquatic_mod","Aquatic",1,2,"91.214.211.2:10800"]],"status":"OK"}
'
[efz_netplay_mod][pid=20536] StateExport: network ping=0->1 delay=0->0 seq=13023
[efz_netplay_mod][pid=20536] StateExport: network ping=1->0 delay=0->0 seq=13035
[efz_netplay_mod][pid=20536] StateExport: network ping=0->1 delay=0->0 seq=13087
[efz_netplay_mod][pid=20536] StateExport: network ping=1->0 delay=0->0 seq=13099
[efz_netplay_mod][pid=20536] StateExport: network ping=0->1 delay=0->0 seq=13112
[efz_netplay_mod][pid=20536] LobbySession::DoPollStatus: response='{"alias":"EFZ","challenges":[],"id":4877,"idle":[],"msg":"OK","playing":[["Aquatic_mod","Aquatic",1,2,"91.214.211.2:10800"]],"status":"OK"}
'
[efz_netplay_mod][pid=20536] TICK_HOOK: heartbeat frameTick=4800 session=0x14DD6B60 exeECX=0x11EE7688 match=0
[efz_netplay_mod][pid=20536] StateExport: network ping=1->0 delay=0->0 seq=13125
[efz_netplay_mod][pid=20536] StateExport: network ping=0->1 delay=0->0 seq=13150
[efz_netplay_mod][pid=20536] StateExport: network ping=1->0 delay=0->0 seq=13163
[efz_netplay_mod][pid=20536] StateExport: network ping=0->1 delay=0->0 seq=13189
[efz_netplay_mod][pid=20536] StateExport: heartbeat seq=13200 activity=6 menu=0 screen=3 mode=1 phase=3 role=1 side=0 p1Wins=0 p2Wins=0 ping=1 delay=0 local='Aquatic' p1='Aquatic' p2='Aquatic_mod' revival='1.02h' caps=0x2EF sessionId=2 setId=0 endReason=0
[efz_netplay_mod][pid=20536] StateExport: network ping=1->0 delay=0->0 seq=13214
[efz_netplay_mod][pid=20536] LobbySession::DoPollStatus: response='{"alias":"EFZ","challenges":[],"id":4877,"idle":[],"msg":"OK","playing":[["Aquatic_mod","Aquatic",1,2,"91.214.211.2:10800"]],"status":"OK"}
'
[efz_netplay_mod][pid=20536] StateExport: network ping=0->1 delay=0->0 seq=13240
[efz_netplay_mod][pid=20536] StateExport: network ping=1->0 delay=0->0 seq=13265
[efz_netplay_mod][pid=20536] StateExport: network ping=0->1 delay=0->0 seq=13291
[efz_netplay_mod][pid=20536] LobbySession::DoPollStatus: response='{"alias":"EFZ","challenges":[],"id":4877,"idle":[["Player",4]],"msg":"OK","playing":[["Aquatic_mod","Aquatic",1,2,"91.214.211.2:10800"]],"status":"OK"}
'
[efz_netplay_mod][pid=20536] StateExport: network ping=1->0 delay=0->0 seq=13355
[efz_netplay_mod][pid=20536] StateExport: network ping=0->1 delay=0->0 seq=13380
[efz_netplay_mod][pid=20536] StateExport: network ping=1->0 delay=0->0 seq=13406
[efz_netplay_mod][pid=20536] LobbySession::DoPollStatus: response='{"alias":"EFZ","challenges":[],"id":4877,"idle":[["Player",4]],"msg":"OK","playing":[["Aquatic_mod","Aquatic",1,2,"91.214.211.2:10800"]],"status":"OK"}
'
[efz_netplay_mod][pid=20536] StateExport: network ping=0->1 delay=0->0 seq=13432
[efz_netplay_mod][pid=20536] StateExport: network ping=1->0 delay=0->0 seq=13457
[efz_netplay_mod][pid=20536] StateExport: network ping=0->1 delay=0->0 seq=13508
[efz_netplay_mod][pid=20536] LobbySession::DoPollStatus: response='{"alias":"EFZ","challenges":[],"id":4877,"idle":[["Player",4]],"msg":"OK","playing":[["Aquatic_mod","Aquatic",1,2,"91.214.211.2:10800"]],"status":"OK"}
'
[efz_netplay_mod][pid=20536] StateExport: network ping=1->2 delay=0->0 seq=13534
[efz_netplay_mod][pid=20536] LobbySession::DoPollStatus: response='{"alias":"EFZ","challenges":[],"id":4877,"idle":[["Player",4]],"msg":"OK","playing":[["Aquatic_mod","Aquatic",1,2,"91.214.211.2:10800"]],"status":"OK"}
'
[efz_netplay_mod][pid=20536] TICK_HOOK: heartbeat frameTick=5400 session=0x14DD6B60 exeECX=0x11EE7688 match=0
[efz_netplay_mod][pid=20536] LobbySession::DoPollStatus: response='{"alias":"EFZ","challenges":[],"id":4877,"idle":[["Player",4]],"msg":"OK","playing":[["Aquatic_mod","Aquatic",1,2,"91.214.211.2:10800"]],"status":"OK"}
'
[efz_netplay_mod][pid=20536] StateExport: heartbeat seq=13800 activity=6 menu=0 screen=3 mode=1 phase=3 role=1 side=0 p1Wins=0 p2Wins=0 ping=2 delay=0 local='Aquatic' p1='Aquatic' p2='Aquatic_mod' revival='1.02h' caps=0x2EF sessionId=2 setId=0 endReason=0
[efz_netplay_mod][pid=20536] LobbySession::DoPollStatus: response='{"alias":"EFZ","challenges":[],"id":4877,"idle":[["Player",4]],"msg":"OK","playing":[["Aquatic_mod","Aquatic",1,2,"91.214.211.2:10800"]],"status":"OK"}
'
[efz_netplay_mod][pid=20536] LobbySession::DoPollStatus: response='{"alias":"EFZ","challenges":[],"id":4877,"idle":[["Player",4]],"msg":"OK","playing":[["Aquatic_mod","Aquatic",1,2,"91.214.211.2:10800"]],"status":"OK"}
'
[efz_netplay_mod][pid=20536] LobbySession::DoPollStatus: response='{"alias":"EFZ","challenges":[],"id":4877,"idle":[["Player",4]],"msg":"OK","playing":[["Aquatic_mod","Aquatic",1,2,"91.214.211.2:10800"]],"status":"OK"}
'
[efz_netplay_mod][pid=20536] LobbySession::DoPollStatus: response='{"alias":"EFZ","challenges":[],"id":4877,"idle":[["Player",4]],"msg":"OK","playing":[["Aquatic_mod","Aquatic",1,2,"91.214.211.2:10800"]],"status":"OK"}
'
[efz_netplay_mod][pid=20536] LobbySession::DoPollStatus: response='{"alias":"EFZ","challenges":[],"id":4877,"idle":[["Player",4]],"msg":"OK","playing":[["Aquatic_mod","Aquatic",1,2,"91.214.211.2:10800"]],"status":"OK"}
'
[efz_netplay_mod][pid=20536] TICK_HOOK: heartbeat frameTick=6000 session=0x14DD6B60 exeECX=0x11EE7688 match=0
[efz_netplay_mod][pid=20536] LobbySession::DoPollStatus: response='{"alias":"EFZ","challenges":[],"id":4877,"idle":[["Player",4]],"msg":"OK","playing":[["Aquatic_mod","Aquatic",1,2,"91.214.211.2:10800"]],"status":"OK"}
'
[efz_netplay_mod][pid=20536] StateExport: heartbeat seq=14400 activity=6 menu=0 screen=3 mode=1 phase=3 role=1 side=0 p1Wins=0 p2Wins=0 ping=2 delay=0 local='Aquatic' p1='Aquatic' p2='Aquatic_mod' revival='1.02h' caps=0x2EF sessionId=2 setId=0 endReason=0
[efz_netplay_mod][pid=20536] LobbySession::DoPollStatus: response='{"alias":"EFZ","challenges":[],"id":4877,"idle":[["Player",4]],"msg":"OK","playing":[["Aquatic_mod","Aquatic",1,2,"91.214.211.2:10800"]],"status":"OK"}
'
[efz_netplay_mod][pid=20536] LobbySession::DoPollStatus: response='{"alias":"EFZ","challenges":[],"id":4877,"idle":[["Player",4]],"msg":"OK","playing":[["Aquatic_mod","Aquatic",1,2,"91.214.211.2:10800"]],"status":"OK"}
'
[efz_netplay_mod][pid=20536] LobbySession::DoPollStatus: response='{"alias":"EFZ","challenges":[],"id":4877,"idle":[["Player",4]],"msg":"OK","playing":[["Aquatic_mod","Aquatic",1,2,"91.214.211.2:10800"]],"status":"OK"}
'
[efz_netplay_mod][pid=20536] LobbySession::DoPollStatus: response='{"alias":"EFZ","challenges":[],"id":4877,"idle":[["Player",4]],"msg":"OK","playing":[["Aquatic_mod","Aquatic",1,2,"91.214.211.2:10800"]],"status":"OK"}
'
[efz_netplay_mod][pid=20536] LobbySession::DoPollStatus: response='{"alias":"EFZ","challenges":[],"id":4877,"idle":[["Player",4]],"msg":"OK","playing":[["Aquatic_mod","Aquatic",1,2,"91.214.211.2:10800"]],"status":"OK"}
'
[efz_netplay_mod][pid=20536] StateExport: heartbeat seq=15000 activity=6 menu=0 screen=3 mode=1 phase=3 role=1 side=0 p1Wins=0 p2Wins=0 ping=2 delay=0 local='Aquatic' p1='Aquatic' p2='Aquatic_mod' revival='1.02h' caps=0x2EF sessionId=2 setId=0 endReason=0
[efz_netplay_mod][pid=20536] LobbySession::DoPollStatus: response='{"alias":"EFZ","challenges":[],"id":4877,"idle":[["Player",4]],"msg":"OK","playing":[["Aquatic_mod","Aquatic",1,2,"91.214.211.2:10800"]],"status":"OK"}
'
[efz_netplay_mod][pid=20536] LobbySession::DoPollStatus: response='{"alias":"EFZ","challenges":[],"id":4877,"idle":[["Player",4]],"msg":"OK","playing":[["Aquatic_mod","Aquatic",1,2,"91.214.211.2:10800"]],"status":"OK"}
'
[efz_netplay_mod][pid=20536] LobbySession::DoPollStatus: response='{"alias":"EFZ","challenges":[],"id":4877,"idle":[["Player",4]],"msg":"OK","playing":[["Aquatic_mod","Aquatic",1,2,"91.214.211.2:10800"]],"status":"OK"}
'
[efz_netplay_mod][pid=20536] LobbySession::DoPollStatus: response='{"alias":"EFZ","challenges":[],"id":4877,"idle":[["Player",4]],"msg":"OK","playing":[["Aquatic_mod","Aquatic",1,2,"91.214.211.2:10800"]],"status":"OK"}
'
[efz_netplay_mod][pid=20536] LobbySession::DoPollStatus: response='{"alias":"EFZ","challenges":[],"id":4877,"idle":[["Player",4]],"msg":"OK","playing":[["Aquatic_mod","Aquatic",1,2,"91.214.211.2:10800"]],"status":"OK"}
'
[efz_netplay_mod][pid=20536] LobbySession::DoPollStatus: response='{"alias":"EFZ","challenges":[],"id":4877,"idle":[["Player",4]],"msg":"OK","playing":[["Aquatic_mod","Aquatic",1,2,"91.214.211.2:10800"]],"status":"OK"}
'
[efz_netplay_mod][pid=20536] StateExport: heartbeat seq=15600 activity=6 menu=0 screen=3 mode=1 phase=3 role=1 side=0 p1Wins=0 p2Wins=0 ping=2 delay=0 local='Aquatic' p1='Aquatic' p2='Aquatic_mod' revival='1.02h' caps=0x2EF sessionId=2 setId=0 endReason=0
[efz_netplay_mod][pid=20536] LobbySession::DoPollStatus: response='{"alias":"EFZ","challenges":[],"id":4877,"idle":[["Player",4]],"msg":"OK","playing":[["Aquatic_mod","Aquatic",1,2,"91.214.211.2:10800"]],"status":"OK"}
'
[efz_netplay_mod][pid=20536] LobbySession::DoPollStatus: response='{"alias":"EFZ","challenges":[],"id":4877,"idle":[["Player",4]],"msg":"OK","playing":[["Aquatic_mod","Aquatic",1,2,"91.214.211.2:10800"]],"status":"OK"}
'
[efz_netplay_mod][pid=20536] LobbySession::DoPollStatus: response='{"alias":"EFZ","challenges":[],"id":4877,"idle":[["Player",4]],"msg":"OK","playing":[["Aquatic_mod","Aquatic",1,2,"91.214.211.2:10800"]],"status":"OK"}
'
[efz_netplay_mod][pid=20536] LobbySession::DoPollStatus: response='{"alias":"EFZ","challenges":[],"id":4877,"idle":[["Player",4]],"msg":"OK","playing":[["Aquatic_mod","Aquatic",1,2,"91.214.211.2:10800"]],"status":"OK"}
'
[efz_netplay_mod][pid=20536] LobbySession::DoPollStatus: response='{"alias":"EFZ","challenges":[],"id":4877,"idle":[["Player",4]],"msg":"OK","playing":[["Aquatic_mod","Aquatic",1,2,"91.214.211.2:10800"]],"status":"OK"}
'
[efz_netplay_mod][pid=20536] StateExport: heartbeat seq=16200 activity=6 menu=0 screen=3 mode=1 phase=3 role=1 side=0 p1Wins=0 p2Wins=0 ping=2 delay=0 local='Aquatic' p1='Aquatic' p2='Aquatic_mod' revival='1.02h' caps=0x2EF sessionId=2 setId=0 endReason=0
[efz_netplay_mod][pid=20536] LobbySession::DoPollStatus: response='{"alias":"EFZ","challenges":[],"id":4877,"idle":[["Player",4]],"msg":"OK","playing":[["Aquatic_mod","Aquatic",1,2,"91.214.211.2:10800"]],"status":"OK"}
'
[efz_netplay_mod][pid=20536] LobbySession::DoPollStatus: response='{"alias":"EFZ","challenges":[],"id":4877,"idle":[["Player",4]],"msg":"OK","playing":[["Aquatic_mod","Aquatic",1,2,"91.214.211.2:10800"]],"status":"OK"}
'
[efz_netplay_mod][pid=20536] LobbySession::DoPollStatus: response='{"alias":"EFZ","challenges":[],"id":4877,"idle":[["Player",4]],"msg":"OK","playing":[["Aquatic_mod","Aquatic",1,2,"91.214.211.2:10800"]],"status":"OK"}
'
[efz_netplay_mod][pid=20536] LobbySession::DoPollStatus: response='{"alias":"EFZ","challenges":[],"id":4877,"idle":[["Player",4]],"msg":"OK","playing":[["Aquatic_mod","Aquatic",1,2,"91.214.211.2:10800"]],"status":"OK"}
'
[efz_netplay_mod][pid=20536] LobbySession::DoPollStatus: response='{"alias":"EFZ","challenges":[],"id":4877,"idle":[["Player",4]],"msg":"OK","playing":[["Aquatic_mod","Aquatic",1,2,"91.214.211.2:10800"]],"status":"OK"}
'
[efz_netplay_mod][pid=20536] LobbySession::DoPollStatus: response='{"alias":"EFZ","challenges":[],"id":4877,"idle":[["Player",4]],"msg":"OK","playing":[["Aquatic_mod","Aquatic",1,2,"91.214.211.2:10800"]],"status":"OK"}
'
[efz_netplay_mod][pid=20536] StateExport: heartbeat seq=16800 activity=6 menu=0 screen=3 mode=1 phase=3 role=1 side=0 p1Wins=0 p2Wins=0 ping=2 delay=0 local='Aquatic' p1='Aquatic' p2='Aquatic_mod' revival='1.02h' caps=0x2EF sessionId=2 setId=0 endReason=0
[efz_netplay_mod][pid=20536] LobbySession::DoPollStatus: response='{"alias":"EFZ","challenges":[],"id":4877,"idle":[["Player",4]],"msg":"OK","playing":[["Aquatic_mod","Aquatic",1,2,"91.214.211.2:10800"]],"status":"OK"}
'
[efz_netplay_mod][pid=20536] LobbySession::DoPollStatus: response='{"alias":"EFZ","challenges":[],"id":4877,"idle":[["Player",4]],"msg":"OK","playing":[["Aquatic_mod","Aquatic",1,2,"91.214.211.2:10800"]],"status":"OK"}
'
[efz_netplay_mod][pid=20536] LobbySession::DoPollStatus: response='{"alias":"EFZ","challenges":[],"id":4877,"idle":[["Player",4]],"msg":"OK","playing":[["Aquatic_mod","Aquatic",1,2,"91.214.211.2:10800"]],"status":"OK"}
'
[efz_netplay_mod][pid=20536] LobbySession::DoPollStatus: response='{"alias":"EFZ","challenges":[],"id":4877,"idle":[["Player",4]],"msg":"OK","playing":[["Aquatic_mod","Aquatic",1,2,"91.214.211.2:10800"]],"status":"OK"}
'
[efz_netplay_mod][pid=20536] LobbySession::DoPollStatus: response='{"alias":"EFZ","challenges":[],"id":4877,"idle":[["Player",4]],"msg":"OK","playing":[["Aquatic_mod","Aquatic",1,2,"91.214.211.2:10800"]],"status":"OK"}
'
[efz_netplay_mod][pid=20536] Takeover: closing child job object handle=0000141C
[efz_netplay_mod][pid=20536] CrashHandler: uninstalled
[efz_netplay_mod] logger shutting down
