[efz_netplay_mod] logger initialized
[efz_netplay_mod][pid=292] CrashHandler: installed (mode=host dir='Z:\mnt\shared\EFZ - Copy\mods\efz_netplay_mod' vectored=01634890)
[efz_netplay_mod][pid=292] Module attached at 75730000
[efz_netplay_mod][pid=292] DetectRevivalVersion: matched timestamp 0x5EA876B0 → 1.02e
[efz_netplay_mod][pid=292] Takeover: host revival base=0x753C0000
[efz_netplay_mod][pid=292] Takeover: patched EfzRevival.dll null-guard at +0x21E0
[efz_netplay_mod][pid=292] Takeover: local init(2,102) result=25295576
[efz_netplay_mod][pid=292] PatchRevivalDllExitProcess: patched IAT entry orig=0x7BB0FAD4 stub=0x7574FA00
[efz_netplay_mod][pid=292] InstallNetplayFrameHook: installed at DLL RVA 0x6E590, trampoline at 7583BCF4
[efz_netplay_mod][pid=292] InstallNetplayFrameHook: fixed up trampoline E8/E9 at +1: origDisp=0xFFFFF29A newDisp=0xFFBF1AD2 absTarget=7542D810
[efz_netplay_mod][pid=292] InstallNetplayFrameHook: per-frame tick hook installed at DLL RVA 0x6E570, trampoline at 7583BD38
[efz_netplay_mod][pid=292] Takeover: host initialized
[efz_netplay_mod][pid=292] SessionBridge: initialized (role=host, reason=startup)
[efz_netplay_mod][pid=292] StateExport: initialized (shm=ok, view=027B0000)
[efz_netplay_mod][pid=292] InstallHooks: module directory 'Z:\mnt\shared\EFZ - Copy\mods\efz_netplay_mod'
[efz_netplay_mod][pid=292] ResolveNetplayBackgroundPath: searching for netplay_bg.dat
[efz_netplay_mod][pid=292] ResolveNetplayBackgroundPath: [DLL dir] probing 'Z:\mnt\shared\EFZ - Copy\mods\efz_netplay_mod\assets\netplay_bg.dat'
[efz_netplay_mod][pid=292] ResolveNetplayBackgroundPath: using 'Z:\mnt\shared\EFZ - Copy\mods\efz_netplay_mod\assets\netplay_bg.dat'
[efz_netplay_mod][pid=292] InstallHooks: netplay assets verified at 'Z:\mnt\shared\EFZ - Copy\mods\efz_netplay_mod\assets\netplay_bg.dat'
[efz_netplay_mod][pid=292] ValidateMenuSpecs: row-slot map valid
[efz_netplay_mod][pid=292] Patched 'wrap compare 6->7' at 0x0077612E
[efz_netplay_mod][pid=292] Patched 'wrap clamp 6->7' at 0x0077614B
[efz_netplay_mod][pid=292] Patched 'switch compare 6->7' at 0x007761D5
[efz_netplay_mod][pid=292] Patched 'panel dest height 98->112' at 0x00776578
[efz_netplay_mod][pid=292] Patched 'panel src height 98->112' at 0x007765A3
[efz_netplay_mod][pid=292] Patched 'panel dest top 130->123' at 0x007765A7
[efz_netplay_mod][pid=292] Patched 'highlight src base 98->112' at 0x0077664A
[efz_netplay_mod][pid=292] Patched 'highlight screen base 130->123' at 0x00776696
[efz_netplay_mod][pid=292] Patched 'switch dispatch table -> custom' at 0x007761E5
[efz_netplay_mod][pid=292] Patched 'title vtable render -> hook' at 0x00789980
[efz_netplay_mod][pid=292] Patched 'title vtable update -> hook' at 0x00789984
[efz_netplay_mod][pid=292] InstallHooks: success (title update=0x00775FB0 netplayAssets=1)
[efz_netplay_mod][pid=292] InstallHooks succeeded
[efz_netplay_mod][pid=292] SCREEN_MONITOR: index 255 -> 0 tick=1 mode=0/4 screenObj=0x03253A50 charselect(init=1 exit=0 obj=0x03253EA8)
[efz_netplay_mod][pid=292] TICK_HOOK: *** ECX MISMATCH *** frameTick=1 exeECX=0x03253A50 dllSession=0x01663EB0 — overriding ECX with current session
[efz_netplay_mod][pid=292] TICK_HOOK: current session vtable=0x75450404 (RVA=0x90404)
[efz_netplay_mod][pid=292] DIAG[tick_ecx_mismatch]: dllExitPatchesSaved=0 tournamentPatchesSaved=0 renderContextSaved=0 savedRenderCtx=0x00000000
[efz_netplay_mod][pid=292] DIAG[tick_ecx_mismatch]: dllBase=0x753C0000 roleFlag=2 sessionPtr=0x01663EB0 renderCtx=0x79C26BC8 globalState=0x029D0020
[efz_netplay_mod][pid=292] DIAG[tick_ecx_mismatch]: session vtable=0x75450404 initComplete=-2139815924 activePlayer=0
[efz_netplay_mod][pid=292] DIAG[tick_ecx_mismatch]: exitPatch[0] RVA=0x7909D byte=0x74 expected=0x74
[efz_netplay_mod][pid=292] DIAG[tick_ecx_mismatch]: exitPatch[1] RVA=0x7215D byte=0x75 expected=0x75
[efz_netplay_mod][pid=292] DIAG[tick_ecx_mismatch]: exitPatch[2] RVA=0x7231F byte=0x74 expected=0x74
[efz_netplay_mod][pid=292] DIAG[tick_ecx_mismatch]: nearJccPatch[0] RVA=0x7251B bytes=0F 84
[efz_netplay_mod][pid=292] DIAG[tick_ecx_mismatch]: nearJccPatch[1] RVA=0x7252E bytes=0F 84
[efz_netplay_mod][pid=292] DIAG[tick_ecx_mismatch]: nearJccPatch[2] RVA=0x742E1 bytes=0F 84
[efz_netplay_mod][pid=292] DIAG[tick_ecx_mismatch]: nearJccPatch[3] RVA=0x742F4 bytes=0F 84
[efz_netplay_mod][pid=292] DIAG[tick_ecx_mismatch]: nearJccPatch[4] RVA=0x74301 bytes=0F 84
[efz_netplay_mod][pid=292] DIAG[tick_ecx_mismatch]: localRoleFlag=2 localInitApplied=0 exitIntercepted=0 exitMode=-1 frameHookInstalled=1 frameRecoveryPending=0 forceLocalPlayInitCount=0
[efz_netplay_mod][pid=292] DIAG[tick_ecx_mismatch]: revivalProcess=0x00000000 revivalPid=0 lastValidatedSession=0x01663EB0 lastSessionPtrOffset=0xA02CC
[efz_netplay_mod][pid=292] TICK_HOOK: heartbeat frameTick=1 session=0x01663EB0 exeECX=0x03253A50 match=0
[efz_netplay_mod][pid=292] Platform: running under Wine/Proton
[efz_netplay_mod][pid=292] HookedTitleUpdateImpl: Wine detected — applying one-shot title assets override
[efz_netplay_mod][pid=292] LoadTitleAssets: begin (screenContext=0x03253A50)
[efz_netplay_mod][pid=292] ResolveTitleObjectsPath: searching for title_ob.dat override (moduleDirectory='Z:\mnt\shared\EFZ - Copy\mods\efz_netplay_mod')
[efz_netplay_mod][pid=292] ResolveTitleObjectsPath: [Tier 1 DLL dir] probing 'Z:\mnt\shared\EFZ - Copy\mods\efz_netplay_mod\system\title_ob.dat'
[efz_netplay_mod][pid=292] ResolveTitleObjectsPath: [Tier 1 DLL dir] FOUND — using 'Z:\mnt\shared\EFZ - Copy\mods\efz_netplay_mod\system\title_ob.dat'
[efz_netplay_mod][pid=292] LoadTitleAssets: done bgPalette=1 objPalette=1 transparent=224
[efz_netplay_mod][pid=292] StateExport: heartbeat seq=1 activity=0 menu=0 screen=0 mode=0 phase=0 role=0 side=-1 p1Wins=0 p2Wins=0 ping=-1 delay=-1 local='' p1='' p2='' revival='1.02e' caps=0x21 sessionId=0 setId=0 endReason=0
[efz_netplay_mod][pid=292] NetplayCaseImpl: invoked
[efz_netplay_mod][pid=292] TriggerNetplayMenuEntry: titleSelection=5 screenContext=0x03253A50
[efz_netplay_mod][pid=292] PlayUiSound: sfx=6 gameSystem=0x029D0020
[efz_netplay_mod][pid=292] EnterNetplayMenu: request active=0 skipFadeOut=0
[efz_netplay_mod][pid=292] RunTransitionFadeOut: begin palette=52771454 baseVolume=0 volumeAdjustment=0
[efz_netplay_mod][pid=292] RunTransitionFadeOut: complete result=1
[efz_netplay_mod][pid=292] LoadNetplayAssets: begin (screenContext=0x03253A50)
[efz_netplay_mod][pid=292] ResolveNetplayBackgroundPath: searching for netplay_bg.dat
[efz_netplay_mod][pid=292] ResolveNetplayBackgroundPath: [DLL dir] probing 'Z:\mnt\shared\EFZ - Copy\mods\efz_netplay_mod\assets\netplay_bg.dat'
[efz_netplay_mod][pid=292] ResolveNetplayBackgroundPath: using 'Z:\mnt\shared\EFZ - Copy\mods\efz_netplay_mod\assets\netplay_bg.dat'
[efz_netplay_mod][pid=292] ResolveNetplayObjectsPath: searching for netplay objects
[efz_netplay_mod][pid=292] ResolveNetplayObjectsPath: [DLL dir] probing 'Z:\mnt\shared\EFZ - Copy\mods\efz_netplay_mod\assets\netplay_ob.dat'
[efz_netplay_mod][pid=292] ResolveNetplayObjectsPath: using 'Z:\mnt\shared\EFZ - Copy\mods\efz_netplay_mod\assets\netplay_ob.dat'
[efz_netplay_mod][pid=292] ParseEfzDatImage: parsed 'Z:\mnt\shared\EFZ - Copy\mods\efz_netplay_mod\assets\netplay_ob.dat' size=154370 firstByte=255 headerOffset=766 width=320 height=480 transparentSrc=20 hasTransparent=1 method=near_magenta exact=0 near=1
[efz_netplay_mod][pid=292] LoadNetplayAssets: derived source transparent index=20 from netplay_ob.dat
[efz_netplay_mod][pid=292] LoadNetplayAssets: derived netplay_ob layout srcY[261..387] dstY[95..221] rowH=14 width=320
[efz_netplay_mod][pid=292] LoadNetplayAssets: forcing transparent color=213 (src=20 + offset=193)
[efz_netplay_mod][pid=292] LoadNetplayAssets: done bg='Z:\mnt\shared\EFZ - Copy\mods\efz_netplay_mod\assets\netplay_bg.dat' obj='Z:\mnt\shared\EFZ - Copy\mods\efz_netplay_mod\assets\netplay_ob.dat' (palette bg=1 obj=1 transparent=213)
[efz_netplay_mod][pid=292] LoadNetplayAssets: object profile colorOffset=193 paletteStart=193 paletteCount=48 configStyle=1 optionCount=5 backIndex=4
[efz_netplay_mod][pid=292] LoadNetplaySpriteFont: no sprite font map found (runtime text disabled)
[efz_netplay_mod][pid=292] LoadNetplayAssets: sprite font unavailable, using object-sheet-only rendering
[efz_netplay_mod][pid=292] LoadNetplayMenuSettingsFromIni: loaded Network.Name='Aquatic_mod'
[efz_netplay_mod][pid=292] LoadNetplayMenuSettingsFromIni: loaded Network.Port=10800
[efz_netplay_mod][pid=292] ResetTitleMenuState: selection=0 menuState=0 initState=0 exitState=0
[efz_netplay_mod][pid=292] NetplayMenuSwitch: menu=Main selection=0 count=5 row=0(ROW_HOST) entry=HOST
[efz_netplay_mod][pid=292] InstallNetplayWindowHook: hwnd=0x0001005A originalProc=0x79B8C600
[efz_netplay_mod][pid=292] RunTransitionFadeIn: begin palette=52771454
[efz_netplay_mod][pid=292] RunTransitionFadeIn: complete result=1
[efz_netplay_mod][pid=292] EnterNetplayMenu: active menu=Main selection=0 bgmTrack=8 configStyle=1 optionCount=5 backIndex=4 skipFadeOut=0
[efz_netplay_mod][pid=292] HookedTitleUpdateImpl: title confirm edge selection=0
[efz_netplay_mod][pid=292] Takeover: host revival base=0x753C0000
[efz_netplay_mod][pid=292] StateExport: flow menu=0->1 charsel=0->0 match=0->0 screen=0 mode=0 phase=0 role=0 p1Wins=0 p2Wins=0
[efz_netplay_mod][pid=292] StateExport: activity 0->1 screen=0 mode=0 phase=0 role=0 side=-1 p1='' p2='' caps=0xB1 sessionId=0 setId=0 seq=366
[efz_netplay_mod][pid=292] NetplayInput: P1(h=0 v=0 c=0 b=0) P2(h=0 v=0 c=0 b=0)
[efz_netplay_mod][pid=292] NetplayFrame: updates=1 menu=Main selection=0 row=0(ROW_HOST) inactivity=0 slide=0 nativeSlideRaw=0 nativeSlideScaled=0
[efz_netplay_mod][pid=292] NetplayInput: P1(h=0 v=1 c=0 b=0) P2(h=0 v=0 c=0 b=0)
[efz_netplay_mod][pid=292] PlayUiSound: sfx=8 gameSystem=0x029D0020
[efz_netplay_mod][pid=292] NetplaySelection: player=0 menu=Main from=0 to=1 row=1(ROW_JOIN) label=JOIN inputV=1
[efz_netplay_mod][pid=292] NetplayInput: P1(h=0 v=0 c=0 b=0) P2(h=0 v=0 c=0 b=0)
[efz_netplay_mod][pid=292] NetplayInput: P1(h=0 v=1 c=0 b=0) P2(h=0 v=0 c=0 b=0)
[efz_netplay_mod][pid=292] PlayUiSound: sfx=8 gameSystem=0x029D0020
[efz_netplay_mod][pid=292] NetplaySelection: player=0 menu=Main from=1 to=2 row=5(ROW_RESERVED5) label=LOBBY inputV=1
[efz_netplay_mod][pid=292] NetplayInput: P1(h=0 v=0 c=0 b=0) P2(h=0 v=0 c=0 b=0)
[efz_netplay_mod][pid=292] NetplayInput: P1(h=0 v=0 c=1 b=0) P2(h=0 v=0 c=0 b=0)
[efz_netplay_mod][pid=292] PlayUiSound: sfx=6 gameSystem=0x029D0020
[efz_netplay_mod][pid=292] NetplayConfirm: player=0 menu=Main selection=2 row=5(ROW_RESERVED5) label=LOBBY action=OpenLobby
[efz_netplay_mod][pid=292] NetplayAction: menu=Main selection=2 row=5(ROW_RESERVED5) action=OpenLobby
[efz_netplay_mod][pid=292] NetplaySlide(native): start from=Main(2) to=Lobby(0) dir=1
[efz_netplay_mod][pid=292] SwitchToMenu: entering Lobby, creating session for 'Aquatic_mod' port=10800
[efz_netplay_mod][pid=292] LobbySession::PollThread: entering
[efz_netplay_mod][pid=292] LobbySession: started for nickname='Aquatic_mod'
[efz_netplay_mod][pid=292] NetplayMenuSwitch: menu=Lobby selection=0 count=1 row=7(ROW_RETURN) entry=BACK
[efz_netplay_mod][pid=292] LobbySession: detected Wine/Proton; auto enabling ForceEmbeddedTls=1
[efz_netplay_mod][pid=292] LobbySession: endpoint config override=0 baseUrl='' proxyOverride=0 proxyBaseUrl='' forceWinInet=0 forceEmbeddedTls=1 tlsVerify=0 embeddedAvailable=1
[efz_netplay_mod][pid=292] NetplaySlide(native): complete menu=Lobby selection=0
[efz_netplay_mod][pid=292] AcquireMenuDrawSurfaceLock: locked backbuffer surface (surface=0x01671288 size=640x480 pitch=640)
[efz_netplay_mod][pid=292] AcquireMenuDrawSurfaceLock: backbuffer surface details size=640x480 pitch=640 (lockW=0 lockH=480)
[efz_netplay_mod][pid=292] OverlayTextPalette: selected=224 rgb=(255,255,255) normal=217 rgb=(160,160,160) transparent=213
[efz_netplay_mod][pid=292] NetplayInput: P1(h=0 v=0 c=0 b=0) P2(h=0 v=0 c=0 b=0)
[efz_netplay_mod][pid=292] NetplayFrame: updates=92 menu=Lobby selection=0 row=7(ROW_RETURN) inactivity=10 slide=0 nativeSlideRaw=0 nativeSlideScaled=0
[efz_netplay_mod][pid=292] LobbySession::DoHttpGet: backend=EmbeddedTLS endpoint=primary verify=0
[efz_netplay_mod][pid=292] LobbySession::DoJoin: response='{"alias":"EFZ","challenges":[],"id":8380,"idle":[["Aquatic_mod",1]],"msg":1,"playing":[],"secret":2594,"status":"OK","type":"Private"}
'
[efz_netplay_mod][pid=292] LobbySession::PollThread: joined lobby id=8380 playerId=1
[efz_netplay_mod][pid=292] HookedTitleUpdateImpl: calls=300 netplayActive=1
[efz_netplay_mod][pid=292] StateExport: heartbeat seq=600 activity=1 menu=1 screen=0 mode=0 phase=0 role=0 side=-1 p1Wins=0 p2Wins=0 ping=-1 delay=-1 local='' p1='' p2='' revival='1.02e' caps=0xB1 sessionId=0 setId=0 endReason=0
[efz_netplay_mod][pid=292] LobbySession::DiscoverPublicIp: resolved=91.214.211.2
[efz_netplay_mod][pid=292] LobbySession::DoPollStatus: response='{"alias":"EFZ","challenges":[],"id":8380,"idle":[["Aquatic_mod",1]],"msg":"OK","playing":[],"status":"OK"}
'
[efz_netplay_mod][pid=292] NetplayFrame: updates=220 menu=Lobby selection=0 row=6(ROW_RESERVED6) inactivity=138 slide=0 nativeSlideRaw=0 nativeSlideScaled=0
[efz_netplay_mod][pid=292] LobbySession::DoPollStatus: response='{"alias":"EFZ","challenges":[],"id":8380,"idle":[["Aquatic_mod",1]],"msg":"OK","playing":[],"status":"OK"}
'
[efz_netplay_mod][pid=292] NetplayFrame: updates=348 menu=Lobby selection=0 row=6(ROW_RESERVED6) inactivity=266 slide=0 nativeSlideRaw=0 nativeSlideScaled=0
[efz_netplay_mod][pid=292] LobbySession::DoPollStatus: response='{"alias":"EFZ","challenges":[],"id":8380,"idle":[["Aquatic_mod",1]],"msg":"OK","playing":[],"status":"OK"}
'
[efz_netplay_mod][pid=292] TICK_HOOK: heartbeat frameTick=600 session=0x01663EB0 exeECX=0x03253A50 match=0
[efz_netplay_mod][pid=292] HookedTitleUpdateImpl: calls=600 netplayActive=1
[efz_netplay_mod][pid=292] StateExport: heartbeat seq=1200 activity=1 menu=1 screen=0 mode=0 phase=0 role=0 side=-1 p1Wins=0 p2Wins=0 ping=-1 delay=-1 local='' p1='' p2='' revival='1.02e' caps=0xB1 sessionId=0 setId=0 endReason=0
[efz_netplay_mod][pid=292] NetplayFrame: updates=476 menu=Lobby selection=0 row=6(ROW_RESERVED6) inactivity=394 slide=0 nativeSlideRaw=0 nativeSlideScaled=0
[efz_netplay_mod][pid=292] LobbySession::DoPollStatus: response='{"alias":"EFZ","challenges":[],"id":8380,"idle":[["Aquatic_mod",1]],"msg":"OK","playing":[],"status":"OK"}
'
[efz_netplay_mod][pid=292] LobbySession::DoPollStatus: response='{"alias":"EFZ","challenges":[],"id":8380,"idle":[["Aquatic_mod",1]],"msg":"OK","playing":[],"status":"OK"}
'
[efz_netplay_mod][pid=292] NetplayFrame: updates=604 menu=Lobby selection=0 row=6(ROW_RESERVED6) inactivity=522 slide=0 nativeSlideRaw=0 nativeSlideScaled=0
[efz_netplay_mod][pid=292] LobbySession::DoPollStatus: response='{"alias":"EFZ","challenges":[],"id":8380,"idle":[["Aquatic_mod",1]],"msg":"OK","playing":[],"status":"OK"}
'
[efz_netplay_mod][pid=292] HookedTitleUpdateImpl: calls=900 netplayActive=1
[efz_netplay_mod][pid=292] StateExport: heartbeat seq=1800 activity=1 menu=1 screen=0 mode=0 phase=0 role=0 side=-1 p1Wins=0 p2Wins=0 ping=-1 delay=-1 local='' p1='' p2='' revival='1.02e' caps=0xB1 sessionId=0 setId=0 endReason=0
[efz_netplay_mod][pid=292] NetplayFrame: updates=732 menu=Lobby selection=0 row=6(ROW_RESERVED6) inactivity=650 slide=0 nativeSlideRaw=0 nativeSlideScaled=0
[efz_netplay_mod][pid=292] LobbySession::DoPollStatus: response='{"alias":"EFZ","challenges":[],"id":8380,"idle":[["Aquatic_mod",1]],"msg":"OK","playing":[],"status":"OK"}
'
[efz_netplay_mod][pid=292] NetplayFrame: updates=860 menu=Lobby selection=0 row=6(ROW_RESERVED6) inactivity=778 slide=0 nativeSlideRaw=0 nativeSlideScaled=0
[efz_netplay_mod][pid=292] LobbySession::DoPollStatus: response='{"alias":"EFZ","challenges":[],"id":8380,"idle":[["Aquatic_mod",1],["Aquatic",2]],"msg":"OK","playing":[],"status":"OK"}
'
[efz_netplay_mod][pid=292] NetplayFrame: updates=988 menu=Lobby selection=0 row=6(ROW_RESERVED6) inactivity=906 slide=0 nativeSlideRaw=0 nativeSlideScaled=0
[efz_netplay_mod][pid=292] LobbySession::DoPollStatus: response='{"alias":"EFZ","challenges":[],"id":8380,"idle":[["Aquatic_mod",1],["Aquatic",2]],"msg":"OK","playing":[],"status":"OK"}
'
[efz_netplay_mod][pid=292] TICK_HOOK: heartbeat frameTick=1200 session=0x01663EB0 exeECX=0x03253A50 match=0
[efz_netplay_mod][pid=292] HookedTitleUpdateImpl: calls=1200 netplayActive=1
[efz_netplay_mod][pid=292] StateExport: heartbeat seq=2400 activity=1 menu=1 screen=0 mode=0 phase=0 role=0 side=-1 p1Wins=0 p2Wins=0 ping=-1 delay=-1 local='' p1='' p2='' revival='1.02e' caps=0xB1 sessionId=0 setId=0 endReason=0
[efz_netplay_mod][pid=292] NetplayFrame: updates=1116 menu=Lobby selection=0 row=6(ROW_RESERVED6) inactivity=1034 slide=0 nativeSlideRaw=0 nativeSlideScaled=0
[efz_netplay_mod][pid=292] LobbySession::DoPollStatus: response='{"alias":"EFZ","challenges":[["Aquatic",2,"91.214.211.2:10800"]],"id":8380,"idle":[["Aquatic_mod",1],["Aquatic",2]],"msg":"OK","playing":[],"status":"OK"}
'
[efz_netplay_mod][pid=292] NetplayInput: P1(h=0 v=0 c=1 b=0) P2(h=0 v=0 c=0 b=0)
[efz_netplay_mod][pid=292] PlayUiSound: sfx=6 gameSystem=0x029D0020
[efz_netplay_mod][pid=292] NetplayConfirm: player=0 menu=Lobby selection=0 row=6(ROW_RESERVED6) label=LOBBY_SLOT action=LobbySlot0
[efz_netplay_mod][pid=292] NetplayAction: menu=Lobby selection=0 row=6(ROW_RESERVED6) action=LobbySlot0
[efz_netplay_mod][pid=292] LobbyAccept: accepting challenge from 'Aquatic' id=2 ip=91.214.211.2:10800 addr=91.214.211.2 port=10800
[efz_netplay_mod][pid=292] SessionBridge: StartSession role=1 port=10800 address='91.214.211.2' nickname='Aquatic_mod'
[efz_netplay_mod][pid=292] LobbySession: processing pre_accept challenger=2
[efz_netplay_mod][pid=292] Takeover: StartSession role=1 port=10800 address='91.214.211.2' nickname='Aquatic_mod'
[efz_netplay_mod][pid=292] DIAG[StartSession_entry]: dllExitPatchesSaved=0 tournamentPatchesSaved=0 renderContextSaved=0 savedRenderCtx=0x00000000
[efz_netplay_mod][pid=292] JoiningOverlay: activated  target=91.214.211.2:10800
[efz_netplay_mod][pid=292] DIAG[StartSession_entry]: dllBase=0x753C0000 roleFlag=2 sessionPtr=0x01663EB0 renderCtx=0x79C26BC8 globalState=0x029D0020
[efz_netplay_mod][pid=292] DIAG[StartSession_entry]: session vtable=0x75450404 initComplete=-2139815924 activePlayer=0
[efz_netplay_mod][pid=292] DIAG[StartSession_entry]: exitPatch[0] RVA=0x7909D byte=0x74 expected=0x74
[efz_netplay_mod][pid=292] DIAG[StartSession_entry]: exitPatch[1] RVA=0x7215D byte=0x75 expected=0x75
[efz_netplay_mod][pid=292] DIAG[StartSession_entry]: exitPatch[2] RVA=0x7231F byte=0x74 expected=0x74
[efz_netplay_mod][pid=292] DIAG[StartSession_entry]: nearJccPatch[0] RVA=0x7251B bytes=0F 84
[efz_netplay_mod][pid=292] DIAG[StartSession_entry]: nearJccPatch[1] RVA=0x7252E bytes=0F 84
[efz_netplay_mod][pid=292] DIAG[StartSession_entry]: nearJccPatch[2] RVA=0x742E1 bytes=0F 84
[efz_netplay_mod][pid=292] DIAG[StartSession_entry]: nearJccPatch[3] RVA=0x742F4 bytes=0F 84
[efz_netplay_mod][pid=292] DIAG[StartSession_entry]: nearJccPatch[4] RVA=0x74301 bytes=0F 84
[efz_netplay_mod][pid=292] DIAG[StartSession_entry]: localRoleFlag=2 localInitApplied=0 exitIntercepted=0 exitMode=-1 frameHookInstalled=1 frameRecoveryPending=0 forceLocalPlayInitCount=0
[efz_netplay_mod][pid=292] DIAG[StartSession_entry]: revivalProcess=0x00000000 revivalPid=0 lastValidatedSession=0x01663EB0 lastSessionPtrOffset=0xA02CC
[efz_netplay_mod][pid=292] Takeover: host revival base=0x753C0000
[efz_netplay_mod][pid=292] SaveRenderContext: saved EfzRender* 0x79C26BC8 from offset 0xA0778 initOnceGuard=0x00000101 (H2: guard SET — init() will NOT refresh renderCtx)
[efz_netplay_mod][pid=292] Takeover: phase Idle -> Connecting reason=''
[efz_netplay_mod][pid=292] StateExport: new session sessionId=1
[efz_netplay_mod][pid=292] StateExport: nicknames local=''->'Aquatic_mod' p1=''->'' p2=''->'' seq=2716
[efz_netplay_mod][pid=292] TICK_HOOK: *** ECX MISMATCH *** frameTick=1 exeECX=0x03253A50 dllSession=0x01663EB0 — overriding ECX with current session
[efz_netplay_mod][pid=292] TICK_HOOK: current session vtable=0x75450404 (RVA=0x90404)
[efz_netplay_mod][pid=292] DIAG[tick_ecx_mismatch]: dllExitPatchesSaved=0 tournamentPatchesSaved=0 renderContextSaved=1 savedRenderCtx=0x79C26BC8
[efz_netplay_mod][pid=292] DIAG[tick_ecx_mismatch]: dllBase=0x753C0000 roleFlag=2 sessionPtr=0x01663EB0 renderCtx=0x79C26BC8 globalState=0x029D0020
[efz_netplay_mod][pid=292] DIAG[tick_ecx_mismatch]: session vtable=0x75450404 initComplete=-2139815924 activePlayer=0
[efz_netplay_mod][pid=292] DIAG[tick_ecx_mismatch]: exitPatch[0] RVA=0x7909D byte=0x74 expected=0x74
[efz_netplay_mod][pid=292] DIAG[tick_ecx_mismatch]: exitPatch[1] RVA=0x7215D byte=0x75 expected=0x75
[efz_netplay_mod][pid=292] DIAG[tick_ecx_mismatch]: exitPatch[2] RVA=0x7231F byte=0x74 expected=0x74
[efz_netplay_mod][pid=292] DIAG[tick_ecx_mismatch]: nearJccPatch[0] RVA=0x7251B bytes=0F 84
[efz_netplay_mod][pid=292] DIAG[tick_ecx_mismatch]: nearJccPatch[1] RVA=0x7252E bytes=0F 84
[efz_netplay_mod][pid=292] DIAG[tick_ecx_mismatch]: nearJccPatch[2] RVA=0x742E1 bytes=0F 84
[efz_netplay_mod][pid=292] DIAG[tick_ecx_mismatch]: nearJccPatch[3] RVA=0x742F4 bytes=0F 84
[efz_netplay_mod][pid=292] Takeover: WriteIni path='Z:\mnt\shared\EFZ - Copy\EfzRevival.ini' existed=1 role=1 port=10800 nickname='Aquatic_mod' address='91.214.211.2' result=1 (updated keys: Network.Name, Network.Port)
[efz_netplay_mod][pid=292] DIAG[tick_ecx_mismatch]: nearJccPatch[4] RVA=0x74301 bytes=0F 84
[efz_netplay_mod][pid=292] DIAG[tick_ecx_mismatch]: localRoleFlag=2 localInitApplied=0 exitIntercepted=0 exitMode=-1 frameHookInstalled=1 frameRecoveryPending=0 forceLocalPlayInitCount=0
[efz_netplay_mod][pid=292] DIAG[tick_ecx_mismatch]: revivalProcess=0x00000000 revivalPid=0 lastValidatedSession=0x00000000 lastSessionPtrOffset=0x0
[efz_netplay_mod][pid=292] TICK_HOOK: heartbeat frameTick=1 session=0x01663EB0 exeECX=0x03253A50 match=0
[efz_netplay_mod][pid=292] NetplayInput: P1(h=0 v=0 c=0 b=0) P2(h=0 v=0 c=0 b=0)
[efz_netplay_mod][pid=292] Takeover [Wine]: spawned EfzRevival suspended pid=356 (DLL override active)
[efz_netplay_mod][pid=292] Takeover: created kill-on-close job object handle=0000015C
[efz_netplay_mod][pid=292] Takeover: assigned pid=356 to kill-on-close job
[efz_netplay_mod][pid=292] Takeover [Wine]: injecting via CreateRemoteThread(LoadLibraryA)
[efz_netplay_mod][pid=292] Takeover: injected self module base=0x75730000
[efz_netplay_mod] logger initialized
[efz_netplay_mod][pid=356] CrashHandler: installed (mode=injected_takeover dir='Z:\mnt\shared\EFZ - Copy\mods\efz_netplay_mod' vectored=00CD0B18)
[efz_netplay_mod][pid=356] Module attached in EfzRevival.exe (injected takeover mode)
[efz_netplay_mod][pid=356] DetectRevivalVersion: EfzRevival.dll not loaded — keeping default profile 1.02e
[efz_netplay_mod][pid=356] Takeover: injected initialized ready=1 block=0x00250000 init=0x000000B0 console=0x000000B4 initAddr=0x00000000 hostRevivalBase=0x753C0000
[efz_netplay_mod][pid=292] Takeover: PatchIat target module='efzrevival.exe' base=0x00400000
[efz_netplay_mod][pid=292] Takeover: module 'efzrevival.exe' patched import count=16
[efz_netplay_mod][pid=292] Takeover: PatchIat target module='msvcrt.dll' base=0x7B030000
[efz_netplay_mod][pid=292] Takeover: module 'msvcrt.dll' patched import ReadConsoleA old=0x7BB0E704 new=0x75750AD0
[efz_netplay_mod][pid=292] Takeover: module 'msvcrt.dll' patched import count=6
[efz_netplay_mod][pid=292] Takeover: PatchIat target module='ucrtbase.dll' base=0x7AC40000
[efz_netplay_mod][pid=292] Takeover: module 'ucrtbase.dll' patched import ReadConsoleA old=0x7BB0E704 new=0x75750AD0
[efz_netplay_mod][pid=292] Takeover: module 'ucrtbase.dll' patched import TerminateProcess old=0x7BB0F474 new=0x75750EB0
[efz_netplay_mod][pid=292] Takeover: module 'ucrtbase.dll' patched import count=7
[efz_netplay_mod][pid=292] Takeover: patched import total count=29 modules=3
[efz_netplay_mod][pid=292] Takeover: join clipboard seeded with address '91.214.211.2:10800'
[efz_netplay_mod][pid=292] Takeover: resumed main thread result=1 [Wine]
[efz_netplay_mod][pid=292] Takeover: signaled console script menu=3 primaryLen=3 auxLen=0 auxSerial=0
[efz_netplay_mod][pid=292] Takeover: phase Connecting -> Connecting reason='awaiting handshake'
[efz_netplay_mod][pid=292] Takeover: start session armed (asynchronous handshake via Tick)
[efz_netplay_mod][pid=292] Takeover: connecting diag session=0x01663EB0 sessionOff=0xA02CC roleFlag=2 ping=-1 delay=15 sync(mode=0 flag1084=0 session=0 flags=0/4 ready=0) src(exe=1 dll=1 roleDll=1 sessDll=1) hits(rc=0 auto=0 cp=0 wpm=0 crt=0)
[efz_netplay_mod][pid=292] Takeover: runtime-ready probe ready=0 source=none localInit=0 prompt=0 input=0 session=0 bind(pid=0 handle=0) syncReady=0 role=2
[efz_netplay_mod][pid=292] LobbySession::DoPreAccept: challenger=2 response='{"msg":"OK","status":"OK"}
'
[efz_netplay_mod][pid=356] nb_stub_ReadConsoleA: served input serial=1 source=injected value='3
'
[efz_netplay_mod][pid=292] NetplayFrame: updates=1244 menu=Lobby selection=0 row=6(ROW_RESERVED6) inactivity=1161 slide=0 nativeSlideRaw=0 nativeSlideScaled=0
[efz_netplay_mod][pid=292] LobbySession::DoPollStatus: response='{"alias":"EFZ","challenges":[["Aquatic",2,"91.214.211.2:10800"]],"id":8380,"idle":[["Aquatic_mod",1],["Aquatic",2]],"msg":"OK","playing":[],"status":"OK"}
'
[efz_netplay_mod][pid=356] Takeover: capture revival native logs=1 source=ini:Z:\mnt\shared\EFZ - Copy\EfzRevival.ini
[efz_netplay_mod][pid=292] Takeover: late PatchIat retry result=1 attempts=1 success=1 elapsed=506ms
[efz_netplay_mod][pid=292] StateExport: STALL detected — 332 ms since last update (seq=2817 phase=1)
[efz_netplay_mod][pid=292] StateExport: STALL detected — 328 ms since last update (seq=2843 phase=1)
[efz_netplay_mod][pid=292] StateExport: STALL detected — 268 ms since last update (seq=2869 phase=1)
[efz_netplay_mod][pid=292] LobbySession::DoPollStatus: response='{"alias":"EFZ","challenges":[["Aquatic",2,"91.214.211.2:10800"]],"id":8380,"idle":[["Aquatic_mod",1],["Aquatic",2]],"msg":"OK","playing":[],"status":"OK"}
'
[efz_netplay_mod][pid=292] Takeover: connecting diag session=0x01663EB0 sessionOff=0xA02CC roleFlag=2 ping=-1 delay=15 sync(mode=0 flag1084=0 session=0 flags=0/4 ready=0) src(exe=1 dll=1 roleDll=1 sessDll=1) hits(rc=1 auto=0 cp=0 wpm=0 crt=0)
[efz_netplay_mod][pid=292] StateExport: STALL detected — 396 ms since last update (seq=2903 phase=1)
[efz_netplay_mod][pid=292] NetplayFrame: updates=1296 menu=Lobby selection=0 row=6(ROW_RESERVED6) inactivity=1213 slide=0 nativeSlideRaw=0 nativeSlideScaled=0
[efz_netplay_mod][pid=292] StateExport: STALL detected — 253 ms since last update (seq=2921 phase=1)
[efz_netplay_mod][pid=292] Takeover: runtime-ready probe ready=0 source=none localInit=0 prompt=0 input=0 session=0 bind(pid=0 handle=0) syncReady=0 role=2
[efz_netplay_mod][pid=292] StateExport: STALL detected — 308 ms since last update (seq=2957 phase=1)
[efz_netplay_mod][pid=292] HookedTitleUpdateImpl: calls=1500 netplayActive=1
[efz_netplay_mod][pid=292] Takeover: late PatchIat retry result=1 attempts=7 success=7 elapsed=3511ms
[efz_netplay_mod][pid=292] StateExport: STALL detected — 280 ms since last update (seq=2987 phase=1)
[efz_netplay_mod][pid=292] StateExport: heartbeat seq=3000 activity=1 menu=1 screen=0 mode=2 phase=1 role=0 side=-1 p1Wins=0 p2Wins=0 ping=-1 delay=-1 local='Aquatic_mod' p1='' p2='' revival='1.02e' caps=0xB5 sessionId=1 setId=0 endReason=0
[efz_netplay_mod][pid=292] LobbySession::DoPollStatus: response='{"alias":"EFZ","challenges":[["Aquatic",2,"91.214.211.2:10800"]],"id":8380,"idle":[["Aquatic_mod",1],["Aquatic",2]],"msg":"OK","playing":[],"status":"OK"}
'
[efz_netplay_mod][pid=292] Takeover: connecting diag session=0x01663EB0 sessionOff=0xA02CC roleFlag=2 ping=-1 delay=15 sync(mode=0 flag1084=0 session=0 flags=0/4 ready=0) src(exe=1 dll=1 roleDll=1 sessDll=1) hits(rc=1 auto=0 cp=0 wpm=0 crt=0)
[efz_netplay_mod][pid=292] StateExport: STALL detected — 255 ms since last update (seq=3021 phase=1)
[efz_netplay_mod][pid=292] NetplayFrame: updates=1364 menu=Lobby selection=0 row=6(ROW_RESERVED6) inactivity=1281 slide=0 nativeSlideRaw=0 nativeSlideScaled=0
[efz_netplay_mod][pid=356] Takeover: console prompt detected type=delay serial=1 avg=-1 minPing=-1 maxPing=-1 rec=-1 range=0..20 text='Enter the initial input delay (between ) 0 and 20, none for recommended):'
[efz_netplay_mod][pid=292] Takeover: delay prompt observed promptSerial=1 servedSerial=0 (waiting for init handshake/runtime sync before connected)
[efz_netplay_mod][pid=292] StateExport: STALL detected — 348 ms since last update (seq=3057 phase=1)
[efz_netplay_mod][pid=292] DelayOverlay: activated promptSerial=1 ping=-1 current=0 min=0 max=20 recommended=0 names='' vs ''
[efz_netplay_mod][pid=292] LobbySession: processing deferred accept target=2
[efz_netplay_mod][pid=292] DelayOverlay: pixel draw surface=640x480 pitch=640
[efz_netplay_mod][pid=292] StateExport: STALL detected — 266 ms since last update (seq=3081 phase=1)
[efz_netplay_mod][pid=292] LobbySession::DoAccept: challenger=2 response='{"msg":"OK","status":"OK"}
'
[efz_netplay_mod][pid=292] StateExport: STALL detected — 277 ms since last update (seq=3115 phase=1)
[efz_netplay_mod][pid=292] Takeover: connecting diag session=0x01663EB0 sessionOff=0xA02CC roleFlag=2 ping=-1 delay=15 sync(mode=0 flag1084=0 session=0 flags=0/4 ready=0) src(exe=1 dll=1 roleDll=1 sessDll=1) hits(rc=1 auto=0 cp=0 wpm=0 crt=0)
[efz_netplay_mod][pid=292] LobbySession::DoPollStatus: response='{"alias":"EFZ","challenges":[],"id":8380,"idle":[],"msg":"OK","playing":[["Aquatic_mod","Aquatic",1,2,"91.214.211.2:10800"]],"status":"OK"}
'
[efz_netplay_mod][pid=292] Takeover: runtime-ready probe ready=0 source=none localInit=0 prompt=0 input=0 session=0 bind(pid=0 handle=0) syncReady=0 role=2
[efz_netplay_mod][pid=292] StateExport: STALL detected — 370 ms since last update (seq=3151 phase=1)
[efz_netplay_mod][pid=292] NetplayFrame: updates=1421 menu=Lobby selection=0 row=6(ROW_RESERVED6) inactivity=1338 slide=0 nativeSlideRaw=0 nativeSlideScaled=0
[efz_netplay_mod][pid=292] Takeover: late PatchIat retry result=1 attempts=13 success=13 elapsed=6531ms
[efz_netplay_mod][pid=292] StateExport: STALL detected — 251 ms since last update (seq=3173 phase=1)
[efz_netplay_mod][pid=292] StateExport: STALL detected — 320 ms since last update (seq=3209 phase=1)
[efz_netplay_mod][pid=292] LobbySession::DoPollStatus: response='{"alias":"EFZ","challenges":[],"id":8380,"idle":[],"msg":"OK","playing":[["Aquatic_mod","Aquatic",1,2,"91.214.211.2:10800"]],"status":"OK"}
'
[efz_netplay_mod][pid=292] StateExport: STALL detected — 315 ms since last update (seq=3237 phase=1)
[efz_netplay_mod][pid=292] Takeover: connecting diag session=0x01663EB0 sessionOff=0xA02CC roleFlag=2 ping=-1 delay=15 sync(mode=0 flag1084=0 session=0 flags=0/4 ready=0) src(exe=1 dll=1 roleDll=1 sessDll=1) hits(rc=1 auto=0 cp=0 wpm=0 crt=0)
[efz_netplay_mod][pid=292] StateExport: STALL detected — 253 ms since last update (seq=3265 phase=1)
[efz_netplay_mod][pid=292] NetplayFrame: updates=1485 menu=Lobby selection=0 row=6(ROW_RESERVED6) inactivity=1402 slide=0 nativeSlideRaw=0 nativeSlideScaled=0
[efz_netplay_mod][pid=292] StateExport: STALL detected — 340 ms since last update (seq=3303 phase=1)
[efz_netplay_mod][pid=292] StateExport: STALL detected — 252 ms since last update (seq=3329 phase=1)
[efz_netplay_mod][pid=292] Takeover: runtime-ready probe ready=0 source=none localInit=0 prompt=0 input=0 session=0 bind(pid=0 handle=0) syncReady=0 role=2
[efz_netplay_mod][pid=292] LobbySession::DoPollStatus: response='{"alias":"EFZ","challenges":[],"id":8380,"idle":[],"msg":"OK","playing":[["Aquatic_mod","Aquatic",1,2,"91.214.211.2:10800"]],"status":"OK"}
'
[efz_netplay_mod][pid=292] Takeover: late PatchIat retry result=1 attempts=19 success=19 elapsed=9552ms
[efz_netplay_mod][pid=292] StateExport: STALL detected — 290 ms since last update (seq=3365 phase=1)
[efz_netplay_mod][pid=292] Takeover: connecting diag session=0x01663EB0 sessionOff=0xA02CC roleFlag=2 ping=-1 delay=15 sync(mode=0 flag1084=0 session=0 flags=0/4 ready=0) src(exe=1 dll=1 roleDll=1 sessDll=1) hits(rc=1 auto=0 cp=0 wpm=0 crt=0)
[efz_netplay_mod][pid=292] StateExport: STALL detected — 363 ms since last update (seq=3397 phase=1)
[efz_netplay_mod][pid=292] NetplayFrame: updates=1543 menu=Lobby selection=0 row=6(ROW_RESERVED6) inactivity=1460 slide=0 nativeSlideRaw=0 nativeSlideScaled=0
[efz_netplay_mod][pid=292] StateExport: STALL detected — 267 ms since last update (seq=3419 phase=1)
[efz_netplay_mod][pid=292] LobbySession::DoPollStatus: response='{"alias":"EFZ","challenges":[],"id":8380,"idle":[],"msg":"OK","playing":[["Aquatic_mod","Aquatic",1,2,"91.214.211.2:10800"]],"status":"OK"}
'
[efz_netplay_mod][pid=292] StateExport: STALL detected — 344 ms since last update (seq=3453 phase=1)
[efz_netplay_mod][pid=292] StateExport: STALL detected — 288 ms since last update (seq=3477 phase=1)
[efz_netplay_mod][pid=292] NetplayInput: P1(h=0 v=0 c=1 b=0) P2(h=0 v=0 c=0 b=0)
[efz_netplay_mod][pid=292] Takeover: ApplyInputDelay queued prompt input value=0 promptSerial=1 inputSerial=1
ed read=128 value='0
' count=1
[efz_netplay_mod][pid=292] SessionBridge: ApplyInputDelay value=0 result=1 phase=Connecting
[efz_netplay_mod][pid=292] PlayUiSound: sfx=6 gameSystem=0x029D0020
[efz_netplay_mod][pid=292] DelayOverlay: confirmed player=0 selected=0 recommended=0 min=0 max=20 ping=-1 phase=Connecting syncReady=0
[efz_netplay_mod][pid=292] DelayOverlay: waiting for runtime sync after delay selection phase=Connecting prompt=1/1
[efz_netplay_mod][pid=292] NetplayInput: P1(h=0 v=0 c=0 b=0) P2(h=0 v=0 c=0 b=0)
[efz_netplay_mod][pid=356] nb_stub_CreateProcessA: redirected to host pid=292 source=injected
[efz_netplay_mod][pid=356] nb_stub_ReadProcessMemory: spoof addr=0x007871F4 size=4 value=0x4386998F count=1
[efz_netplay_mod][pid=356] nb_stub_CreateRemoteThread: bypass call start=0x7BB0E1C8 call=1 base=0x753C0000
[efz_netplay_mod][pid=292] Takeover: observed takeover create path hits cp=1 wpm=1 crt=1
[efz_netplay_mod][pid=292] Takeover: connecting diag session=0x01663EB0 sessionOff=0xA02CC roleFlag=2 ping=-1 delay=15 sync(mode=0 flag1084=0 session=0 flags=0/4 ready=0) src(exe=1 dll=1 roleDll=1 sessDll=1) hits(rc=2 auto=1 cp=1 wpm=1 crt=1)
[efz_netplay_mod][pid=356] nb_stub_WriteProcessMemory: observed init write mode=0 magic=102 dst=0x00330000
[efz_netplay_mod][pid=356] nb_stub_WriteProcessMemory: captured init params via write mode=0 magic=102
[efz_netplay_mod][pid=356] nb_stub_CreateRemoteThread: captured init params mode=0 magic=102 start=0x7542E830 call=2
[efz_netplay_mod][pid=292] DIAG[Tick_init_handshake_pre]: dllExitPatchesSaved=0 tournamentPatchesSaved=0 renderContextSaved=1 savedRenderCtx=0x79C26BC8
[efz_netplay_mod][pid=292] DIAG[Tick_init_handshake_pre]: dllBase=0x753C0000 roleFlag=2 sessionPtr=0x01663EB0 renderCtx=0x79C26BC8 globalState=0x029D0020
[efz_netplay_mod][pid=292] DIAG[Tick_init_handshake_pre]: session vtable=0x75450404 initComplete=-2139815924 activePlayer=0
[efz_netplay_mod][pid=292] DIAG[Tick_init_handshake_pre]: exitPatch[0] RVA=0x7909D byte=0x74 expected=0x74
[efz_netplay_mod][pid=292] DIAG[Tick_init_handshake_pre]: exitPatch[1] RVA=0x7215D byte=0x75 expected=0x75
[efz_netplay_mod][pid=292] DIAG[Tick_init_handshake_pre]: exitPatch[2] RVA=0x7231F byte=0x74 expected=0x74
[efz_netplay_mod][pid=292] DIAG[Tick_init_handshake_pre]: nearJccPatch[0] RVA=0x7251B bytes=0F 84
[efz_netplay_mod][pid=292] DIAG[Tick_init_handshake_pre]: nearJccPatch[1] RVA=0x7252E bytes=0F 84
[efz_netplay_mod][pid=292] DIAG[Tick_init_handshake_pre]: nearJccPatch[2] RVA=0x742E1 bytes=0F 84
[efz_netplay_mod][pid=292] DIAG[Tick_init_handshake_pre]: nearJccPatch[3] RVA=0x742F4 bytes=0F 84
[efz_netplay_mod][pid=292] DIAG[Tick_init_handshake_pre]: nearJccPatch[4] RVA=0x74301 bytes=0F 84
[efz_netplay_mod][pid=292] DIAG[Tick_init_handshake_pre]: localRoleFlag=2 localInitApplied=0 exitIntercepted=0 exitMode=-1 frameHookInstalled=1 frameRecoveryPending=0 forceLocalPlayInitCount=0
[efz_netplay_mod][pid=292] DIAG[Tick_init_handshake_pre]: revivalProcess=0x00000164 revivalPid=356 lastValidatedSession=0x01663EB0 lastSessionPtrOffset=0xA02CC
[efz_netplay_mod][pid=292] Takeover: init handshake observed (deferred) mode=0 magic=102 serial=3
[efz_netplay_mod][pid=292] INIT_SNAP[Tick_init_pre]: roleFlag=2 sessionPtr=0x01663EB0 initFlag=0 initByte=0x00 renderCtx=0x79C26BC8 renderCtxBase=0x00000000 initOnceGuard=0x00000101 timerPtr=0x79C26AD0 globalStatePtr=0x029D0020
[efz_netplay_mod][pid=292] INIT_SNAP[Tick_init_pre]: roleFlag[1]=0xA05F0 val=1967518556
[efz_netplay_mod][pid=292] INIT_SNAP[Tick_init_pre]: roleFlag[2]=0xA15FC val=0
[efz_netplay_mod][pid=292] INIT_SNAP[Tick_init_pre]: sessionPtr[1]=0xA02EC val=0x00000000
[efz_netplay_mod][pid=292] INIT_SNAP[Tick_init_pre]: session vtable=0x75450404 initComplete=-2139815924 activePlayer=0 queuePlayer=0 inputDelay=15
[efz_netplay_mod][pid=356] Takeover: native workflow event=helper_loaded text='Successfully loaded'
[efz_netplay_mod][pid=292] INIT_SNAP[Tick_init_pre]: session currentFrame=23425264 gameModeSnap=23427384 matchId=23427336 sentinel=1767853127 helperHandle=0x00000000
[efz_netplay_mod][pid=292] INIT_SNAP[Tick_init_pre]: session histPrimary=0x00000006 histSecondary=0x00000000 histPrimaryVec=0x016641C4 histSecondaryVec=0x016641D0
[efz_netplay_mod][pid=292] INIT_SNAP[Tick_init_pre]: session +4=13304013 +8=13107408 +12=2031646 +16=1114144 +36=1
[efz_netplay_mod][pid=292] INIT_SNAP[Tick_init_pre]: g_localRoleFlag=2 g_localInitApplied=0 g_dllExitPatchesSaved=0 g_tournamentPatchesSaved=0 g_renderContextSaved=1 g_savedRenderCtx=0x79C26BC8 g_frameHookInstalled=1 initCount=0
[efz_netplay_mod][pid=292] Tick_init_handshake: DestroyCurrentSession starting session=0x01663EB0 role=2
[efz_netplay_mod][pid=292] Tick_init_handshake: DestroyCurrentSession vtable=0x75450404 (RVA 0x00090404)
[efz_netplay_mod][pid=292] Tick_init_handshake: DestroyCurrentSession calling dtor vtable[0]=0x753E8B90 session=0x01663EB0 role=2
[efz_netplay_mod][pid=292] Tick_init_handshake: DestroyCurrentSession destructor completed
[efz_netplay_mod][pid=292] ResetModeConstructorTrampolineCache: cleared 2 entries
[efz_netplay_mod][pid=292] Tick_init_handshake: DestroyCurrentSession done session=0x01663EB0 role=2 globalsZeroed=2
[efz_netplay_mod][pid=292] Tick_init_handshake: about to save EXE hook bytes before init() mode=0 oldSession=0x01663EB0
[efz_netplay_mod][pid=292] SaveExeFrameHookBytes: saved 10 bytes at 0x00401582 [E9 D9 DA 25 01 90 90 90 90 90]
[efz_netplay_mod][pid=292] SaveModeCtorOriginalBytesOnce: captured 0x00763E50=[C6 40 2D 00 8B 4D D0] 0x00763F04=[8B 4D D0 C6 41 2D 00]
[efz_netplay_mod][pid=292] RestoreModeCtorOriginalBytes: restored 0x00763E50=[C6 40 2D 00 8B 4D D0] 0x00763F04=[8B 4D D0 C6 41 2D 00]
[efz_netplay_mod][pid=292] ResetModeConstructorTrampolineCache: cleared 2 entries
[efz_netplay_mod][pid=292] Tick_init_handshake: 0x401582 pre-init  [E9 D9 DA 25 01 90 90 90 90 90]
[efz_netplay_mod][pid=292] Tick_init_handshake: calling init(mode=0, magic=102)
[efz_netplay_mod][pid=292] LobbySession::DoPollStatus: response='{"alias":"EFZ","challenges":[],"id":8380,"idle":[],"msg":"OK","playing":[["Aquatic_mod","Aquatic",1,2,"91.214.211.2:10800"]],"status":"OK"}
'
[efz_netplay_mod][pid=292] LobbySession::DoPollStatus: response='{"alias":"EFZ","challenges":[],"id":8380,"idle":[],"msg":"OK","playing":[["Aquatic_mod","Aquatic",1,2,"91.214.211.2:10800"]],"status":"OK"}
'
[efz_netplay_mod][pid=292] LobbySession::DoPollStatus: response='{"alias":"EFZ","challenges":[],"id":8380,"idle":[],"msg":"OK","playing":[["Aquatic_mod","Aquatic",1,2,"91.214.211.2:10800"]],"status":"OK"}
'
[efz_netplay_mod][pid=292] LobbySession::DoPollStatus: response='{"alias":"EFZ","challenges":[],"id":8380,"idle":[],"msg":"OK","playing":[["Aquatic_mod","Aquatic",1,2,"91.214.211.2:10800"]],"status":"OK"}
'
[efz_netplay_mod][pid=292] LobbySession::DoPollStatus: response='{"alias":"EFZ","challenges":[],"id":8380,"idle":[],"msg":"OK","playing":[["Aquatic_mod","Aquatic",1,2,"91.214.211.2:10800"]],"status":"OK"}
'
[efz_netplay_mod][pid=292] Tick_init_handshake: 0x401582 post-init [E9 A9 68 EF 04 90 90 90 90 90]
[efz_netplay_mod][pid=292] Tick_init_handshake: restoring saved EXE hook bytes (mode=0)
[efz_netplay_mod][pid=292] RestoreExeFrameHookBytes: restored 10 bytes at 0x00401582 [E9 D9 DA 25 01 90 90 90 90 90]
[efz_netplay_mod][pid=292] Tick_init_handshake: 0x401582 restored  [E9 D9 DA 25 01 90 90 90 90 90]
[efz_netplay_mod][pid=292] Tick_init_handshake: modeCtorFixup 0x00763E50 tramp=052F7DF0 orig=[C6 40 2D 00 8B 4D D0]
[efz_netplay_mod][pid=292] Tick_init_handshake: modeCtorFixup 0x00763E50 no relative instructions found
[efz_netplay_mod][pid=292] Tick_init_handshake: modeCtorFixup 0x00763F04 tramp=052F7DB0 orig=[8B 4D D0 C6 41 2D 00]
[efz_netplay_mod][pid=292] Tick_init_handshake: modeCtorFixup 0x00763F04 no relative instructions found
[efz_netplay_mod][pid=292] INIT_SNAP[Tick_init_post]: roleFlag=0 sessionPtr=0x0534BDC0 initFlag=0 initByte=0x00 renderCtx=0x79C26BC8 renderCtxBase=0x00000000 initOnceGuard=0x00000101 timerPtr=0x79C26AD0 globalStatePtr=0x029D0020
[efz_netplay_mod][pid=292] INIT_SNAP[Tick_init_post]: roleFlag[1]=0xA05F0 val=1967518556
[efz_netplay_mod][pid=292] INIT_SNAP[Tick_init_post]: roleFlag[2]=0xA15FC val=0
[efz_netplay_mod][pid=292] INIT_SNAP[Tick_init_post]: sessionPtr[1]=0xA02EC val=0x00000000
[efz_netplay_mod][pid=292] INIT_SNAP[Tick_init_post]: session vtable=0x754502C0 initComplete=0 activePlayer=0 queuePlayer=1 inputDelay=0
[efz_netplay_mod][pid=292] INIT_SNAP[Tick_init_post]: session currentFrame=0 gameModeSnap=0 matchId=0 sentinel=2147482647 helperHandle=0x00000000
[efz_netplay_mod][pid=292] INIT_SNAP[Tick_init_post]: session histPrimary=0x7B310000 histSecondary=0x7B3208A0 histPrimaryVec=0x0534C0D4 histSecondaryVec=0x0534C0E0
[efz_netplay_mod][pid=292] INIT_SNAP[Tick_init_post]: session +4=1114696 +8=1126504 +12=2077446676 +16=0 +36=480
[efz_netplay_mod][pid=292] INIT_SNAP[Tick_init_post]: g_localRoleFlag=0 g_localInitApplied=1 g_dllExitPatchesSaved=0 g_tournamentPatchesSaved=0 g_renderContextSaved=1 g_savedRenderCtx=0x79C26BC8 g_frameHookInstalled=1 initCount=0
[efz_netplay_mod][pid=292] Takeover: local init(mode=0 magic=102) result=2289392 [deferred] oldSession=0x01663EB0 newSession=0x0534BDC0
[efz_netplay_mod][pid=292] Takeover: InvokeStartInitPlayer calling sub_10072880 session=0x0534BDC0 fn=0x75432880 initComplete=0
[efz_netplay_mod][pid=292] LobbySession::DoPollStatus: response='{"alias":"EFZ","challenges":[],"id":8380,"idle":[],"msg":"OK","playing":[["Aquatic_mod","Aquatic",1,2,"91.214.211.2:10800"]],"status":"OK"}
'
[efz_netplay_mod][pid=292] LobbySession::DoPollStatus: response='{"alias":"EFZ","challenges":[],"id":8380,"idle":[],"msg":"OK","playing":[["Aquatic_mod","Aquatic",1,2,"91.214.211.2:10800"]],"status":"OK"}
'
[efz_netplay_mod][pid=292] LobbySession::DoPollStatus: response='{"alias":"EFZ","challenges":[],"id":8380,"idle":[],"msg":"OK","playing":[["Aquatic_mod","Aquatic",1,2,"91.214.211.2:10800"]],"status":"OK"}
'
[efz_netplay_mod][pid=292] Takeover: InvokeStartInitPlayer completed session=0x0534BDC0 initComplete=1 activePlayer=1
[efz_netplay_mod][pid=292] Takeover: netplay role = Client (P2, inputs swapped)
[efz_netplay_mod][pid=292] INIT_SNAP[Tick_startInitPlayer_post]: roleFlag=0 sessionPtr=0x0534BDC0 initFlag=0 initByte=0x00 renderCtx=0x79C26BC8 renderCtxBase=0x00000000 initOnceGuard=0x00000101 timerPtr=0x79C26AD0 globalStatePtr=0x029D0020
[efz_netplay_mod][pid=292] INIT_SNAP[Tick_startInitPlayer_post]: roleFlag[1]=0xA05F0 val=1967518556
[efz_netplay_mod][pid=292] INIT_SNAP[Tick_startInitPlayer_post]: roleFlag[2]=0xA15FC val=0
[efz_netplay_mod][pid=292] INIT_SNAP[Tick_startInitPlayer_post]: sessionPtr[1]=0xA02EC val=0x00000000
[efz_netplay_mod][pid=292] INIT_SNAP[Tick_startInitPlayer_post]: session vtable=0x754502C0 initComplete=1 activePlayer=1 queuePlayer=0 inputDelay=0
[efz_netplay_mod][pid=292] INIT_SNAP[Tick_startInitPlayer_post]: session currentFrame=0 gameModeSnap=0 matchId=0 sentinel=2147482647 helperHandle=0x000001CC
[efz_netplay_mod][pid=292] INIT_SNAP[Tick_startInitPlayer_post]: session histPrimary=0x0534C0E0 histSecondary=0x0534C0D4 histPrimaryVec=0x0534C0D4 histSecondaryVec=0x0534C0E0
[efz_netplay_mod][pid=292] INIT_SNAP[Tick_startInitPlayer_post]: session +4=0 +8=0 +12=0 +16=0 +36=480
[efz_netplay_mod][pid=292] INIT_SNAP[Tick_startInitPlayer_post]: g_localRoleFlag=0 g_localInitApplied=1 g_dllExitPatchesSaved=0 g_tournamentPatchesSaved=0 g_renderContextSaved=1 g_savedRenderCtx=0x79C26BC8 g_frameHookInstalled=1 initCount=0
[efz_netplay_mod][pid=292] Takeover: InvokeStartInitPlayer result=1 [deferred]
[efz_netplay_mod][pid=292] Takeover: init snapshot step SaveAndApplyDllExitProcessPatches for mode=0 (to be reversed by RestoreDllExitProcessPatches on exit)
[efz_netplay_mod][pid=292] SaveAndApplyDllExitProcessPatches: site 0 RVA 0x7909D: patched 0x74 -> 0xEB
[efz_netplay_mod][pid=292] SaveAndApplyDllExitProcessPatches: site 1 RVA 0x7215D: patched 0x75 -> 0xEB
[efz_netplay_mod][pid=292] SaveAndApplyDllExitProcessPatches: site 2 RVA 0x7231F: patched 0x74 -> 0xEB
[efz_netplay_mod][pid=292] SaveAndApplyDllExitProcessPatches: near-Jcc 0 RVA 0x7251B: patched 0F 84 -> 6xNOP
[efz_netplay_mod][pid=292] SaveAndApplyDllExitProcessPatches: near-Jcc 1 RVA 0x7252E: patched 0F 84 -> 6xNOP
[efz_netplay_mod][pid=292] SaveAndApplyDllExitProcessPatches: near-Jcc 2 RVA 0x742E1: patched 0F 84 -> 6xNOP
[efz_netplay_mod][pid=292] SaveAndApplyDllExitProcessPatches: near-Jcc 3 RVA 0x742F4: patched 0F 84 -> 6xNOP
[efz_netplay_mod][pid=292] SaveAndApplyDllExitProcessPatches: near-Jcc 4 RVA 0x74301: patched 0F 84 -> 6xNOP
[efz_netplay_mod][pid=292] SaveAndApplyDllExitProcessPatches: applied 3/3 single-byte + 5/5 near-Jcc patches
[efz_netplay_mod][pid=292] SaveAndApplyDllExitProcessPatches: all patches verified OK
[efz_netplay_mod][pid=292] Takeover: init snapshot complete for mode=0
[efz_netplay_mod][pid=292] Takeover: post-init session binding mode=0 source=strict session=0x0534BDC0 pidField=356 expectedPid=356 handle=0x000001CC handlePid=356 handleExit=259 patched(pid=0 handle=0)
[efz_netplay_mod][pid=292] INIT_SNAP[Tick_initSequence_complete]: roleFlag=0 sessionPtr=0x0534BDC0 initFlag=0 initByte=0x00 renderCtx=0x79C26BC8 renderCtxBase=0x00000000 initOnceGuard=0x00000101 timerPtr=0x79C26AD0 globalStatePtr=0x029D0020
[efz_netplay_mod][pid=292] INIT_SNAP[Tick_initSequence_complete]: roleFlag[1]=0xA05F0 val=1967518556
[efz_netplay_mod][pid=292] INIT_SNAP[Tick_initSequence_complete]: roleFlag[2]=0xA15FC val=0
[efz_netplay_mod][pid=292] INIT_SNAP[Tick_initSequence_complete]: sessionPtr[1]=0xA02EC val=0x00000000
[efz_netplay_mod][pid=292] INIT_SNAP[Tick_initSequence_complete]: session vtable=0x754502C0 initComplete=1 activePlayer=1 queuePlayer=0 inputDelay=0
[efz_netplay_mod][pid=292] INIT_SNAP[Tick_initSequence_complete]: session currentFrame=0 gameModeSnap=0 matchId=0 sentinel=2147482647 helperHandle=0x000001CC
[efz_netplay_mod][pid=292] INIT_SNAP[Tick_initSequence_complete]: session histPrimary=0x0534C0E0 histSecondary=0x0534C0D4 histPrimaryVec=0x0534C0D4 histSecondaryVec=0x0534C0E0
[efz_netplay_mod][pid=292] INIT_SNAP[Tick_initSequence_complete]: session +4=0 +8=0 +12=0 +16=0 +36=480
[efz_netplay_mod][pid=292] INIT_SNAP[Tick_initSequence_complete]: g_localRoleFlag=0 g_localInitApplied=1 g_dllExitPatchesSaved=1 g_tournamentPatchesSaved=0 g_renderContextSaved=1 g_savedRenderCtx=0x79C26BC8 g_frameHookInstalled=1 initCount=0
[efz_netplay_mod][pid=292] DIAG[Tick_init_handshake_post]: dllExitPatchesSaved=1 tournamentPatchesSaved=0 renderContextSaved=1 savedRenderCtx=0x79C26BC8
[efz_netplay_mod][pid=292] DIAG[Tick_init_handshake_post]: dllBase=0x753C0000 roleFlag=0 sessionPtr=0x0534BDC0 renderCtx=0x79C26BC8 globalState=0x029D0020
[efz_netplay_mod][pid=292] DIAG[Tick_init_handshake_post]: session vtable=0x754502C0 initComplete=1 activePlayer=1
[efz_netplay_mod][pid=292] DIAG[Tick_init_handshake_post]: exitPatch[0] RVA=0x7909D byte=0xEB expected=0x74
[efz_netplay_mod][pid=292] DIAG[Tick_init_handshake_post]: exitPatch[1] RVA=0x7215D byte=0xEB expected=0x75
[efz_netplay_mod][pid=292] DIAG[Tick_init_handshake_post]: exitPatch[2] RVA=0x7231F byte=0xEB expected=0x74
[efz_netplay_mod][pid=292] DIAG[Tick_init_handshake_post]: nearJccPatch[0] RVA=0x7251B bytes=90 90
[efz_netplay_mod][pid=292] DIAG[Tick_init_handshake_post]: nearJccPatch[1] RVA=0x7252E bytes=90 90
[efz_netplay_mod][pid=292] DIAG[Tick_init_handshake_post]: nearJccPatch[2] RVA=0x742E1 bytes=90 90
[efz_netplay_mod][pid=292] DIAG[Tick_init_handshake_post]: nearJccPatch[3] RVA=0x742F4 bytes=90 90
[efz_netplay_mod][pid=292] DIAG[Tick_init_handshake_post]: nearJccPatch[4] RVA=0x74301 bytes=90 90
[efz_netplay_mod][pid=292] DIAG[Tick_init_handshake_post]: localRoleFlag=0 localInitApplied=1 exitIntercepted=0 exitMode=-1 frameHookInstalled=1 frameRecoveryPending=0 forceLocalPlayInitCount=0
[efz_netplay_mod][pid=292] DIAG[Tick_init_handshake_post]: revivalProcess=0x00000164 revivalPid=356 lastValidatedSession=0x0534BDC0 lastSessionPtrOffset=0xA02CC
[efz_netplay_mod][pid=292] Takeover: runtime-ready probe ready=1 source=post_delay_binding localInit=1 prompt=1 input=1 session=1 bind(pid=1 handle=1) syncReady=0 role=0
[efz_netplay_mod][pid=292] Takeover: phase Connecting -> DelaySetup reason=''
[efz_netplay_mod][pid=292] Takeover: promoted to delay setup prompt=1/1 ping=0 delay=0
[efz_netplay_mod][pid=292] Takeover: phase DelaySetup -> Connected reason=''
[efz_netplay_mod][pid=292] Takeover: promoted to connected after runtime ready source=post_delay_binding sync=0/0/0 ping=0 delay=0
[efz_netplay_mod][pid=292] StateExport: STALL detected — 12856 ms since last update (seq=3513 phase=3)
[efz_netplay_mod][pid=292] StateExport: network ping=-1->0 delay=-1->0 seq=3514
[efz_netplay_mod][pid=292] NetplayFrame: updates=1593 menu=Lobby selection=0 row=6(ROW_RESERVED6) inactivity=1510 slide=0 nativeSlideRaw=0 nativeSlideScaled=0
[efz_netplay_mod][pid=292] DelayOverlay: connected pre-handoff delay started frames=18 sync(mode=0 flag1084=0 session=0)
[efz_netplay_mod][pid=292] StateExport: nicknames local='Aquatic_mod'->'Aquatic_mod' p1=''->'Aquatic' p2=''->'Aquatic_mod' seq=3515
[efz_netplay_mod][pid=292] StateExport: network ping=0->1 delay=0->0 seq=3516
[efz_netplay_mod][pid=292] NetplayInput: P1(h=0 v=1 c=0 b=0) P2(h=0 v=0 c=0 b=0)
[efz_netplay_mod][pid=292] NetplayInput: P1(h=0 v=0 c=0 b=0) P2(h=0 v=0 c=0 b=0)
[efz_netplay_mod][pid=292] NetplayInput: P1(h=0 v=1 c=0 b=0) P2(h=0 v=0 c=0 b=0)
[efz_netplay_mod][pid=292] NetplayInput: P1(h=0 v=0 c=0 b=0) P2(h=0 v=0 c=0 b=0)
[efz_netplay_mod][pid=292] NetplayInput: P1(h=0 v=0 c=1 b=0) P2(h=0 v=0 c=0 b=0)
[efz_netplay_mod][pid=292] NetplayInput: P1(h=0 v=0 c=0 b=0) P2(h=0 v=0 c=0 b=0)
[efz_netplay_mod][pid=292] DelayOverlay: runtime sync ready after delay selection phase=Connected sync(mode=0 flag1084=0 session=0)
[efz_netplay_mod][pid=292] Takeover: host revival base=0x753C0000
[efz_netplay_mod][pid=292] Takeover: PrepareVsHumanHandoff roleSet=1 syncReady=0 mode=0 flag1084=0 sessionByte=0 flags=0/4 roleFlag=0
[efz_netplay_mod][pid=292] SessionBridge: PrepareVsHumanHandoff result=1 sync(mode=0 flag1084=0 session=0 flags=0/4)
[efz_netplay_mod][pid=292] HandoffConnectedSessionToVsHumanState: begin prepared=1 sync(mode=0 flag1084=0 session=0 flags=0/4 role=0) screen=0 peerAlive=1 PRE_charselect(obj=0x03253EA8 init=1 exit=0 mode=0/4)
[efz_netplay_mod][pid=292] RunTransitionFadeOut: begin palette=52771454 baseVolume=0 volumeAdjustment=0
[efz_netplay_mod][pid=292] RunTransitionFadeOut: complete result=1
[efz_netplay_mod][pid=292] PrepareVsHumanGameState: charselect full reset grid p1(0,0) p2(2,0) color=0/0 (obj=0x03253EA8)
[efz_netplay_mod][pid=292] PrepareVsHumanGameState: mode=4 secondaryMode=4 replaySession=0 rounds=2 cpuFlags=0/0 wins=0/0 match=0 continue=0 stage=0
[efz_netplay_mod][pid=292] StopCurrentBgm: reason=handoff_connected_session gameSystem=0x029D0020 result=1
[efz_netplay_mod][pid=292] RemoveNetplayWindowHook: restored
[efz_netplay_mod][pid=292] StateExport: STALL detected — 336 ms since last update (seq=3533 phase=3)
[efz_netplay_mod][pid=292] StateExport: flow menu=1->0 charsel=0->0 match=0->0 screen=0 mode=2 phase=3 role=2 p1Wins=0 p2Wins=0
[efz_netplay_mod][pid=292] StateExport: activity 1->0 screen=0 mode=2 phase=3 role=2 side=1 p1='Aquatic' p2='Aquatic_mod' caps=0x2D sessionId=1 setId=0 seq=3534
[efz_netplay_mod][pid=292] HandoffConnectedSessionToVsHumanState: queued global transition nextState=1 returnToNetplay=1 POST_charselect(init=1 exit=0 mode=4/4)
[efz_netplay_mod][pid=292] NetplayTransition: returning global state=1 from netplay menu
[efz_netplay_mod][pid=292] StateExport: charsel p1CharId=255->6 locked=0->0 p2CharId=255->4 locked=0->0 cursor=4 seq=3535
[efz_netplay_mod][pid=292] StateExport: flow menu=0->0 charsel=0->1 match=0->0 screen=1 mode=2 phase=3 role=2 p1Wins=0 p2Wins=0
[efz_netplay_mod][pid=292] StateExport: activity 0->4 screen=1 mode=2 phase=3 role=2 side=1 p1='Aquatic' p2='Aquatic_mod' caps=0x1ED sessionId=1 setId=0 seq=3535
[efz_netplay_mod][pid=292] StateExport:   charsel p1CharId=6 p2CharId=4 p1Locked=0 p2Locked=0 cursorChar=4
[efz_netplay_mod][pid=292] SCREEN_MONITOR: index 0 -> 1 tick=420 mode=4/4 screenObj=0x03253EA8 charselect(init=1 exit=0 obj=0x03253EA8)
[efz_netplay_mod][pid=292] StateExport: STALL detected — 392 ms since last update (seq=3535 phase=3)
[efz_netplay_mod][pid=292] StateExport: network ping=1->1 delay=0->1 seq=3536
[efz_netplay_mod][pid=356] Takeover: configured HolePunchingServer='128.199.38.97:10800'
[efz_netplay_mod][pid=356] Takeover: native workflow event=hole_punch_server_died endpoint='128.199.38.97:10800' text='128.199.38.97:10800 died'
[efz_netplay_mod][pid=292] LobbySession::DoPollStatus: response='{"alias":"EFZ","challenges":[],"id":8380,"idle":[],"msg":"OK","playing":[["Aquatic_mod","Aquatic",1,2,"91.214.211.2:10800"]],"status":"OK"}
'
[efz_netplay_mod][pid=292] StateExport: heartbeat seq=3600 activity=4 menu=0 screen=1 mode=2 phase=3 role=2 side=1 p1Wins=0 p2Wins=0 ping=1 delay=1 local='Aquatic_mod' p1='Aquatic' p2='Aquatic_mod' revival='1.02e' caps=0x1ED sessionId=1 setId=0 endReason=0
[efz_netplay_mod][pid=292] StateExport: network ping=1->0 delay=1->1 seq=3601
[efz_netplay_mod][pid=292] StateExport: network ping=0->1 delay=1->1 seq=3614
[efz_netplay_mod][pid=292] LobbySession::DoPollStatus: response='{"alias":"EFZ","challenges":[],"id":8380,"idle":[],"msg":"OK","playing":[["Aquatic_mod","Aquatic",1,2,"91.214.211.2:10800"]],"status":"OK"}
'
[efz_netplay_mod][pid=292] StateExport: network ping=1->0 delay=1->1 seq=3678
[efz_netplay_mod][pid=292] StateExport: network ping=0->1 delay=1->1 seq=3690
[efz_netplay_mod][pid=292] TICK_HOOK: heartbeat frameTick=600 session=0x0534BDC0 exeECX=0x03253EA8 match=0
[efz_netplay_mod][pid=292] StateExport: network ping=1->0 delay=1->1 seq=3716
[efz_netplay_mod][pid=292] StateExport: network ping=0->1 delay=1->1 seq=3729
[efz_netplay_mod][pid=292] LobbySession::DoPollStatus: response='{"alias":"EFZ","challenges":[],"id":8380,"idle":[],"msg":"OK","playing":[["Aquatic_mod","Aquatic",1,2,"91.214.211.2:10800"]],"status":"OK"}
'
[efz_netplay_mod][pid=292] StateExport: network ping=1->0 delay=1->1 seq=3831
[efz_netplay_mod][pid=292] StateExport: network ping=0->1 delay=1->1 seq=3844
[efz_netplay_mod][pid=292] StateExport: network ping=1->0 delay=1->1 seq=3869
[efz_netplay_mod][pid=292] LobbySession::DoPollStatus: response='{"alias":"EFZ","challenges":[],"id":8380,"idle":[],"msg":"OK","playing":[["Aquatic_mod","Aquatic",1,2,"91.214.211.2:10800"]],"status":"OK"}
'
[efz_netplay_mod][pid=292] StateExport: network ping=0->1 delay=1->1 seq=3895
[efz_netplay_mod][pid=292] StateExport: network ping=1->0 delay=1->1 seq=3920
[efz_netplay_mod][pid=292] StateExport: network ping=0->1 delay=1->1 seq=3959
[efz_netplay_mod][pid=292] StateExport: network ping=1->0 delay=1->1 seq=3984
[efz_netplay_mod][pid=292] LobbySession::DoPollStatus: response='{"alias":"EFZ","challenges":[],"id":8380,"idle":[],"msg":"OK","playing":[["Aquatic_mod","Aquatic",1,2,"91.214.211.2:10800"]],"status":"OK"}
'
[efz_netplay_mod][pid=292] StateExport: network ping=0->1 delay=1->1 seq=3997
[efz_netplay_mod][pid=292] StateExport: charsel p1CharId=6->16 locked=0->0 p2CharId=4->4 locked=0->0 cursor=4 seq=4001
[efz_netplay_mod][pid=292] StateExport: network ping=1->2 delay=1->1 seq=4010
[efz_netplay_mod][pid=292] StateExport: network ping=2->1 delay=1->1 seq=4023
[efz_netplay_mod][pid=292] LobbySession::DoPollStatus: response='{"alias":"EFZ","challenges":[],"id":8380,"idle":[],"msg":"OK","playing":[["Aquatic_mod","Aquatic",1,2,"91.214.211.2:10800"]],"status":"OK"}
'
[efz_netplay_mod][pid=292] StateExport: network ping=1->0 delay=1->1 seq=4099
[efz_netplay_mod][pid=292] StateExport: network ping=0->1 delay=1->1 seq=4125
[efz_netplay_mod][pid=292] StateExport: network ping=1->0 delay=1->1 seq=4163
[efz_netplay_mod][pid=292] StateExport: network ping=0->1 delay=1->1 seq=4176
[efz_netplay_mod][pid=292] StateExport: network ping=1->0 delay=1->1 seq=4189
[efz_netplay_mod][pid=292] LobbySession::DoPollStatus: response='{"alias":"EFZ","challenges":[],"id":8380,"idle":[],"msg":"OK","playing":[["Aquatic_mod","Aquatic",1,2,"91.214.211.2:10800"]],"status":"OK"}
'
[efz_netplay_mod][pid=292] StateExport: heartbeat seq=4200 activity=4 menu=0 screen=1 mode=2 phase=3 role=2 side=1 p1Wins=0 p2Wins=0 ping=0 delay=1 local='Aquatic_mod' p1='Aquatic' p2='Aquatic_mod' revival='1.02e' caps=0x1ED sessionId=1 setId=0 endReason=0
[efz_netplay_mod][pid=292] StateExport: network ping=0->1 delay=1->1 seq=4202
[efz_netplay_mod][pid=292] StateExport: network ping=1->0 delay=1->1 seq=4214
[efz_netplay_mod][pid=292] StateExport: network ping=0->1 delay=1->1 seq=4227
[efz_netplay_mod][pid=292] StateExport: network ping=1->0 delay=1->1 seq=4240
[efz_netplay_mod][pid=292] StateExport: network ping=0->1 delay=1->1 seq=4265
[efz_netplay_mod][pid=292] StateExport: network ping=1->0 delay=1->1 seq=4291
[efz_netplay_mod][pid=292] LobbySession::DoPollStatus: response='{"alias":"EFZ","challenges":[],"id":8380,"idle":[],"msg":"OK","playing":[["Aquatic_mod","Aquatic",1,2,"91.214.211.2:10800"]],"status":"OK"}
'
[efz_netplay_mod][pid=292] StateExport: STALL detected — 333 ms since last update (seq=4294 phase=3)
[efz_netplay_mod][pid=292] StateExport: activity 4->5 screen=2 mode=2 phase=3 role=2 side=1 p1='Aquatic' p2='Aquatic_mod' caps=0x1EF sessionId=1 setId=0 seq=4295
[efz_netplay_mod][pid=292] StateExport:   charsel p1CharId=16 p2CharId=4 p1Locked=0 p2Locked=0 cursorChar=4
[efz_netplay_mod][pid=292] SCREEN_MONITOR: index 1 -> 2 tick=1180 mode=4/4 screenObj=0x03254410 charselect(init=2 exit=0 obj=0x03253EA8)
[efz_netplay_mod][pid=292] LobbySession::DoPollStatus: response='{"alias":"EFZ","challenges":[],"id":8380,"idle":[],"msg":"OK","playing":[["Aquatic_mod","Aquatic",1,2,"91.214.211.2:10800"]],"status":"OK"}
'
[efz_netplay_mod][pid=292] StateExport: STALL detected — 1965 ms since last update (seq=4295 phase=3)
[efz_netplay_mod][pid=292] StateExport: charsel p1CharId=16->255 locked=0->0 p2CharId=4->255 locked=0->0 cursor=255 seq=4296
[efz_netplay_mod][pid=292] StateExport: flow menu=0->0 charsel=1->0 match=0->1 screen=3 mode=2 phase=3 role=2 p1Wins=0 p2Wins=0
[efz_netplay_mod][pid=292] StateExport: activity 5->6 screen=3 mode=2 phase=3 role=2 side=1 p1='Aquatic' p2='Aquatic_mod' caps=0x2EF sessionId=1 setId=0 seq=4296
[efz_netplay_mod][pid=292] StateExport:   match round=1 isRoundActive=1 p1Wins=0 p2Wins=0
[efz_netplay_mod][pid=292] SCREEN_MONITOR: index 2 -> 3 tick=1181 mode=5/1 screenObj=0x03254850 charselect(init=2 exit=0 obj=0x03253EA8)
[efz_netplay_mod][pid=292] StateExport: STALL detected — 444 ms since last update (seq=4296 phase=3)
[efz_netplay_mod][pid=292] StateExport: network ping=0->0 delay=1->0 seq=4297
[efz_netplay_mod][pid=292] StateExport: network ping=0->1 delay=0->0 seq=4298
[efz_netplay_mod][pid=292] TICK_HOOK: heartbeat frameTick=1200 session=0x0534BDC0 exeECX=0x03254850 match=0
[efz_netplay_mod][pid=292] LobbySession::DoPollStatus: response='{"alias":"EFZ","challenges":[],"id":8380,"idle":[],"msg":"OK","playing":[["Aquatic_mod","Aquatic",1,2,"91.214.211.2:10800"]],"status":"OK"}
'
[efz_netplay_mod][pid=292] StateExport: network ping=1->0 delay=0->0 seq=4363
[efz_netplay_mod][pid=292] StateExport: network ping=0->1 delay=0->0 seq=4388
[efz_netplay_mod][pid=292] StateExport: network ping=1->2 delay=0->0 seq=4414
[efz_netplay_mod][pid=292] StateExport: network ping=2->0 delay=0->0 seq=4427
[efz_netplay_mod][pid=292] StateExport: network ping=0->1 delay=0->0 seq=4440
[efz_netplay_mod][pid=292] LobbySession::DoPollStatus: response='{"alias":"EFZ","challenges":[],"id":8380,"idle":[],"msg":"OK","playing":[["Aquatic_mod","Aquatic",1,2,"91.214.211.2:10800"]],"status":"OK"}
'
[efz_netplay_mod][pid=292] StateExport: network ping=1->0 delay=0->0 seq=4529
[efz_netplay_mod][pid=292] StateExport: network ping=0->1 delay=0->0 seq=4542
[efz_netplay_mod][pid=292] LobbySession::DoPollStatus: response='{"alias":"EFZ","challenges":[],"id":8380,"idle":[],"msg":"OK","playing":[["Aquatic_mod","Aquatic",1,2,"91.214.211.2:10800"]],"status":"OK"}
'
[efz_netplay_mod][pid=292] StateExport: network ping=1->0 delay=0->0 seq=4606
[efz_netplay_mod][pid=292] StateExport: network ping=0->1 delay=0->0 seq=4644
[efz_netplay_mod][pid=292] StateExport: network ping=1->0 delay=0->0 seq=4656
[efz_netplay_mod][pid=292] LobbySession::DoPollStatus: response='{"alias":"EFZ","challenges":[],"id":8380,"idle":[],"msg":"OK","playing":[["Aquatic_mod","Aquatic",1,2,"91.214.211.2:10800"]],"status":"OK"}
'
[efz_netplay_mod][pid=292] StateExport: network ping=0->1 delay=0->0 seq=4670
[efz_netplay_mod][pid=292] StateExport: network ping=1->0 delay=0->0 seq=4682
[efz_netplay_mod][pid=292] StateExport: network ping=0->2 delay=0->0 seq=4708
[efz_netplay_mod][pid=292] StateExport: network ping=2->1 delay=0->0 seq=4721
[efz_netplay_mod][pid=292] LobbySession::DoPollStatus: response='{"alias":"EFZ","challenges":[],"id":8380,"idle":[],"msg":"OK","playing":[["Aquatic_mod","Aquatic",1,2,"91.214.211.2:10800"]],"status":"OK"}
'
[efz_netplay_mod][pid=292] StateExport: network ping=1->0 delay=0->0 seq=4784
[efz_netplay_mod][pid=292] StateExport: network ping=0->1 delay=0->0 seq=4797
[efz_netplay_mod][pid=292] StateExport: heartbeat seq=4800 activity=6 menu=0 screen=3 mode=2 phase=3 role=2 side=1 p1Wins=0 p2Wins=0 ping=1 delay=0 local='Aquatic_mod' p1='Aquatic' p2='Aquatic_mod' revival='1.02e' caps=0x2EF sessionId=1 setId=0 endReason=0
[efz_netplay_mod][pid=292] StateExport: network ping=1->0 delay=0->0 seq=4810
[efz_netplay_mod][pid=292] StateExport: network ping=0->1 delay=0->0 seq=4822
[efz_netplay_mod][pid=292] StateExport: network ping=1->0 delay=0->0 seq=4835
[efz_netplay_mod][pid=292] LobbySession::DoPollStatus: response='{"alias":"EFZ","challenges":[],"id":8380,"idle":[],"msg":"OK","playing":[["Aquatic_mod","Aquatic",1,2,"91.214.211.2:10800"]],"status":"OK"}
'
[efz_netplay_mod][pid=292] StateExport: network ping=0->2 delay=0->0 seq=4899
[efz_netplay_mod][pid=292] StateExport: network ping=2->1 delay=0->0 seq=4912
[efz_netplay_mod][pid=292] TICK_HOOK: heartbeat frameTick=1800 session=0x0534BDC0 exeECX=0x03254850 match=0
[efz_netplay_mod][pid=292] StateExport: network ping=1->0 delay=0->0 seq=4938
[efz_netplay_mod][pid=292] StateExport: network ping=0->1 delay=0->0 seq=4950
[efz_netplay_mod][pid=292] LobbySession::DoPollStatus: response='{"alias":"EFZ","challenges":[],"id":8380,"idle":[],"msg":"OK","playing":[["Aquatic_mod","Aquatic",1,2,"91.214.211.2:10800"]],"status":"OK"}
'
[efz_netplay_mod][pid=292] StateExport: network ping=1->0 delay=0->0 seq=5027
[efz_netplay_mod][pid=292] StateExport: network ping=0->1 delay=0->0 seq=5040
[efz_netplay_mod][pid=292] StateExport: network ping=1->0 delay=0->0 seq=5065
[efz_netplay_mod][pid=292] StateExport: network ping=0->1 delay=0->0 seq=5078
[efz_netplay_mod][pid=292] StateExport: network ping=1->0 delay=0->0 seq=5091
[efz_netplay_mod][pid=292] StateExport: network ping=0->1 delay=0->0 seq=5104
[efz_netplay_mod][pid=292] StateExport: network ping=1->0 delay=0->0 seq=5117
[efz_netplay_mod][pid=292] StateExport: network ping=0->1 delay=0->0 seq=5129
[efz_netplay_mod][pid=292] LobbySession::DoPollStatus: response='{"alias":"EFZ","challenges":[],"id":8380,"idle":[],"msg":"OK","playing":[["Aquatic_mod","Aquatic",1,2,"91.214.211.2:10800"]],"status":"OK"}
'
[efz_netplay_mod][pid=292] StateExport: network ping=1->2 delay=0->0 seq=5142
[efz_netplay_mod][pid=292] StateExport: network ping=2->0 delay=0->0 seq=5155
[efz_netplay_mod][pid=292] StateExport: network ping=0->1 delay=0->0 seq=5168
[efz_netplay_mod][pid=292] StateExport: network ping=1->0 delay=0->0 seq=5193
[efz_netplay_mod][pid=292] StateExport: network ping=0->1 delay=0->0 seq=5206
[efz_netplay_mod][pid=292] StateExport: network ping=1->0 delay=0->0 seq=5219
[efz_netplay_mod][pid=292] LobbySession::DoPollStatus: response='{"alias":"EFZ","challenges":[],"id":8380,"idle":[],"msg":"OK","playing":[["Aquatic_mod","Aquatic",1,2,"91.214.211.2:10800"]],"status":"OK"}
'
[efz_netplay_mod][pid=292] StateExport: network ping=0->1 delay=0->0 seq=5257
[efz_netplay_mod][pid=292] StateExport: network ping=1->0 delay=0->0 seq=5270
[efz_netplay_mod][pid=292] StateExport: network ping=0->1 delay=0->0 seq=5308
[efz_netplay_mod][pid=292] LobbySession::DoPollStatus: response='{"alias":"EFZ","challenges":[],"id":8380,"idle":[],"msg":"OK","playing":[["Aquatic_mod","Aquatic",1,2,"91.214.211.2:10800"]],"status":"OK"}
'
[efz_netplay_mod][pid=292] StateExport: network ping=1->0 delay=0->0 seq=5372
[efz_netplay_mod][pid=292] StateExport: network ping=0->1 delay=0->0 seq=5385
[efz_netplay_mod][pid=292] StateExport: network ping=1->0 delay=0->0 seq=5398
[efz_netplay_mod][pid=292] StateExport: heartbeat seq=5400 activity=6 menu=0 screen=3 mode=2 phase=3 role=2 side=1 p1Wins=0 p2Wins=0 ping=0 delay=0 local='Aquatic_mod' p1='Aquatic' p2='Aquatic_mod' revival='1.02e' caps=0x2EF sessionId=1 setId=0 endReason=0
[efz_netplay_mod][pid=292] StateExport: network ping=0->1 delay=0->0 seq=5411
[efz_netplay_mod][pid=292] LobbySession::DoPollStatus: response='{"alias":"EFZ","challenges":[],"id":8380,"idle":[],"msg":"OK","playing":[["Aquatic_mod","Aquatic",1,2,"91.214.211.2:10800"]],"status":"OK"}
'
[efz_netplay_mod][pid=292] StateExport: network ping=1->0 delay=0->0 seq=5462
[efz_netplay_mod][pid=292] StateExport: network ping=0->1 delay=0->0 seq=5513
[efz_netplay_mod][pid=292] TICK_HOOK: heartbeat frameTick=2400 session=0x0534BDC0 exeECX=0x03254850 match=0
[efz_netplay_mod][pid=292] StateExport: network ping=1->0 delay=0->0 seq=5526
[efz_netplay_mod][pid=292] StateExport: network ping=0->1 delay=0->0 seq=5551
[efz_netplay_mod][pid=292] LobbySession::DoPollStatus: response='{"alias":"EFZ","challenges":[],"id":8380,"idle":[],"msg":"OK","playing":[["Aquatic_mod","Aquatic",1,2,"91.214.211.2:10800"]],"status":"OK"}
'
[efz_netplay_mod][pid=292] StateExport: network ping=1->0 delay=0->0 seq=5577
[efz_netplay_mod][pid=292] StateExport: network ping=0->1 delay=0->0 seq=5602
[efz_netplay_mod][pid=292] StateExport: network ping=1->0 delay=0->0 seq=5615
[efz_netplay_mod][pid=292] StateExport: network ping=0->3 delay=0->0 seq=5628
[efz_netplay_mod][pid=292] StateExport: network ping=3->1 delay=0->0 seq=5641
[efz_netplay_mod][pid=292] LobbySession::DoPollStatus: response='{"alias":"EFZ","challenges":[],"id":8380,"idle":[],"msg":"OK","playing":[["Aquatic_mod","Aquatic",1,2,"91.214.211.2:10800"]],"status":"OK"}
'
[efz_netplay_mod][pid=292] StateExport: network ping=1->0 delay=0->0 seq=5705
[efz_netplay_mod][pid=292] StateExport: network ping=0->1 delay=0->0 seq=5717
[efz_netplay_mod][pid=292] StateExport: network ping=1->0 delay=0->0 seq=5730
[efz_netplay_mod][pid=292] StateExport: network ping=0->1 delay=0->0 seq=5756
[efz_netplay_mod][pid=292] LobbySession::DoPollStatus: response='{"alias":"EFZ","challenges":[],"id":8380,"idle":[],"msg":"OK","playing":[["Aquatic_mod","Aquatic",1,2,"91.214.211.2:10800"]],"status":"OK"}
'
[efz_netplay_mod][pid=292] StateExport: network ping=1->0 delay=0->0 seq=5794
[efz_netplay_mod][pid=292] StateExport: network ping=0->1 delay=0->0 seq=5807
[efz_netplay_mod][pid=292] StateExport: network ping=1->0 delay=0->0 seq=5832
[efz_netplay_mod][pid=292] StateExport: network ping=0->1 delay=0->0 seq=5845
[efz_netplay_mod][pid=292] LobbySession::DoPollStatus: response='{"alias":"EFZ","challenges":[],"id":8380,"idle":[],"msg":"OK","playing":[["Aquatic_mod","Aquatic",1,2,"91.214.211.2:10800"]],"status":"OK"}
'
[efz_netplay_mod][pid=292] StateExport: network ping=1->0 delay=0->0 seq=5883
[efz_netplay_mod][pid=292] StateExport: network ping=0->1 delay=0->0 seq=5896
[efz_netplay_mod][pid=292] StateExport: network ping=1->0 delay=0->0 seq=5909
[efz_netplay_mod][pid=292] StateExport: network ping=0->1 delay=0->0 seq=5922
[efz_netplay_mod][pid=292] StateExport: network ping=1->0 delay=0->0 seq=5934
[efz_netplay_mod][pid=292] StateExport: network ping=0->1 delay=0->0 seq=5947
[efz_netplay_mod][pid=292] StateExport: network ping=1->0 delay=0->0 seq=5973
[efz_netplay_mod][pid=292] LobbySession::DoPollStatus: response='{"alias":"EFZ","challenges":[],"id":8380,"idle":[],"msg":"OK","playing":[["Aquatic_mod","Aquatic",1,2,"91.214.211.2:10800"]],"status":"OK"}
'
[efz_netplay_mod][pid=292] StateExport: network ping=0->1 delay=0->0 seq=5986
[efz_netplay_mod][pid=292] StateExport: network ping=1->0 delay=0->0 seq=5998
[efz_netplay_mod][pid=292] StateExport: heartbeat seq=6000 activity=6 menu=0 screen=3 mode=2 phase=3 role=2 side=1 p1Wins=0 p2Wins=0 ping=0 delay=0 local='Aquatic_mod' p1='Aquatic' p2='Aquatic_mod' revival='1.02e' caps=0x2EF sessionId=1 setId=0 endReason=0
[efz_netplay_mod][pid=292] StateExport: network ping=0->1 delay=0->0 seq=6024
[efz_netplay_mod][pid=292] StateExport: network ping=1->0 delay=0->0 seq=6037
[efz_netplay_mod][pid=292] StateExport: network ping=0->1 delay=0->0 seq=6049
[efz_netplay_mod][pid=292] LobbySession::DoPollStatus: response='{"alias":"EFZ","challenges":[],"id":8380,"idle":[],"msg":"OK","playing":[["Aquatic_mod","Aquatic",1,2,"91.214.211.2:10800"]],"status":"OK"}
'
[efz_netplay_mod][pid=292] StateExport: network ping=1->0 delay=0->0 seq=6088
[efz_netplay_mod][pid=292] StateExport: network ping=0->1 delay=0->0 seq=6101
[efz_netplay_mod][pid=292] TICK_HOOK: heartbeat frameTick=3000 session=0x0534BDC0 exeECX=0x03254850 match=0
[efz_netplay_mod][pid=292] StateExport: network ping=1->0 delay=0->0 seq=6126
[efz_netplay_mod][pid=292] StateExport: network ping=0->1 delay=0->0 seq=6139
[efz_netplay_mod][pid=292] StateExport: network ping=1->0 delay=0->0 seq=6165
[efz_netplay_mod][pid=292] StateExport: network ping=0->1 delay=0->0 seq=6177
[efz_netplay_mod][pid=292] LobbySession::DoPollStatus: response='{"alias":"EFZ","challenges":[],"id":8380,"idle":[],"msg":"OK","playing":[["Aquatic_mod","Aquatic",1,2,"91.214.211.2:10800"]],"status":"OK"}
'
[efz_netplay_mod][pid=292] StateExport: network ping=1->2 delay=0->0 seq=6203
[efz_netplay_mod][pid=292] StateExport: network ping=2->1 delay=0->0 seq=6216
[efz_netplay_mod][pid=292] StateExport: network ping=1->0 delay=0->0 seq=6241
[efz_netplay_mod][pid=292] StateExport: network ping=0->1 delay=0->0 seq=6254
[efz_netplay_mod][pid=292] StateExport: network ping=1->0 delay=0->0 seq=6279
[efz_netplay_mod][pid=292] LobbySession::DoPollStatus: response='{"alias":"EFZ","challenges":[],"id":8380,"idle":[],"msg":"OK","playing":[["Aquatic_mod","Aquatic",1,2,"91.214.211.2:10800"]],"status":"OK"}
'
[efz_netplay_mod][pid=292] StateExport: network ping=0->1 delay=0->0 seq=6305
[efz_netplay_mod][pid=292] StateExport: network ping=1->0 delay=0->0 seq=6356
[efz_netplay_mod][pid=292] StateExport: network ping=0->1 delay=0->0 seq=6369
[efz_netplay_mod][pid=292] StateExport: network ping=1->0 delay=0->0 seq=6382
[efz_netplay_mod][pid=292] LobbySession::DoPollStatus: response='{"alias":"EFZ","challenges":[],"id":8380,"idle":[],"msg":"OK","playing":[["Aquatic_mod","Aquatic",1,2,"91.214.211.2:10800"]],"status":"OK"}
'
[efz_netplay_mod][pid=292] StateExport: network ping=0->1 delay=0->0 seq=6407
[efz_netplay_mod][pid=292] StateExport: network ping=1->0 delay=0->0 seq=6420
[efz_netplay_mod][pid=292] StateExport: network ping=0->1 delay=0->0 seq=6446
[efz_netplay_mod][pid=292] StateExport: network ping=1->0 delay=0->0 seq=6471
[efz_netplay_mod][pid=292] StateExport: network ping=0->1 delay=0->0 seq=6484
[efz_netplay_mod][pid=292] StateExport: network ping=1->0 delay=0->0 seq=6497
[efz_netplay_mod][pid=292] LobbySession::DoPollStatus: response='{"alias":"EFZ","challenges":[],"id":8380,"idle":[],"msg":"OK","playing":[["Aquatic_mod","Aquatic",1,2,"91.214.211.2:10800"]],"status":"OK"}
'
[efz_netplay_mod][pid=292] StateExport: network ping=0->1 delay=0->0 seq=6535
[efz_netplay_mod][pid=292] StateExport: network ping=1->0 delay=0->0 seq=6548
[efz_netplay_mod][pid=292] StateExport: network ping=0->1 delay=0->0 seq=6586
[efz_netplay_mod][pid=292] StateExport: heartbeat seq=6600 activity=6 menu=0 screen=3 mode=2 phase=3 role=2 side=1 p1Wins=0 p2Wins=0 ping=1 delay=0 local='Aquatic_mod' p1='Aquatic' p2='Aquatic_mod' revival='1.02e' caps=0x2EF sessionId=1 setId=0 endReason=0
[efz_netplay_mod][pid=292] LobbySession::DoPollStatus: response='{"alias":"EFZ","challenges":[],"id":8380,"idle":[],"msg":"OK","playing":[["Aquatic_mod","Aquatic",1,2,"91.214.211.2:10800"]],"status":"OK"}
'
[efz_netplay_mod][pid=292] StateExport: network ping=1->0 delay=0->0 seq=6625
[efz_netplay_mod][pid=292] StateExport: network ping=0->1 delay=0->0 seq=6637
[efz_netplay_mod][pid=292] StateExport: network ping=1->0 delay=0->0 seq=6650
[efz_netplay_mod][pid=292] StateExport: network ping=0->1 delay=0->0 seq=6676
[efz_netplay_mod][pid=292] StateExport: network ping=1->0 delay=0->0 seq=6701
[efz_netplay_mod][pid=292] StateExport: network ping=0->1 delay=0->0 seq=6714
[efz_netplay_mod][pid=292] TICK_HOOK: heartbeat frameTick=3600 session=0x0534BDC0 exeECX=0x03254850 match=0
[efz_netplay_mod][pid=292] LobbySession::DoPollStatus: response='{"alias":"EFZ","challenges":[],"id":8380,"idle":[],"msg":"OK","playing":[["Aquatic_mod","Aquatic",1,2,"91.214.211.2:10800"]],"status":"OK"}
'
[efz_netplay_mod][pid=292] StateExport: network ping=1->0 delay=0->0 seq=6752
[efz_netplay_mod][pid=292] StateExport: network ping=0->1 delay=0->0 seq=6765
[efz_netplay_mod][pid=292] LobbySession::DoPollStatus: response='{"alias":"EFZ","challenges":[],"id":8380,"idle":[],"msg":"OK","playing":[["Aquatic_mod","Aquatic",1,2,"91.214.211.2:10800"]],"status":"OK"}
'
[efz_netplay_mod][pid=292] StateExport: network ping=1->0 delay=0->0 seq=6829
[efz_netplay_mod][pid=292] StateExport: network ping=0->1 delay=0->0 seq=6855
[efz_netplay_mod][pid=292] StateExport: network ping=1->0 delay=0->0 seq=6880
[efz_netplay_mod][pid=292] StateExport: network ping=0->2 delay=0->0 seq=6893
[efz_netplay_mod][pid=292] StateExport: network ping=2->1 delay=0->0 seq=6906
[efz_netplay_mod][pid=292] LobbySession::DoPollStatus: response='{"alias":"EFZ","challenges":[],"id":8380,"idle":[],"msg":"OK","playing":[["Aquatic_mod","Aquatic",1,2,"91.214.211.2:10800"]],"status":"OK"}
'
[efz_netplay_mod][pid=292] StateExport: network ping=1->0 delay=0->0 seq=6957
[efz_netplay_mod][pid=292] StateExport: network ping=0->1 delay=0->0 seq=6970
[efz_netplay_mod][pid=292] StateExport: network ping=1->0 delay=0->0 seq=7008
[efz_netplay_mod][pid=292] StateExport: network ping=0->1 delay=0->0 seq=7021
[efz_netplay_mod][pid=292] StateExport: network ping=1->0 delay=0->0 seq=7034
[efz_netplay_mod][pid=292] LobbySession::DoPollStatus: response='{"alias":"EFZ","challenges":[],"id":8380,"idle":[],"msg":"OK","playing":[["Aquatic_mod","Aquatic",1,2,"91.214.211.2:10800"]],"status":"OK"}
'
[efz_netplay_mod][pid=292] StateExport: network ping=0->1 delay=0->0 seq=7046
[efz_netplay_mod][pid=292] StateExport: network ping=1->0 delay=0->0 seq=7085
[efz_netplay_mod][pid=292] StateExport: network ping=0->1 delay=0->0 seq=7097
[efz_netplay_mod][pid=292] StateExport: network ping=1->0 delay=0->0 seq=7110
[efz_netplay_mod][pid=292] StateExport: network ping=0->1 delay=0->0 seq=7123
[efz_netplay_mod][pid=292] LobbySession::DoPollStatus: response='{"alias":"EFZ","challenges":[],"id":8380,"idle":[],"msg":"OK","playing":[["Aquatic_mod","Aquatic",1,2,"91.214.211.2:10800"]],"status":"OK"}
'
[efz_netplay_mod][pid=292] StateExport: heartbeat seq=7200 activity=6 menu=0 screen=3 mode=2 phase=3 role=2 side=1 p1Wins=0 p2Wins=0 ping=1 delay=0 local='Aquatic_mod' p1='Aquatic' p2='Aquatic_mod' revival='1.02e' caps=0x2EF sessionId=1 setId=0 endReason=0
[efz_netplay_mod][pid=292] StateExport: network ping=1->0 delay=0->0 seq=7212
[efz_netplay_mod][pid=292] StateExport: network ping=0->1 delay=0->0 seq=7225
[efz_netplay_mod][pid=292] StateExport: network ping=1->0 delay=0->0 seq=7238
[efz_netplay_mod][pid=292] StateExport: network ping=0->1 delay=0->0 seq=7251
[efz_netplay_mod][pid=292] LobbySession::DoPollStatus: response='{"alias":"EFZ","challenges":[],"id":8380,"idle":[],"msg":"OK","playing":[["Aquatic_mod","Aquatic",1,2,"91.214.211.2:10800"]],"status":"OK"}
'
[efz_netplay_mod][pid=292] StateExport: network ping=1->0 delay=0->0 seq=7264
[efz_netplay_mod][pid=292] StateExport: network ping=0->1 delay=0->0 seq=7276
[efz_netplay_mod][pid=292] StateExport: network ping=1->0 delay=0->0 seq=7315
[efz_netplay_mod][pid=292] TICK_HOOK: heartbeat frameTick=4200 session=0x0534BDC0 exeECX=0x03254850 match=0
[efz_netplay_mod][pid=292] LobbySession::DoPollStatus: response='{"alias":"EFZ","challenges":[],"id":8380,"idle":[],"msg":"OK","playing":[["Aquatic_mod","Aquatic",1,2,"91.214.211.2:10800"]],"status":"OK"}
'
[efz_netplay_mod][pid=292] StateExport: network ping=0->1 delay=0->0 seq=7379
[efz_netplay_mod][pid=292] StateExport: network ping=1->0 delay=0->0 seq=7443
[efz_netplay_mod][pid=292] StateExport: network ping=0->1 delay=0->0 seq=7455
[efz_netplay_mod][pid=292] LobbySession::DoPollStatus: response='{"alias":"EFZ","challenges":[],"id":8380,"idle":[],"msg":"OK","playing":[["Aquatic_mod","Aquatic",1,2,"91.214.211.2:10800"]],"status":"OK"}
'
[efz_netplay_mod][pid=292] StateExport: network ping=1->0 delay=0->0 seq=7507
[efz_netplay_mod][pid=292] StateExport: network ping=0->1 delay=0->0 seq=7519
[efz_netplay_mod][pid=292] StateExport: network ping=1->0 delay=0->0 seq=7570
[efz_netplay_mod][pid=292] LobbySession::DoPollStatus: response='{"alias":"EFZ","challenges":[],"id":8380,"idle":[],"msg":"OK","playing":[["Aquatic_mod","Aquatic",1,2,"91.214.211.2:10800"]],"status":"OK"}
'
[efz_netplay_mod][pid=292] StateExport: network ping=0->1 delay=0->0 seq=7583
[efz_netplay_mod][pid=292] StateExport: network ping=1->0 delay=0->0 seq=7609
[efz_netplay_mod][pid=292] StateExport: network ping=0->1 delay=0->0 seq=7621
[efz_netplay_mod][pid=292] StateExport: network ping=1->0 delay=0->0 seq=7634
[efz_netplay_mod][pid=292] StateExport: network ping=0->1 delay=0->0 seq=7673
[efz_netplay_mod][pid=292] LobbySession::DoPollStatus: response='{"alias":"EFZ","challenges":[],"id":8380,"idle":[],"msg":"OK","playing":[["Aquatic_mod","Aquatic",1,2,"91.214.211.2:10800"]],"status":"OK"}
'
[efz_netplay_mod][pid=292] StateExport: network ping=1->0 delay=0->0 seq=7685
[efz_netplay_mod][pid=292] StateExport: network ping=0->1 delay=0->0 seq=7724
[efz_netplay_mod][pid=292] StateExport: network ping=1->2 delay=0->0 seq=7749
[efz_netplay_mod][pid=292] StateExport: network ping=2->0 delay=0->0 seq=7762
[efz_netplay_mod][pid=292] LobbySession::DoPollStatus: response='{"alias":"EFZ","challenges":[],"id":8380,"idle":[],"msg":"OK","playing":[["Aquatic_mod","Aquatic",1,2,"91.214.211.2:10800"]],"status":"OK"}
'
[efz_netplay_mod][pid=292] StateExport: network ping=0->1 delay=0->0 seq=7787
[efz_netplay_mod][pid=292] StateExport: network ping=1->0 delay=0->0 seq=7800
[efz_netplay_mod][pid=292] StateExport: heartbeat seq=7800 activity=6 menu=0 screen=3 mode=2 phase=3 role=2 side=1 p1Wins=0 p2Wins=0 ping=0 delay=0 local='Aquatic_mod' p1='Aquatic' p2='Aquatic_mod' revival='1.02e' caps=0x2EF sessionId=1 setId=0 endReason=0
[efz_netplay_mod][pid=292] StateExport: network ping=0->1 delay=0->0 seq=7813
[efz_netplay_mod][pid=292] LobbySession::DoPollStatus: response='{"alias":"EFZ","challenges":[],"id":8380,"idle":[],"msg":"OK","playing":[["Aquatic_mod","Aquatic",1,2,"91.214.211.2:10800"]],"status":"OK"}
'
[efz_netplay_mod][pid=292] StateExport: network ping=1->0 delay=0->0 seq=7915
[efz_netplay_mod][pid=292] TICK_HOOK: heartbeat frameTick=4800 session=0x0534BDC0 exeECX=0x03254850 match=0
[efz_netplay_mod][pid=292] StateExport: network ping=0->1 delay=0->0 seq=7941
[efz_netplay_mod][pid=292] StateExport: network ping=1->0 delay=0->0 seq=7979
[efz_netplay_mod][pid=292] StateExport: network ping=0->1 delay=0->0 seq=7992
[efz_netplay_mod][pid=292] LobbySession::DoPollStatus: response='{"alias":"EFZ","challenges":[],"id":8380,"idle":[],"msg":"OK","playing":[["Aquatic_mod","Aquatic",1,2,"91.214.211.2:10800"]],"status":"OK"}
'
[efz_netplay_mod][pid=292] StateExport: network ping=1->0 delay=0->0 seq=8094
[efz_netplay_mod][pid=292] LobbySession::DoPollStatus: response='{"alias":"EFZ","challenges":[],"id":8380,"idle":[],"msg":"OK","playing":[["Aquatic_mod","Aquatic",1,2,"91.214.211.2:10800"]],"status":"OK"}
'
[efz_netplay_mod][pid=292] StateExport: network ping=0->3 delay=0->0 seq=8107
[efz_netplay_mod][pid=292] StateExport: network ping=3->1 delay=0->0 seq=8120
[efz_netplay_mod][pid=292] StateExport: network ping=1->0 delay=0->0 seq=8183
[efz_netplay_mod][pid=292] StateExport: network ping=0->1 delay=0->0 seq=8196
[efz_netplay_mod][pid=292] LobbySession::DoPollStatus: response='{"alias":"EFZ","challenges":[],"id":8380,"idle":[],"msg":"OK","playing":[["Aquatic_mod","Aquatic",1,2,"91.214.211.2:10800"]],"status":"OK"}
'
[efz_netplay_mod][pid=292] LobbySession::DoPollStatus: response='{"alias":"EFZ","challenges":[],"id":8380,"idle":[],"msg":"OK","playing":[["Aquatic_mod","Aquatic",1,2,"91.214.211.2:10800"]],"status":"OK"}
'
[efz_netplay_mod][pid=292] StateExport: network ping=1->0 delay=0->0 seq=8337
[efz_netplay_mod][pid=292] StateExport: network ping=0->1 delay=0->0 seq=8350
[efz_netplay_mod][pid=292] StateExport: network ping=1->0 delay=0->0 seq=8388
[efz_netplay_mod][pid=292] StateExport: heartbeat seq=8400 activity=6 menu=0 screen=3 mode=2 phase=3 role=2 side=1 p1Wins=0 p2Wins=0 ping=0 delay=0 local='Aquatic_mod' p1='Aquatic' p2='Aquatic_mod' revival='1.02e' caps=0x2EF sessionId=1 setId=0 endReason=0
[efz_netplay_mod][pid=292] StateExport: network ping=0->1 delay=0->0 seq=8414
[efz_netplay_mod][pid=292] LobbySession::DoPollStatus: response='{"alias":"EFZ","challenges":[],"id":8380,"idle":[],"msg":"OK","playing":[["Aquatic_mod","Aquatic",1,2,"91.214.211.2:10800"]],"status":"OK"}
'
[efz_netplay_mod][pid=292] StateExport: network ping=1->0 delay=0->0 seq=8426
[efz_netplay_mod][pid=292] StateExport: network ping=0->1 delay=0->0 seq=8452
[efz_netplay_mod][pid=292] StateExport: network ping=1->0 delay=0->0 seq=8477
[efz_netplay_mod][pid=292] StateExport: network ping=0->1 delay=0->0 seq=8503
[efz_netplay_mod][pid=292] TICK_HOOK: heartbeat frameTick=5400 session=0x0534BDC0 exeECX=0x03254850 match=0
[efz_netplay_mod][pid=292] StateExport: network ping=1->0 delay=0->0 seq=8516
[efz_netplay_mod][pid=292] LobbySession::DoPollStatus: response='{"alias":"EFZ","challenges":[],"id":8380,"idle":[],"msg":"OK","playing":[["Aquatic_mod","Aquatic",1,2,"91.214.211.2:10800"]],"status":"OK"}
'
[efz_netplay_mod][pid=292] StateExport: network ping=0->1 delay=0->0 seq=8529
[efz_netplay_mod][pid=292] StateExport: network ping=1->0 delay=0->0 seq=8554
[efz_netplay_mod][pid=292] StateExport: network ping=0->1 delay=0->0 seq=8567
[efz_netplay_mod][pid=292] LobbySession::DoPollStatus: response='{"alias":"EFZ","challenges":[],"id":8380,"idle":[],"msg":"OK","playing":[["Aquatic_mod","Aquatic",1,2,"91.214.211.2:10800"]],"status":"OK"}
'
[efz_netplay_mod][pid=292] StateExport: network ping=1->0 delay=0->0 seq=8644
[efz_netplay_mod][pid=292] StateExport: network ping=0->1 delay=0->0 seq=8695
[efz_netplay_mod][pid=292] StateExport: network ping=1->0 delay=0->0 seq=8707
[efz_netplay_mod][pid=292] StateExport: network ping=0->1 delay=0->0 seq=8720
[efz_netplay_mod][pid=292] LobbySession::DoPollStatus: response='{"alias":"EFZ","challenges":[],"id":8380,"idle":[],"msg":"OK","playing":[["Aquatic_mod","Aquatic",1,2,"91.214.211.2:10800"]],"status":"OK"}
'
[efz_netplay_mod][pid=292] StateExport: network ping=1->0 delay=0->0 seq=8746
[efz_netplay_mod][pid=292] StateExport: network ping=0->1 delay=0->0 seq=8758
[efz_netplay_mod][pid=292] StateExport: network ping=1->0 delay=0->0 seq=8771
[efz_netplay_mod][pid=292] LobbySession::DoPollStatus: response='{"alias":"EFZ","challenges":[],"id":8380,"idle":[],"msg":"OK","playing":[["Aquatic_mod","Aquatic",1,2,"91.214.211.2:10800"]],"status":"OK"}
'
[efz_netplay_mod][pid=292] StateExport: network ping=0->1 delay=0->0 seq=8874
[efz_netplay_mod][pid=292] StateExport: network ping=1->0 delay=0->0 seq=8886
[efz_netplay_mod][pid=292] StateExport: network ping=0->1 delay=0->0 seq=8938
[efz_netplay_mod][pid=292] StateExport: network ping=1->0 delay=0->0 seq=8950
[efz_netplay_mod][pid=292] LobbySession::DoPollStatus: response='{"alias":"EFZ","challenges":[],"id":8380,"idle":[],"msg":"OK","playing":[["Aquatic_mod","Aquatic",1,2,"91.214.211.2:10800"]],"status":"OK"}
'
[efz_netplay_mod][pid=292] StateExport: network ping=0->1 delay=0->0 seq=8963
[efz_netplay_mod][pid=292] StateExport: network ping=1->0 delay=0->0 seq=8976
[efz_netplay_mod][pid=292] StateExport: network ping=0->2 delay=0->0 seq=8989
[efz_netplay_mod][pid=292] StateExport: heartbeat seq=9000 activity=6 menu=0 screen=3 mode=2 phase=3 role=2 side=1 p1Wins=0 p2Wins=0 ping=2 delay=0 local='Aquatic_mod' p1='Aquatic' p2='Aquatic_mod' revival='1.02e' caps=0x2EF sessionId=1 setId=0 endReason=0
[efz_netplay_mod][pid=292] StateExport: network ping=2->1 delay=0->0 seq=9001
[efz_netplay_mod][pid=292] StateExport: network ping=1->0 delay=0->0 seq=9040
[efz_netplay_mod][pid=292] StateExport: network ping=0->3 delay=0->0 seq=9052
[efz_netplay_mod][pid=292] LobbySession::DoPollStatus: response='{"alias":"EFZ","challenges":[],"id":8380,"idle":[],"msg":"OK","playing":[["Aquatic_mod","Aquatic",1,2,"91.214.211.2:10800"]],"status":"OK"}
'
[efz_netplay_mod][pid=292] StateExport: network ping=3->1 delay=0->0 seq=9065
[efz_netplay_mod][pid=292] StateExport: network ping=1->0 delay=0->0 seq=9078
[efz_netplay_mod][pid=292] StateExport: network ping=0->1 delay=0->0 seq=9091
[efz_netplay_mod][pid=292] StateExport: network ping=1->0 delay=0->0 seq=9104
[efz_netplay_mod][pid=292] TICK_HOOK: heartbeat frameTick=6000 session=0x0534BDC0 exeECX=0x03254850 match=0
[efz_netplay_mod][pid=292] StateExport: network ping=0->1 delay=0->0 seq=9116
[efz_netplay_mod][pid=292] StateExport: network ping=1->0 delay=0->0 seq=9142
[efz_netplay_mod][pid=292] StateExport: network ping=0->1 delay=0->0 seq=9155
[efz_netplay_mod][pid=292] LobbySession::DoPollStatus: response='{"alias":"EFZ","challenges":[],"id":8380,"idle":[],"msg":"OK","playing":[["Aquatic_mod","Aquatic",1,2,"91.214.211.2:10800"]],"status":"OK"}
'
[efz_netplay_mod][pid=292] StateExport: network ping=1->2 delay=0->0 seq=9244
[efz_netplay_mod][pid=292] StateExport: network ping=2->1 delay=0->0 seq=9257
[efz_netplay_mod][pid=292] LobbySession::DoPollStatus: response='{"alias":"EFZ","challenges":[],"id":8380,"idle":[],"msg":"OK","playing":[["Aquatic_mod","Aquatic",1,2,"91.214.211.2:10800"]],"status":"OK"}
'
[efz_netplay_mod][pid=292] StateExport: network ping=1->0 delay=0->0 seq=9295
[efz_netplay_mod][pid=292] StateExport: network ping=0->1 delay=0->0 seq=9308
[efz_netplay_mod][pid=292] LobbySession::DoPollStatus: response='{"alias":"EFZ","challenges":[],"id":8380,"idle":[],"msg":"OK","playing":[["Aquatic_mod","Aquatic",1,2,"91.214.211.2:10800"]],"status":"OK"}
'
[efz_netplay_mod][pid=292] StateExport: network ping=1->0 delay=0->0 seq=9423
[efz_netplay_mod][pid=292] StateExport: network ping=0->1 delay=0->0 seq=9449
[efz_netplay_mod][pid=292] StateExport: network ping=1->0 delay=0->0 seq=9461
[efz_netplay_mod][pid=292] LobbySession::DoPollStatus: response='{"alias":"EFZ","challenges":[],"id":8380,"idle":[],"msg":"OK","playing":[["Aquatic_mod","Aquatic",1,2,"91.214.211.2:10800"]],"status":"OK"}
'
[efz_netplay_mod][pid=292] StateExport: network ping=0->1 delay=0->0 seq=9487
[efz_netplay_mod][pid=292] LobbySession::DoPollStatus: response='{"alias":"EFZ","challenges":[],"id":8380,"idle":[],"msg":"OK","playing":[["Aquatic_mod","Aquatic",1,2,"91.214.211.2:10800"]],"status":"OK"}
'
[efz_netplay_mod][pid=292] StateExport: heartbeat seq=9600 activity=6 menu=0 screen=3 mode=2 phase=3 role=2 side=1 p1Wins=0 p2Wins=0 ping=1 delay=0 local='Aquatic_mod' p1='Aquatic' p2='Aquatic_mod' revival='1.02e' caps=0x2EF sessionId=1 setId=0 endReason=0
[efz_netplay_mod][pid=292] StateExport: network ping=1->0 delay=0->0 seq=9602
[efz_netplay_mod][pid=292] StateExport: network ping=0->1 delay=0->0 seq=9615
[efz_netplay_mod][pid=292] StateExport: network ping=1->0 delay=0->0 seq=9628
[efz_netplay_mod][pid=292] StateExport: network ping=0->1 delay=0->0 seq=9640
[efz_netplay_mod][pid=292] LobbySession::DoPollStatus: response='{"alias":"EFZ","challenges":[],"id":8380,"idle":[],"msg":"OK","playing":[["Aquatic_mod","Aquatic",1,2,"91.214.211.2:10800"]],"status":"OK"}
'
[efz_netplay_mod][pid=292] StateExport: network ping=1->0 delay=0->0 seq=9717
[efz_netplay_mod][pid=292] StateExport: network ping=0->1 delay=0->0 seq=9730
[efz_netplay_mod][pid=292] StateExport: network ping=1->0 delay=0->0 seq=9742
[efz_netplay_mod][pid=292] StateExport: network ping=0->1 delay=0->0 seq=9755
[efz_netplay_mod][pid=292] StateExport: network ping=1->0 delay=0->0 seq=9768
[efz_netplay_mod][pid=292] StateExport: network ping=0->1 delay=0->0 seq=9781
[efz_netplay_mod][pid=292] LobbySession::DoPollStatus: response='{"alias":"EFZ","challenges":[],"id":8380,"idle":[],"msg":"OK","playing":[["Aquatic_mod","Aquatic",1,2,"91.214.211.2:10800"]],"status":"OK"}
'
[efz_netplay_mod][pid=292] StateExport: network ping=1->0 delay=0->0 seq=9806
[efz_netplay_mod][pid=292] StateExport: network ping=0->1 delay=0->0 seq=9832
[efz_netplay_mod][pid=292] StateExport: network ping=1->2 delay=0->0 seq=9870
[efz_netplay_mod][pid=292] StateExport: network ping=2->1 delay=0->0 seq=9883
[efz_netplay_mod][pid=292] StateExport: network ping=1->0 delay=0->0 seq=9896
[efz_netplay_mod][pid=292] LobbySession::DoPollStatus: response='{"alias":"EFZ","challenges":[],"id":8380,"idle":[],"msg":"OK","playing":[["Aquatic_mod","Aquatic",1,2,"91.214.211.2:10800"]],"status":"OK"}
'
[efz_netplay_mod][pid=292] StateExport: network ping=0->3 delay=0->0 seq=9909
[efz_netplay_mod][pid=292] StateExport: network ping=3->1 delay=0->0 seq=9921
[efz_netplay_mod][pid=292] StateExport: network ping=1->0 delay=0->0 seq=9947
[efz_netplay_mod][pid=292] StateExport: network ping=0->2 delay=0->0 seq=9998
[efz_netplay_mod][pid=292] LobbySession::DoPollStatus: response='{"alias":"EFZ","challenges":[],"id":8380,"idle":[],"msg":"OK","playing":[["Aquatic_mod","Aquatic",1,2,"91.214.211.2:10800"]],"status":"OK"}
'
[efz_netplay_mod][pid=292] StateExport: network ping=2->1 delay=0->0 seq=10037
[efz_netplay_mod][pid=292] StateExport: network ping=1->0 delay=0->0 seq=10113
[efz_netplay_mod][pid=292] LobbySession::DoPollStatus: response='{"alias":"EFZ","challenges":[],"id":8380,"idle":[],"msg":"OK","playing":[["Aquatic_mod","Aquatic",1,2,"91.214.211.2:10800"]],"status":"OK"}
'
[efz_netplay_mod][pid=292] StateExport: network ping=0->1 delay=0->0 seq=10126
[efz_netplay_mod][pid=292] StateExport: network ping=1->0 delay=0->0 seq=10152
[efz_netplay_mod][pid=292] StateExport: network ping=0->1 delay=0->0 seq=10164
[efz_netplay_mod][pid=292] StateExport: network ping=1->0 delay=0->0 seq=10177
[efz_netplay_mod][pid=292] StateExport: network ping=0->1 delay=0->0 seq=10190
[efz_netplay_mod][pid=292] StateExport: heartbeat seq=10200 activity=6 menu=0 screen=3 mode=2 phase=3 role=2 side=1 p1Wins=0 p2Wins=0 ping=1 delay=0 local='Aquatic_mod' p1='Aquatic' p2='Aquatic_mod' revival='1.02e' caps=0x2EF sessionId=1 setId=0 endReason=0
[efz_netplay_mod][pid=292] StateExport: network ping=1->0 delay=0->0 seq=10215
[efz_netplay_mod][pid=292] LobbySession::DoPollStatus: response='{"alias":"EFZ","challenges":[],"id":8380,"idle":[],"msg":"OK","playing":[["Aquatic_mod","Aquatic",1,2,"91.214.211.2:10800"]],"status":"OK"}
'
[efz_netplay_mod][pid=292] StateExport: network ping=0->2 delay=0->0 seq=10254
[efz_netplay_mod][pid=292] StateExport: network ping=2->0 delay=0->0 seq=10266
[efz_netplay_mod][pid=292] StateExport: network ping=0->1 delay=0->0 seq=10279
[efz_netplay_mod][pid=292] StateExport: network ping=1->0 delay=0->0 seq=10318
[efz_netplay_mod][pid=292] LobbySession::DoPollStatus: response='{"alias":"EFZ","challenges":[],"id":8380,"idle":[],"msg":"OK","playing":[["Aquatic_mod","Aquatic",1,2,"91.214.211.2:10800"]],"status":"OK"}
'
[efz_netplay_mod][pid=292] StateExport: network ping=0->1 delay=0->0 seq=10330
[efz_netplay_mod][pid=292] StateExport: network ping=1->0 delay=0->0 seq=10382
[efz_netplay_mod][pid=292] StateExport: network ping=0->1 delay=0->0 seq=10394
[efz_netplay_mod][pid=292] LobbySession::DoPollStatus: response='{"alias":"EFZ","challenges":[],"id":8380,"idle":[],"msg":"OK","playing":[["Aquatic_mod","Aquatic",1,2,"91.214.211.2:10800"]],"status":"OK"}
'
[efz_netplay_mod][pid=292] StateExport: network ping=1->2 delay=0->0 seq=10484
[efz_netplay_mod][pid=292] StateExport: network ping=2->1 delay=0->0 seq=10497
[efz_netplay_mod][pid=292] StateExport: network ping=1->0 delay=0->0 seq=10522
[efz_netplay_mod][pid=292] StateExport: network ping=0->1 delay=0->0 seq=10535
[efz_netplay_mod][pid=292] LobbySession::DoPollStatus: response='{"alias":"EFZ","challenges":[],"id":8380,"idle":[],"msg":"OK","playing":[["Aquatic_mod","Aquatic",1,2,"91.214.211.2:10800"]],"status":"OK"}
'
[efz_netplay_mod][pid=292] StateExport: network ping=1->0 delay=0->0 seq=10573
[efz_netplay_mod][pid=292] StateExport: network ping=0->1 delay=0->0 seq=10586
[efz_netplay_mod][pid=292] StateExport: network ping=1->0 delay=0->0 seq=10612
[efz_netplay_mod][pid=292] StateExport: network ping=0->1 delay=0->0 seq=10624
[efz_netplay_mod][pid=292] StateExport: network ping=1->0 delay=0->0 seq=10637
[efz_netplay_mod][pid=292] LobbySession::DoPollStatus: response='{"alias":"EFZ","challenges":[],"id":8380,"idle":[],"msg":"OK","playing":[["Aquatic_mod","Aquatic",1,2,"91.214.211.2:10800"]],"status":"OK"}
'
[efz_netplay_mod][pid=292] StateExport: network ping=0->1 delay=0->0 seq=10663
[efz_netplay_mod][pid=292] StateExport: network ping=1->0 delay=0->0 seq=10688
[efz_netplay_mod][pid=292] StateExport: network ping=0->2 delay=0->0 seq=10701
[efz_netplay_mod][pid=292] StateExport: network ping=2->0 delay=0->0 seq=10713
[efz_netplay_mod][pid=292] StateExport: network ping=0->1 delay=0->0 seq=10727
[efz_netplay_mod][pid=292] StateExport: network ping=1->0 delay=0->0 seq=10739
[efz_netplay_mod][pid=292] LobbySession::DoPollStatus: response='{"alias":"EFZ","challenges":[],"id":8380,"idle":[],"msg":"OK","playing":[["Aquatic_mod","Aquatic",1,2,"91.214.211.2:10800"]],"status":"OK"}
'
[efz_netplay_mod][pid=292] StateExport: network ping=0->1 delay=0->0 seq=10778
[efz_netplay_mod][pid=292] StateExport: network ping=1->0 delay=0->0 seq=10790
[efz_netplay_mod][pid=292] StateExport: heartbeat seq=10800 activity=6 menu=0 screen=3 mode=2 phase=3 role=2 side=1 p1Wins=0 p2Wins=0 ping=0 delay=0 local='Aquatic_mod' p1='Aquatic' p2='Aquatic_mod' revival='1.02e' caps=0x2EF sessionId=1 setId=0 endReason=0
[efz_netplay_mod][pid=292] StateExport: network ping=0->1 delay=0->0 seq=10816
[efz_netplay_mod][pid=292] StateExport: network ping=1->0 delay=0->0 seq=10829
[efz_netplay_mod][pid=292] StateExport: network ping=0->1 delay=0->0 seq=10842
[efz_netplay_mod][pid=292] LobbySession::DoPollStatus: response='{"alias":"EFZ","challenges":[],"id":8380,"idle":[],"msg":"OK","playing":[["Aquatic_mod","Aquatic",1,2,"91.214.211.2:10800"]],"status":"OK"}
'
[efz_netplay_mod][pid=292] StateExport: network ping=1->0 delay=0->0 seq=10905
[efz_netplay_mod][pid=292] StateExport: network ping=0->1 delay=0->0 seq=10918
[efz_netplay_mod][pid=292] LobbySession::DoPollStatus: response='{"alias":"EFZ","challenges":[],"id":8380,"idle":[],"msg":"OK","playing":[["Aquatic_mod","Aquatic",1,2,"91.214.211.2:10800"]],"status":"OK"}
'
[efz_netplay_mod][pid=292] StateExport: network ping=1->2 delay=0->0 seq=10982
[efz_netplay_mod][pid=292] StateExport: network ping=2->1 delay=0->0 seq=10995
[efz_netplay_mod][pid=292] StateExport: network ping=1->0 delay=0->0 seq=11046
[efz_netplay_mod][pid=292] StateExport: network ping=0->1 delay=0->0 seq=11059
[efz_netplay_mod][pid=292] LobbySession::DoPollStatus: response='{"alias":"EFZ","challenges":[],"id":8380,"idle":[],"msg":"OK","playing":[["Aquatic_mod","Aquatic",1,2,"91.214.211.2:10800"]],"status":"OK"}
'
[efz_netplay_mod][pid=292] StateExport: network ping=1->0 delay=0->0 seq=11084
[efz_netplay_mod][pid=292] StateExport: network ping=0->1 delay=0->0 seq=11136
[efz_netplay_mod][pid=292] StateExport: network ping=1->0 delay=0->0 seq=11148
[efz_netplay_mod][pid=292] StateExport: network ping=0->1 delay=0->0 seq=11174
[efz_netplay_mod][pid=292] LobbySession::DoPollStatus: response='{"alias":"EFZ","challenges":[],"id":8380,"idle":[],"msg":"OK","playing":[["Aquatic_mod","Aquatic",1,2,"91.214.211.2:10800"]],"status":"OK"}
'
[efz_netplay_mod][pid=292] StateExport: network ping=1->0 delay=0->0 seq=11199
[efz_netplay_mod][pid=292] StateExport: network ping=0->1 delay=0->0 seq=11225
[efz_netplay_mod][pid=292] StateExport: network ping=1->0 delay=0->0 seq=11276
[efz_netplay_mod][pid=292] LobbySession::DoPollStatus: response='{"alias":"EFZ","challenges":[],"id":8380,"idle":[],"msg":"OK","playing":[["Aquatic_mod","Aquatic",1,2,"91.214.211.2:10800"]],"status":"OK"}
'
[efz_netplay_mod][pid=292] StateExport: network ping=0->1 delay=0->0 seq=11289
[efz_netplay_mod][pid=292] StateExport: network ping=1->0 delay=0->0 seq=11327
[efz_netplay_mod][pid=292] StateExport: network ping=0->1 delay=0->0 seq=11353
[efz_netplay_mod][pid=292] LobbySession::DoPollStatus: response='{"alias":"EFZ","challenges":[],"id":8380,"idle":[],"msg":"OK","playing":[["Aquatic_mod","Aquatic",1,2,"91.214.211.2:10800"]],"status":"OK"}
'
[efz_netplay_mod][pid=292] StateExport: heartbeat seq=11400 activity=6 menu=0 screen=3 mode=2 phase=3 role=2 side=1 p1Wins=0 p2Wins=0 ping=1 delay=0 local='Aquatic_mod' p1='Aquatic' p2='Aquatic_mod' revival='1.02e' caps=0x2EF sessionId=1 setId=0 endReason=0
[efz_netplay_mod][pid=292] StateExport: network ping=1->0 delay=0->0 seq=11404
[efz_netplay_mod][pid=292] StateExport: network ping=0->1 delay=0->0 seq=11417
[efz_netplay_mod][pid=292] StateExport: network ping=1->0 delay=0->0 seq=11429
[efz_netplay_mod][pid=292] StateExport: network ping=0->1 delay=0->0 seq=11442
[efz_netplay_mod][pid=292] StateExport: network ping=1->0 delay=0->0 seq=11454
[efz_netplay_mod][pid=292] StateExport: network ping=0->1 delay=0->0 seq=11468
[efz_netplay_mod][pid=292] LobbySession::DoPollStatus: response='{"alias":"EFZ","challenges":[],"id":8380,"idle":[],"msg":"OK","playing":[["Aquatic_mod","Aquatic",1,2,"91.214.211.2:10800"]],"status":"OK"}
'
[efz_netplay_mod][pid=292] StateExport: network ping=1->0 delay=0->0 seq=11506
[efz_netplay_mod][pid=292] StateExport: network ping=0->1 delay=0->0 seq=11544
[efz_netplay_mod][pid=292] StateExport: network ping=1->0 delay=0->0 seq=11557
[efz_netplay_mod][pid=292] StateExport: network ping=0->1 delay=0->0 seq=11583
[efz_netplay_mod][pid=292] StateExport: network ping=1->0 delay=0->0 seq=11595
[efz_netplay_mod][pid=292] LobbySession::DoPollStatus: response='{"alias":"EFZ","challenges":[],"id":8380,"idle":[],"msg":"OK","playing":[["Aquatic_mod","Aquatic",1,2,"91.214.211.2:10800"]],"status":"OK"}
'
[efz_netplay_mod][pid=292] StateExport: network ping=0->2 delay=0->0 seq=11608
[efz_netplay_mod][pid=292] StateExport: network ping=2->1 delay=0->0 seq=11621
[efz_netplay_mod][pid=292] StateExport: network ping=1->0 delay=0->0 seq=11634
[efz_netplay_mod][pid=292] StateExport: network ping=0->1 delay=0->0 seq=11647
[efz_netplay_mod][pid=292] StateExport: network ping=1->0 delay=0->0 seq=11672
[efz_netplay_mod][pid=292] StateExport: network ping=0->1 delay=0->0 seq=11698
[efz_netplay_mod][pid=292] LobbySession::DoPollStatus: response='{"alias":"EFZ","challenges":[],"id":8380,"idle":[],"msg":"OK","playing":[["Aquatic_mod","Aquatic",1,2,"91.214.211.2:10800"]],"status":"OK"}
'
[efz_netplay_mod][pid=292] StateExport: network ping=1->0 delay=0->0 seq=11710
[efz_netplay_mod][pid=292] StateExport: network ping=0->2 delay=0->0 seq=11723
[efz_netplay_mod][pid=292] StateExport: network ping=2->1 delay=0->0 seq=11736
[efz_netplay_mod][pid=292] LobbySession::DoPollStatus: response='{"alias":"EFZ","challenges":[],"id":8380,"idle":[],"msg":"OK","playing":[["Aquatic_mod","Aquatic",1,2,"91.214.211.2:10800"]],"status":"OK"}
'
[efz_netplay_mod][pid=292] StateExport: network ping=1->0 delay=0->0 seq=11826
[efz_netplay_mod][pid=292] StateExport: network ping=0->2 delay=0->0 seq=11838
[efz_netplay_mod][pid=292] StateExport: network ping=2->1 delay=0->0 seq=11851
[efz_netplay_mod][pid=292] StateExport: network ping=1->0 delay=0->0 seq=11889
[efz_netplay_mod][pid=292] StateExport: network ping=0->1 delay=0->0 seq=11902
[efz_netplay_mod][pid=292] StateExport: network ping=1->0 delay=0->0 seq=11915
[efz_netplay_mod][pid=292] LobbySession::DoPollStatus: response='{"alias":"EFZ","challenges":[],"id":8380,"idle":[],"msg":"OK","playing":[["Aquatic_mod","Aquatic",1,2,"91.214.211.2:10800"]],"status":"OK"}
'
[efz_netplay_mod][pid=292] StateExport: network ping=0->1 delay=0->0 seq=11940
[efz_netplay_mod][pid=292] StateExport: network ping=1->0 delay=0->0 seq=11953
[efz_netplay_mod][pid=292] StateExport: network ping=0->1 delay=0->0 seq=11966
[efz_netplay_mod][pid=292] StateExport: network ping=1->0 delay=0->0 seq=11979
[efz_netplay_mod][pid=292] StateExport: heartbeat seq=12000 activity=6 menu=0 screen=3 mode=2 phase=3 role=2 side=1 p1Wins=0 p2Wins=0 ping=0 delay=0 local='Aquatic_mod' p1='Aquatic' p2='Aquatic_mod' revival='1.02e' caps=0x2EF sessionId=1 setId=0 endReason=0
[efz_netplay_mod][pid=292] StateExport: network ping=0->1 delay=0->0 seq=12017
[efz_netplay_mod][pid=292] LobbySession::DoPollStatus: response='{"alias":"EFZ","challenges":[],"id":8380,"idle":[],"msg":"OK","playing":[["Aquatic_mod","Aquatic",1,2,"91.214.211.2:10800"]],"status":"OK"}
'
[efz_netplay_mod][pid=292] StateExport: network ping=1->0 delay=0->0 seq=12043
[efz_netplay_mod][pid=292] StateExport: network ping=0->1 delay=0->0 seq=12055
[efz_netplay_mod][pid=292] StateExport: network ping=1->0 delay=0->0 seq=12119
[efz_netplay_mod][pid=292] StateExport: network ping=0->1 delay=0->0 seq=12132
[efz_netplay_mod][pid=292] LobbySession::DoPollStatus: response='{"alias":"EFZ","challenges":[],"id":8380,"idle":[],"msg":"OK","playing":[["Aquatic_mod","Aquatic",1,2,"91.214.211.2:10800"]],"status":"OK"}
'
[efz_netplay_mod][pid=292] StateExport: network ping=1->0 delay=0->0 seq=12222
[efz_netplay_mod][pid=292] StateExport: network ping=0->1 delay=0->0 seq=12234
[efz_netplay_mod][pid=292] StateExport: network ping=1->0 delay=0->0 seq=12247
[efz_netplay_mod][pid=292] StateExport: network ping=0->1 delay=0->0 seq=12260
[efz_netplay_mod][pid=292] LobbySession::DoPollStatus: response='{"alias":"EFZ","challenges":[],"id":8380,"idle":[],"msg":"OK","playing":[["Aquatic_mod","Aquatic",1,2,"91.214.211.2:10800"]],"status":"OK"}
'
[efz_netplay_mod][pid=292] StateExport: network ping=1->0 delay=0->0 seq=12273
[efz_netplay_mod][pid=292] StateExport: network ping=0->3 delay=0->0 seq=12311
[efz_netplay_mod][pid=292] StateExport: network ping=3->1 delay=0->0 seq=12324
[efz_netplay_mod][pid=292] StateExport: network ping=1->0 delay=0->0 seq=12349
[efz_netplay_mod][pid=292] StateExport: network ping=0->1 delay=0->0 seq=12362
[efz_netplay_mod][pid=292] LobbySession::DoPollStatus: response='{"alias":"EFZ","challenges":[],"id":8380,"idle":[],"msg":"OK","playing":[["Aquatic_mod","Aquatic",1,2,"91.214.211.2:10800"]],"status":"OK"}
'
[efz_netplay_mod][pid=292] StateExport: network ping=1->0 delay=0->0 seq=12452
[efz_netplay_mod][pid=292] LobbySession::DoPollStatus: response='{"alias":"EFZ","challenges":[],"id":8380,"idle":[],"msg":"OK","playing":[["Aquatic_mod","Aquatic",1,2,"91.214.211.2:10800"]],"status":"OK"}
'
[efz_netplay_mod][pid=292] StateExport: network ping=0->1 delay=0->0 seq=12490
[efz_netplay_mod][pid=292] StateExport: network ping=1->0 delay=0->0 seq=12503
[efz_netplay_mod][pid=292] StateExport: network ping=0->1 delay=0->0 seq=12516
[efz_netplay_mod][pid=292] StateExport: network ping=1->0 delay=0->0 seq=12528
[efz_netplay_mod][pid=292] StateExport: network ping=0->1 delay=0->0 seq=12567
[efz_netplay_mod][pid=292] LobbySession::DoPollStatus: response='{"alias":"EFZ","challenges":[],"id":8380,"idle":[],"msg":"OK","playing":[["Aquatic_mod","Aquatic",1,2,"91.214.211.2:10800"]],"status":"OK"}
'
[efz_netplay_mod][pid=292] StateExport: network ping=1->0 delay=0->0 seq=12592
[efz_netplay_mod][pid=292] StateExport: heartbeat seq=12600 activity=6 menu=0 screen=3 mode=2 phase=3 role=2 side=1 p1Wins=0 p2Wins=0 ping=0 delay=0 local='Aquatic_mod' p1='Aquatic' p2='Aquatic_mod' revival='1.02e' caps=0x2EF sessionId=1 setId=0 endReason=0
[efz_netplay_mod][pid=292] StateExport: network ping=0->1 delay=0->0 seq=12618
[efz_netplay_mod][pid=292] StateExport: network ping=1->0 delay=0->0 seq=12631
[efz_netplay_mod][pid=292] StateExport: network ping=0->1 delay=0->0 seq=12643
[efz_netplay_mod][pid=292] StateExport: network ping=1->0 delay=0->0 seq=12682
[efz_netplay_mod][pid=292] LobbySession::DoPollStatus: response='{"alias":"EFZ","challenges":[],"id":8380,"idle":[],"msg":"OK","playing":[["Aquatic_mod","Aquatic",1,2,"91.214.211.2:10800"]],"status":"OK"}
'
[efz_netplay_mod][pid=292] StateExport: network ping=0->1 delay=0->0 seq=12720
[efz_netplay_mod][pid=292] StateExport: network ping=1->0 delay=0->0 seq=12758
[efz_netplay_mod][pid=292] StateExport: network ping=0->1 delay=0->0 seq=12771
[efz_netplay_mod][pid=292] StateExport: network ping=1->0 delay=0->0 seq=12784
[efz_netplay_mod][pid=292] LobbySession::DoPollStatus: response='{"alias":"EFZ","challenges":[],"id":8380,"idle":[],"msg":"OK","playing":[["Aquatic_mod","Aquatic",1,2,"91.214.211.2:10800"]],"status":"OK"}
'
[efz_netplay_mod][pid=292] StateExport: network ping=0->1 delay=0->0 seq=12797
[efz_netplay_mod][pid=292] StateExport: network ping=1->0 delay=0->0 seq=12886
[efz_netplay_mod][pid=292] LobbySession::DoPollStatus: response='{"alias":"EFZ","challenges":[],"id":8380,"idle":[],"msg":"OK","playing":[["Aquatic_mod","Aquatic",1,2,"91.214.211.2:10800"]],"status":"OK"}
'
[efz_netplay_mod][pid=292] StateExport: network ping=0->1 delay=0->0 seq=12899
[efz_netplay_mod][pid=292] StateExport: network ping=1->0 delay=0->0 seq=12912
[efz_netplay_mod][pid=292] StateExport: network ping=0->1 delay=0->0 seq=12924
[efz_netplay_mod][pid=292] StateExport: network ping=1->0 delay=0->0 seq=12937
[efz_netplay_mod][pid=292] StateExport: network ping=0->1 delay=0->0 seq=12950
[efz_netplay_mod][pid=292] StateExport: network ping=1->0 delay=0->0 seq=12963
[efz_netplay_mod][pid=292] StateExport: network ping=0->1 delay=0->0 seq=12976
[efz_netplay_mod][pid=292] StateExport: network ping=1->0 delay=0->0 seq=12988
[efz_netplay_mod][pid=292] StateExport: network ping=0->1 delay=0->0 seq=13001
[efz_netplay_mod][pid=292] LobbySession::DoPollStatus: response='{"alias":"EFZ","challenges":[],"id":8380,"idle":[],"msg":"OK","playing":[["Aquatic_mod","Aquatic",1,2,"91.214.211.2:10800"]],"status":"OK"}
'
[efz_netplay_mod][pid=292] StateExport: network ping=1->0 delay=0->0 seq=13014
[efz_netplay_mod][pid=292] StateExport: network ping=0->1 delay=0->0 seq=13027
[efz_netplay_mod][pid=292] StateExport: network ping=1->0 delay=0->0 seq=13039
[efz_netplay_mod][pid=292] StateExport: network ping=0->1 delay=0->0 seq=13078
[efz_netplay_mod][pid=292] StateExport: network ping=1->2 delay=0->0 seq=13103
[efz_netplay_mod][pid=292] LobbySession::DoPollStatus: response='{"alias":"EFZ","challenges":[],"id":8380,"idle":[],"msg":"OK","playing":[["Aquatic_mod","Aquatic",1,2,"91.214.211.2:10800"]],"status":"OK"}
'
[efz_netplay_mod][pid=292] StateExport: network ping=2->1 delay=0->0 seq=13116
[efz_netplay_mod][pid=292] StateExport: network ping=1->0 delay=0->0 seq=13155
[efz_netplay_mod][pid=292] StateExport: network ping=0->1 delay=0->0 seq=13193
[efz_netplay_mod][pid=292] StateExport: heartbeat seq=13200 activity=6 menu=0 screen=3 mode=2 phase=3 role=2 side=1 p1Wins=0 p2Wins=0 ping=1 delay=0 local='Aquatic_mod' p1='Aquatic' p2='Aquatic_mod' revival='1.02e' caps=0x2EF sessionId=1 setId=0 endReason=0
[efz_netplay_mod][pid=292] LobbySession::DoPollStatus: response='{"alias":"EFZ","challenges":[],"id":8380,"idle":[],"msg":"OK","playing":[["Aquatic_mod","Aquatic",1,2,"91.214.211.2:10800"]],"status":"OK"}
'
[efz_netplay_mod][pid=292] StateExport: network ping=1->0 delay=0->0 seq=13244
[efz_netplay_mod][pid=292] StateExport: network ping=0->1 delay=0->0 seq=13257
[efz_netplay_mod][pid=292] StateExport: network ping=1->0 delay=0->0 seq=13282
[efz_netplay_mod][pid=292] StateExport: network ping=0->1 delay=0->0 seq=13308
[efz_netplay_mod][pid=292] StateExport: network ping=1->0 delay=0->0 seq=13321
[efz_netplay_mod][pid=292] LobbySession::DoPollStatus: response='{"alias":"EFZ","challenges":[],"id":8380,"idle":[],"msg":"OK","playing":[["Aquatic_mod","Aquatic",1,2,"91.214.211.2:10800"]],"status":"OK"}
'
[efz_netplay_mod][pid=292] StateExport: network ping=0->1 delay=0->0 seq=13333
[efz_netplay_mod][pid=292] StateExport: network ping=1->0 delay=0->0 seq=13397
[efz_netplay_mod][pid=292] StateExport: network ping=0->1 delay=0->0 seq=13410
[efz_netplay_mod][pid=292] LobbySession::DoPollStatus: response='{"alias":"EFZ","challenges":[],"id":8380,"idle":[],"msg":"OK","playing":[["Aquatic_mod","Aquatic",1,2,"91.214.211.2:10800"]],"status":"OK"}
'
[efz_netplay_mod][pid=292] StateExport: network ping=1->0 delay=0->0 seq=13448
[efz_netplay_mod][pid=292] StateExport: network ping=0->1 delay=0->0 seq=13487
[efz_netplay_mod][pid=292] StateExport: network ping=1->0 delay=0->0 seq=13500
[efz_netplay_mod][pid=292] StateExport: network ping=0->1 delay=0->0 seq=13512
[efz_netplay_mod][pid=292] StateExport: network ping=1->0 delay=0->0 seq=13525
[efz_netplay_mod][pid=292] LobbySession::DoPollStatus: response='{"alias":"EFZ","challenges":[],"id":8380,"idle":[],"msg":"OK","playing":[["Aquatic_mod","Aquatic",1,2,"91.214.211.2:10800"]],"status":"OK"}
'
[efz_netplay_mod][pid=292] StateExport: network ping=0->1 delay=0->0 seq=13538
[efz_netplay_mod][pid=292] StateExport: network ping=1->0 delay=0->0 seq=13551
[efz_netplay_mod][pid=292] StateExport: network ping=0->1 delay=0->0 seq=13563
[efz_netplay_mod][pid=292] StateExport: network ping=1->0 delay=0->0 seq=13576
[efz_netplay_mod][pid=292] StateExport: network ping=0->1 delay=0->0 seq=13589
[efz_netplay_mod][pid=292] StateExport: network ping=1->0 delay=0->0 seq=13627
[efz_netplay_mod][pid=292] LobbySession::DoPollStatus: response='{"alias":"EFZ","challenges":[],"id":8380,"idle":[],"msg":"OK","playing":[["Aquatic_mod","Aquatic",1,2,"91.214.211.2:10800"]],"status":"OK"}
'
[efz_netplay_mod][pid=292] StateExport: network ping=0->1 delay=0->0 seq=13678
[efz_netplay_mod][pid=292] StateExport: network ping=1->0 delay=0->0 seq=13691
[efz_netplay_mod][pid=292] StateExport: network ping=0->2 delay=0->0 seq=13717
[efz_netplay_mod][pid=292] StateExport: network ping=2->0 delay=0->0 seq=13730
[efz_netplay_mod][pid=292] LobbySession::DoPollStatus: response='{"alias":"EFZ","challenges":[],"id":8380,"idle":[],"msg":"OK","playing":[["Aquatic_mod","Aquatic",1,2,"91.214.211.2:10800"]],"status":"OK"}
'
[efz_netplay_mod][pid=292] StateExport: network ping=0->2 delay=0->0 seq=13768
[efz_netplay_mod][pid=292] StateExport: network ping=2->0 delay=0->0 seq=13781
[efz_netplay_mod][pid=292] StateExport: network ping=0->1 delay=0->0 seq=13794
[efz_netplay_mod][pid=292] StateExport: heartbeat seq=13800 activity=6 menu=0 screen=3 mode=2 phase=3 role=2 side=1 p1Wins=0 p2Wins=0 ping=1 delay=0 local='Aquatic_mod' p1='Aquatic' p2='Aquatic_mod' revival='1.02e' caps=0x2EF sessionId=1 setId=0 endReason=0
[efz_netplay_mod][pid=292] LobbySession::DoPollStatus: response='{"alias":"EFZ","challenges":[],"id":8380,"idle":[],"msg":"OK","playing":[["Aquatic_mod","Aquatic",1,2,"91.214.211.2:10800"]],"status":"OK"}
'
[efz_netplay_mod][pid=292] StateExport: network ping=1->0 delay=0->0 seq=13857
[efz_netplay_mod][pid=292] StateExport: network ping=0->1 delay=0->0 seq=13870
[efz_netplay_mod][pid=292] StateExport: network ping=1->0 delay=0->0 seq=13908
[efz_netplay_mod][pid=292] StateExport: network ping=0->1 delay=0->0 seq=13921
[efz_netplay_mod][pid=292] StateExport: network ping=1->0 delay=0->0 seq=13934
[efz_netplay_mod][pid=292] StateExport: network ping=0->2 delay=0->0 seq=13947
[efz_netplay_mod][pid=292] LobbySession::DoPollStatus: response='{"alias":"EFZ","challenges":[],"id":8380,"idle":[],"msg":"OK","playing":[["Aquatic_mod","Aquatic",1,2,"91.214.211.2:10800"]],"status":"OK"}
'
[efz_netplay_mod][pid=292] StateExport: network ping=2->1 delay=0->0 seq=13972
[efz_netplay_mod][pid=292] StateExport: network ping=1->0 delay=0->0 seq=13985
[efz_netplay_mod][pid=292] StateExport: network ping=0->1 delay=0->0 seq=13998
[efz_netplay_mod][pid=292] StateExport: network ping=1->0 delay=0->0 seq=14062
[efz_netplay_mod][pid=292] LobbySession::DoPollStatus: response='{"alias":"EFZ","challenges":[],"id":8380,"idle":[],"msg":"OK","playing":[["Aquatic_mod","Aquatic",1,2,"91.214.211.2:10800"]],"status":"OK"}
'
[efz_netplay_mod][pid=292] StateExport: network ping=0->1 delay=0->0 seq=14088
[efz_netplay_mod][pid=292] StateExport: network ping=1->0 delay=0->0 seq=14113
[efz_netplay_mod][pid=292] StateExport: network ping=0->1 delay=0->0 seq=14139
[efz_netplay_mod][pid=292] StateExport: network ping=1->0 delay=0->0 seq=14152
[efz_netplay_mod][pid=292] LobbySession::DoPollStatus: response='{"alias":"EFZ","challenges":[],"id":8380,"idle":[],"msg":"OK","playing":[["Aquatic_mod","Aquatic",1,2,"91.214.211.2:10800"]],"status":"OK"}
'
[efz_netplay_mod][pid=292] StateExport: network ping=0->1 delay=0->0 seq=14177
[efz_netplay_mod][pid=292] StateExport: network ping=1->0 delay=0->0 seq=14190
[efz_netplay_mod][pid=292] StateExport: network ping=0->1 delay=0->0 seq=14215
[efz_netplay_mod][pid=292] StateExport: network ping=1->0 delay=0->0 seq=14228
[efz_netplay_mod][pid=292] StateExport: network ping=0->1 delay=0->0 seq=14241
[efz_netplay_mod][pid=292] StateExport: network ping=1->0 delay=0->0 seq=14254
[efz_netplay_mod][pid=292] StateExport: network ping=0->1 delay=0->0 seq=14266
[efz_netplay_mod][pid=292] LobbySession::DoPollStatus: response='{"alias":"EFZ","challenges":[],"id":8380,"idle":[],"msg":"OK","playing":[["Aquatic_mod","Aquatic",1,2,"91.214.211.2:10800"]],"status":"OK"}
'
[efz_netplay_mod][pid=292] StateExport: network ping=1->2 delay=0->0 seq=14279
[efz_netplay_mod][pid=292] StateExport: network ping=2->0 delay=0->0 seq=14292
[efz_netplay_mod][pid=292] StateExport: network ping=0->1 delay=0->0 seq=14305
[efz_netplay_mod][pid=292] StateExport: network ping=1->0 delay=0->0 seq=14317
[efz_netplay_mod][pid=292] StateExport: network ping=0->1 delay=0->0 seq=14330
[efz_netplay_mod][pid=292] StateExport: network ping=1->2 delay=0->0 seq=14343
[efz_netplay_mod][pid=292] StateExport: network ping=2->1 delay=0->0 seq=14356
[efz_netplay_mod][pid=292] StateExport: network ping=1->0 delay=0->0 seq=14369
[efz_netplay_mod][pid=292] StateExport: network ping=0->1 delay=0->0 seq=14381
[efz_netplay_mod][pid=292] StateExport: network ping=1->0 delay=0->0 seq=14394
[efz_netplay_mod][pid=292] StateExport: heartbeat seq=14400 activity=6 menu=0 screen=3 mode=2 phase=3 role=2 side=1 p1Wins=0 p2Wins=0 ping=0 delay=0 local='Aquatic_mod' p1='Aquatic' p2='Aquatic_mod' revival='1.02e' caps=0x2EF sessionId=1 setId=0 endReason=0
[efz_netplay_mod][pid=292] LobbySession::DoPollStatus: response='{"alias":"EFZ","challenges":[],"id":8380,"idle":[["Player",3]],"msg":"OK","playing":[["Aquatic_mod","Aquatic",1,2,"91.214.211.2:10800"]],"status":"OK"}
'
[efz_netplay_mod][pid=292] StateExport: network ping=0->1 delay=0->0 seq=14433
[efz_netplay_mod][pid=292] StateExport: network ping=1->0 delay=0->0 seq=14458
[efz_netplay_mod][pid=292] StateExport: network ping=0->1 delay=0->0 seq=14484
[efz_netplay_mod][pid=292] StateExport: network ping=1->0 delay=0->0 seq=14496
[efz_netplay_mod][pid=292] StateExport: network ping=0->1 delay=0->0 seq=14509
[efz_netplay_mod][pid=292] LobbySession::DoPollStatus: response='{"alias":"EFZ","challenges":[],"id":8380,"idle":[["Player",3]],"msg":"OK","playing":[["Aquatic_mod","Aquatic",1,2,"91.214.211.2:10800"]],"status":"OK"}
'
[efz_netplay_mod][pid=292] StateExport: network ping=1->0 delay=0->0 seq=14558
[efz_netplay_mod][pid=292] StateExport: network ping=0->1 delay=0->0 seq=14571
[efz_netplay_mod][pid=292] StateExport: network ping=1->0 delay=0->0 seq=14584
[efz_netplay_mod][pid=292] StateExport: network ping=0->1 delay=0->0 seq=14610
[efz_netplay_mod][pid=292] StateExport: network ping=1->0 delay=0->0 seq=14623
[efz_netplay_mod][pid=292] LobbySession::DoPollStatus: response='{"alias":"EFZ","challenges":[],"id":8380,"idle":[["Player",3]],"msg":"OK","playing":[["Aquatic_mod","Aquatic",1,2,"91.214.211.2:10800"]],"status":"OK"}
'
[efz_netplay_mod][pid=292] StateExport: network ping=0->1 delay=0->0 seq=14648
[efz_netplay_mod][pid=292] StateExport: network ping=1->0 delay=0->0 seq=14674
[efz_netplay_mod][pid=292] StateExport: network ping=0->1 delay=0->0 seq=14686
[efz_netplay_mod][pid=292] LobbySession::DoPollStatus: response='{"alias":"EFZ","challenges":[],"id":8380,"idle":[["Player",3]],"msg":"OK","playing":[["Aquatic_mod","Aquatic",1,2,"91.214.211.2:10800"]],"status":"OK"}
'
[efz_netplay_mod][pid=292] StateExport: network ping=1->0 delay=0->0 seq=14737
[efz_netplay_mod][pid=292] StateExport: network ping=0->1 delay=0->0 seq=14750
[efz_netplay_mod][pid=292] StateExport: network ping=1->0 delay=0->0 seq=14776
[efz_netplay_mod][pid=292] StateExport: network ping=0->1 delay=0->0 seq=14788
[efz_netplay_mod][pid=292] StateExport: network ping=1->0 delay=0->0 seq=14814
[efz_netplay_mod][pid=292] StateExport: network ping=0->1 delay=0->0 seq=14827
[efz_netplay_mod][pid=292] StateExport: network ping=1->0 delay=0->0 seq=14839
[efz_netplay_mod][pid=292] LobbySession::DoPollStatus: response='{"alias":"EFZ","challenges":[],"id":8380,"idle":[["Player",3]],"msg":"OK","playing":[["Aquatic_mod","Aquatic",1,2,"91.214.211.2:10800"]],"status":"OK"}
'
[efz_netplay_mod][pid=292] StateExport: network ping=0->1 delay=0->0 seq=14865
[efz_netplay_mod][pid=292] StateExport: network ping=1->0 delay=0->0 seq=14878
[efz_netplay_mod][pid=292] StateExport: network ping=0->1 delay=0->0 seq=14891
[efz_netplay_mod][pid=292] StateExport: network ping=1->0 delay=0->0 seq=14903
[efz_netplay_mod][pid=292] StateExport: network ping=0->1 delay=0->0 seq=14916
[efz_netplay_mod][pid=292] StateExport: network ping=1->0 delay=0->0 seq=14929
[efz_netplay_mod][pid=292] LobbySession::DoPollStatus: response='{"alias":"EFZ","challenges":[],"id":8380,"idle":[["Player",3]],"msg":"OK","playing":[["Aquatic_mod","Aquatic",1,2,"91.214.211.2:10800"]],"status":"OK"}
'
[efz_netplay_mod][pid=292] StateExport: network ping=0->1 delay=0->0 seq=14993
[efz_netplay_mod][pid=292] StateExport: heartbeat seq=15000 activity=6 menu=0 screen=3 mode=2 phase=3 role=2 side=1 p1Wins=0 p2Wins=0 ping=1 delay=0 local='Aquatic_mod' p1='Aquatic' p2='Aquatic_mod' revival='1.02e' caps=0x2EF sessionId=1 setId=0 endReason=0
[efz_netplay_mod][pid=292] StateExport: network ping=1->0 delay=0->0 seq=15032
[efz_netplay_mod][pid=292] StateExport: network ping=0->1 delay=0->0 seq=15044
[efz_netplay_mod][pid=292] LobbySession::DoPollStatus: response='{"alias":"EFZ","challenges":[],"id":8380,"idle":[["Player",3]],"msg":"OK","playing":[["Aquatic_mod","Aquatic",1,2,"91.214.211.2:10800"]],"status":"OK"}
'
[efz_netplay_mod][pid=292] StateExport: network ping=1->0 delay=0->0 seq=15057
[efz_netplay_mod][pid=292] StateExport: network ping=0->1 delay=0->0 seq=15070
[efz_netplay_mod][pid=292] StateExport: network ping=1->0 delay=0->0 seq=15082
[efz_netplay_mod][pid=292] StateExport: network ping=0->1 delay=0->0 seq=15095
[efz_netplay_mod][pid=292] LobbySession::DoPollStatus: response='{"alias":"EFZ","challenges":[],"id":8380,"idle":[["Player",3]],"msg":"OK","playing":[["Aquatic_mod","Aquatic",1,2,"91.214.211.2:10800"]],"status":"OK"}
'
[efz_netplay_mod][pid=292] StateExport: network ping=1->0 delay=0->0 seq=15197
[efz_netplay_mod][pid=292] StateExport: network ping=0->1 delay=0->0 seq=15210
[efz_netplay_mod][pid=292] StateExport: network ping=1->0 delay=0->0 seq=15236
[efz_netplay_mod][pid=292] LobbySession::DoPollStatus: response='{"alias":"EFZ","challenges":[],"id":8380,"idle":[["Player",3]],"msg":"OK","playing":[["Aquatic_mod","Aquatic",1,2,"91.214.211.2:10800"]],"status":"OK"}
'
[efz_netplay_mod][pid=292] StateExport: network ping=0->1 delay=0->0 seq=15300
[efz_netplay_mod][pid=292] StateExport: network ping=1->0 delay=0->0 seq=15312
[efz_netplay_mod][pid=292] StateExport: network ping=0->1 delay=0->0 seq=15351
[efz_netplay_mod][pid=292] StateExport: network ping=1->0 delay=0->0 seq=15363
[efz_netplay_mod][pid=292] LobbySession::DoPollStatus: response='{"alias":"EFZ","challenges":[],"id":8380,"idle":[["Player",3]],"msg":"OK","playing":[["Aquatic_mod","Aquatic",1,2,"91.214.211.2:10800"]],"status":"OK"}
'
[efz_netplay_mod][pid=292] StateExport: network ping=0->1 delay=0->0 seq=15376
[efz_netplay_mod][pid=292] StateExport: network ping=1->0 delay=0->0 seq=15466
[efz_netplay_mod][pid=292] StateExport: network ping=0->1 delay=0->0 seq=15478
[efz_netplay_mod][pid=292] LobbySession::DoPollStatus: response='{"alias":"EFZ","challenges":[],"id":8380,"idle":[["Player",3]],"msg":"OK","playing":[["Aquatic_mod","Aquatic",1,2,"91.214.211.2:10800"]],"status":"OK"}
'
[efz_netplay_mod][pid=292] StateExport: network ping=1->0 delay=0->0 seq=15542
[efz_netplay_mod][pid=292] StateExport: network ping=0->1 delay=0->0 seq=15555
[efz_netplay_mod][pid=292] StateExport: network ping=1->0 delay=0->0 seq=15568
[efz_netplay_mod][pid=292] LobbySession::DoPollStatus: response='{"alias":"EFZ","challenges":[],"id":8380,"idle":[["Player",3]],"msg":"OK","playing":[["Aquatic_mod","Aquatic",1,2,"91.214.211.2:10800"]],"status":"OK"}
'
[efz_netplay_mod][pid=292] StateExport: network ping=0->1 delay=0->0 seq=15593
[efz_netplay_mod][pid=292] StateExport: heartbeat seq=15600 activity=6 menu=0 screen=3 mode=2 phase=3 role=2 side=1 p1Wins=0 p2Wins=0 ping=1 delay=0 local='Aquatic_mod' p1='Aquatic' p2='Aquatic_mod' revival='1.02e' caps=0x2EF sessionId=1 setId=0 endReason=0
[efz_netplay_mod][pid=292] StateExport: network ping=1->0 delay=0->0 seq=15645
[efz_netplay_mod][pid=292] StateExport: network ping=0->1 delay=0->0 seq=15657
[efz_netplay_mod][pid=292] StateExport: network ping=1->0 delay=0->0 seq=15683
[efz_netplay_mod][pid=292] LobbySession::DoPollStatus: response='{"alias":"EFZ","challenges":[],"id":8380,"idle":[["Player",3]],"msg":"OK","playing":[["Aquatic_mod","Aquatic",1,2,"91.214.211.2:10800"]],"status":"OK"}
'
[efz_netplay_mod][pid=292] StateExport: network ping=0->1 delay=0->0 seq=15696
[efz_netplay_mod][pid=292] StateExport: network ping=1->0 delay=0->0 seq=15734
[efz_netplay_mod][pid=292] StateExport: network ping=0->1 delay=0->0 seq=15760
[efz_netplay_mod][pid=292] LobbySession::DoPollStatus: response='{"alias":"EFZ","challenges":[],"id":8380,"idle":[["Player",3]],"msg":"OK","playing":[["Aquatic_mod","Aquatic",1,2,"91.214.211.2:10800"]],"status":"OK"}
'
[efz_netplay_mod][pid=292] StateExport: network ping=1->0 delay=0->0 seq=15811
[efz_netplay_mod][pid=292] StateExport: network ping=0->1 delay=0->0 seq=15875
[efz_netplay_mod][pid=292] StateExport: network ping=1->0 delay=0->0 seq=15900
[efz_netplay_mod][pid=292] LobbySession::DoPollStatus: response='{"alias":"EFZ","challenges":[],"id":8380,"idle":[["Player",3]],"msg":"OK","playing":[["Aquatic_mod","Aquatic",1,2,"91.214.211.2:10800"]],"status":"OK"}
'
[efz_netplay_mod][pid=292] StateExport: network ping=0->1 delay=0->0 seq=15913
[efz_netplay_mod][pid=292] StateExport: network ping=1->0 delay=0->0 seq=15926
[efz_netplay_mod][pid=292] StateExport: network ping=0->1 delay=0->0 seq=15939
[efz_netplay_mod][pid=292] StateExport: network ping=1->0 delay=0->0 seq=15951
[efz_netplay_mod][pid=292] StateExport: network ping=0->1 delay=0->0 seq=15964
[efz_netplay_mod][pid=292] StateExport: network ping=1->0 delay=0->0 seq=15977
[efz_netplay_mod][pid=292] StateExport: network ping=0->1 delay=0->0 seq=15990
[efz_netplay_mod][pid=292] LobbySession::DoPollStatus: response='{"alias":"EFZ","challenges":[],"id":8380,"idle":[["Player",3]],"msg":"OK","playing":[["Aquatic_mod","Aquatic",1,2,"91.214.211.2:10800"]],"status":"OK"}
'
[efz_netplay_mod][pid=292] StateExport: network ping=1->0 delay=0->0 seq=16016
[efz_netplay_mod][pid=292] StateExport: network ping=0->1 delay=0->0 seq=16028
[efz_netplay_mod][pid=292] StateExport: network ping=1->0 delay=0->0 seq=16041
[efz_netplay_mod][pid=292] StateExport: network ping=0->1 delay=0->0 seq=16066
[efz_netplay_mod][pid=292] StateExport: network ping=1->0 delay=0->0 seq=16079
[efz_netplay_mod][pid=292] StateExport: network ping=0->1 delay=0->0 seq=16117
[efz_netplay_mod][pid=292] LobbySession::DoPollStatus: response='{"alias":"EFZ","challenges":[],"id":8380,"idle":[["Player",3]],"msg":"OK","playing":[["Aquatic_mod","Aquatic",1,2,"91.214.211.2:10800"]],"status":"OK"}
'
[efz_netplay_mod][pid=292] StateExport: network ping=1->0 delay=0->0 seq=16143
[efz_netplay_mod][pid=292] StateExport: network ping=0->1 delay=0->0 seq=16181
[efz_netplay_mod][pid=292] StateExport: heartbeat seq=16200 activity=6 menu=0 screen=3 mode=2 phase=3 role=2 side=1 p1Wins=0 p2Wins=0 ping=1 delay=0 local='Aquatic_mod' p1='Aquatic' p2='Aquatic_mod' revival='1.02e' caps=0x2EF sessionId=1 setId=0 endReason=0
[efz_netplay_mod][pid=292] StateExport: network ping=1->0 delay=0->0 seq=16207
[efz_netplay_mod][pid=292] StateExport: network ping=0->1 delay=0->0 seq=16220
[efz_netplay_mod][pid=292] LobbySession::DoPollStatus: response='{"alias":"EFZ","challenges":[],"id":8380,"idle":[["Player",3]],"msg":"OK","playing":[["Aquatic_mod","Aquatic",1,2,"91.214.211.2:10800"]],"status":"OK"}
'
[efz_netplay_mod][pid=292] StateExport: network ping=1->0 delay=0->0 seq=16309
[efz_netplay_mod][pid=292] StateExport: network ping=0->1 delay=0->0 seq=16322
[efz_netplay_mod][pid=292] LobbySession::DoPollStatus: response='{"alias":"EFZ","challenges":[],"id":8380,"idle":[["Player",3]],"msg":"OK","playing":[["Aquatic_mod","Aquatic",1,2,"91.214.211.2:10800"]],"status":"OK"}
'
[efz_netplay_mod][pid=292] StateExport: network ping=1->0 delay=0->0 seq=16335
[efz_netplay_mod][pid=292] StateExport: network ping=0->2 delay=0->0 seq=16399
[efz_netplay_mod][pid=292] StateExport: network ping=2->0 delay=0->0 seq=16411
[efz_netplay_mod][pid=292] LobbySession::DoPollStatus: response='{"alias":"EFZ","challenges":[],"id":8380,"idle":[["Player",3]],"msg":"OK","playing":[["Aquatic_mod","Aquatic",1,2,"91.214.211.2:10800"]],"status":"OK"}
'
[efz_netplay_mod][pid=292] StateExport: network ping=0->1 delay=0->0 seq=16437
[efz_netplay_mod][pid=292] StateExport: network ping=1->0 delay=0->0 seq=16475
[efz_netplay_mod][pid=292] StateExport: network ping=0->1 delay=0->0 seq=16501
[efz_netplay_mod][pid=292] StateExport: network ping=1->0 delay=0->0 seq=16514
[efz_netplay_mod][pid=292] StateExport: network ping=0->1 delay=0->0 seq=16526
[efz_netplay_mod][pid=292] LobbySession::DoPollStatus: response='{"alias":"EFZ","challenges":[],"id":8380,"idle":[["Player",3]],"msg":"OK","playing":[["Aquatic_mod","Aquatic",1,2,"91.214.211.2:10800"]],"status":"OK"}
'
[efz_netplay_mod][pid=292] StateExport: network ping=1->0 delay=0->0 seq=16590
[efz_netplay_mod][pid=292] StateExport: network ping=0->1 delay=0->0 seq=16616
[efz_netplay_mod][pid=292] StateExport: network ping=1->0 delay=0->0 seq=16629
[efz_netplay_mod][pid=292] StateExport: network ping=0->1 delay=0->0 seq=16642
[efz_netplay_mod][pid=292] LobbySession::DoPollStatus: response='{"alias":"EFZ","challenges":[],"id":8380,"idle":[["Player",3]],"msg":"OK","playing":[["Aquatic_mod","Aquatic",1,2,"91.214.211.2:10800"]],"status":"OK"}
'
[efz_netplay_mod][pid=292] StateExport: network ping=1->0 delay=0->0 seq=16693
[efz_netplay_mod][pid=292] StateExport: network ping=0->1 delay=0->0 seq=16718
[efz_netplay_mod][pid=292] LobbySession::DoPollStatus: response='{"alias":"EFZ","challenges":[],"id":8380,"idle":[["Player",3]],"msg":"OK","playing":[["Aquatic_mod","Aquatic",1,2,"91.214.211.2:10800"]],"status":"OK"}
'
[efz_netplay_mod][pid=292] StateExport: network ping=1->0 delay=0->0 seq=16769
[efz_netplay_mod][pid=292] StateExport: heartbeat seq=16800 activity=6 menu=0 screen=3 mode=2 phase=3 role=2 side=1 p1Wins=0 p2Wins=0 ping=0 delay=0 local='Aquatic_mod' p1='Aquatic' p2='Aquatic_mod' revival='1.02e' caps=0x2EF sessionId=1 setId=0 endReason=0
[efz_netplay_mod][pid=292] StateExport: network ping=0->1 delay=0->0 seq=16808
[efz_netplay_mod][pid=292] StateExport: network ping=1->0 delay=0->0 seq=16820
[efz_netplay_mod][pid=292] StateExport: network ping=0->1 delay=0->0 seq=16833
[efz_netplay_mod][pid=292] LobbySession::DoPollStatus: response='{"alias":"EFZ","challenges":[],"id":8380,"idle":[["Player",3]],"msg":"OK","playing":[["Aquatic_mod","Aquatic",1,2,"91.214.211.2:10800"]],"status":"OK"}
'
[efz_netplay_mod][pid=292] StateExport: network ping=1->0 delay=0->0 seq=16923
[efz_netplay_mod][pid=292] StateExport: network ping=0->1 delay=0->0 seq=16935
[efz_netplay_mod][pid=292] LobbySession::DoPollStatus: response='{"alias":"EFZ","challenges":[],"id":8380,"idle":[["Player",3]],"msg":"OK","playing":[["Aquatic_mod","Aquatic",1,2,"91.214.211.2:10800"]],"status":"OK"}
'
[efz_netplay_mod][pid=292] StateExport: network ping=1->0 delay=0->0 seq=16974
[efz_netplay_mod][pid=292] StateExport: network ping=0->1 delay=0->0 seq=16987
[efz_netplay_mod][pid=292] StateExport: network ping=1->0 delay=0->0 seq=16999
[efz_netplay_mod][pid=292] StateExport: network ping=0->1 delay=0->0 seq=17012
[efz_netplay_mod][pid=292] StateExport: network ping=1->0 delay=0->0 seq=17025
[efz_netplay_mod][pid=292] StateExport: network ping=0->1 delay=0->0 seq=17038
[efz_netplay_mod][pid=292] StateExport: network ping=1->0 delay=0->0 seq=17050
[efz_netplay_mod][pid=292] StateExport: network ping=0->1 delay=0->0 seq=17063
[efz_netplay_mod][pid=292] LobbySession::DoPollStatus: response='{"alias":"EFZ","challenges":[],"id":8380,"idle":[["Player",3]],"msg":"OK","playing":[["Aquatic_mod","Aquatic",1,2,"91.214.211.2:10800"]],"status":"OK"}
'
[efz_netplay_mod][pid=292] StateExport: network ping=1->0 delay=0->0 seq=17114
[efz_netplay_mod][pid=292] StateExport: network ping=0->1 delay=0->0 seq=17140
[efz_netplay_mod][pid=292] LobbySession::DoPollStatus: response='{"alias":"EFZ","challenges":[],"id":8380,"idle":[["Player",3]],"msg":"OK","playing":[["Aquatic_mod","Aquatic",1,2,"91.214.211.2:10800"]],"status":"OK"}
'
[efz_netplay_mod][pid=292] StateExport: network ping=1->0 delay=0->0 seq=17178
[efz_netplay_mod][pid=292] StateExport: network ping=0->1 delay=0->0 seq=17191
[efz_netplay_mod][pid=292] StateExport: network ping=1->0 delay=0->0 seq=17216
[efz_netplay_mod][pid=292] StateExport: network ping=0->1 delay=0->0 seq=17229
[efz_netplay_mod][pid=292] StateExport: network ping=1->0 delay=0->0 seq=17255
[efz_netplay_mod][pid=292] LobbySession::DoPollStatus: response='{"alias":"EFZ","challenges":[],"id":8380,"idle":[["Player",3]],"msg":"OK","playing":[["Aquatic_mod","Aquatic",1,2,"91.214.211.2:10800"]],"status":"OK"}
'
[efz_netplay_mod][pid=292] StateExport: network ping=0->1 delay=0->0 seq=17306
[efz_netplay_mod][pid=292] StateExport: network ping=1->0 delay=0->0 seq=17319
[efz_netplay_mod][pid=292] StateExport: network ping=0->1 delay=0->0 seq=17332
[efz_netplay_mod][pid=292] StateExport: network ping=1->0 delay=0->0 seq=17357
[efz_netplay_mod][pid=292] StateExport: network ping=0->1 delay=0->0 seq=17370
[efz_netplay_mod][pid=292] LobbySession::DoPollStatus: response='{"alias":"EFZ","challenges":[],"id":8380,"idle":[["Player",3]],"msg":"OK","playing":[["Aquatic_mod","Aquatic",1,2,"91.214.211.2:10800"]],"status":"OK"}
'
[efz_netplay_mod][pid=292] StateExport: heartbeat seq=17400 activity=6 menu=0 screen=3 mode=2 phase=3 role=2 side=1 p1Wins=0 p2Wins=0 ping=1 delay=0 local='Aquatic_mod' p1='Aquatic' p2='Aquatic_mod' revival='1.02e' caps=0x2EF sessionId=1 setId=0 endReason=0
[efz_netplay_mod][pid=292] StateExport: network ping=1->0 delay=0->0 seq=17434
[efz_netplay_mod][pid=292] StateExport: network ping=0->1 delay=0->0 seq=17447
[efz_netplay_mod][pid=292] StateExport: network ping=1->0 delay=0->0 seq=17459
[efz_netplay_mod][pid=292] StateExport: network ping=0->1 delay=0->0 seq=17485
[efz_netplay_mod][pid=292] LobbySession::DoPollStatus: response='{"alias":"EFZ","challenges":[],"id":8380,"idle":[["Player",3]],"msg":"OK","playing":[["Aquatic_mod","Aquatic",1,2,"91.214.211.2:10800"]],"status":"OK"}
'
[efz_netplay_mod][pid=292] StateExport: network ping=1->0 delay=0->0 seq=17510
[efz_netplay_mod][pid=292] StateExport: network ping=0->1 delay=0->0 seq=17549
[efz_netplay_mod][pid=292] StateExport: network ping=1->0 delay=0->0 seq=17561
[efz_netplay_mod][pid=292] StateExport: network ping=0->1 delay=0->0 seq=17574
[efz_netplay_mod][pid=292] LobbySession::DoPollStatus: response='{"alias":"EFZ","challenges":[],"id":8380,"idle":[["Player",3]],"msg":"OK","playing":[["Aquatic_mod","Aquatic",1,2,"91.214.211.2:10800"]],"status":"OK"}
'
[efz_netplay_mod][pid=292] StateExport: network ping=1->0 delay=0->0 seq=17677
[efz_netplay_mod][pid=292] StateExport: network ping=0->1 delay=0->0 seq=17702
[efz_netplay_mod][pid=292] LobbySession::DoPollStatus: response='{"alias":"EFZ","challenges":[],"id":8380,"idle":[["Player",3]],"msg":"OK","playing":[["Aquatic_mod","Aquatic",1,2,"91.214.211.2:10800"]],"status":"OK"}
'
[efz_netplay_mod][pid=292] StateExport: network ping=1->0 delay=0->0 seq=17754
[efz_netplay_mod][pid=292] StateExport: network ping=0->1 delay=0->0 seq=17766
[efz_netplay_mod][pid=292] StateExport: network ping=1->0 delay=0->0 seq=17792
[efz_netplay_mod][pid=292] LobbySession::DoPollStatus: response='{"alias":"EFZ","challenges":[],"id":8380,"idle":[["Player",3]],"msg":"OK","playing":[["Aquatic_mod","Aquatic",1,2,"91.214.211.2:10800"]],"status":"OK"}
'
[efz_netplay_mod][pid=292] StateExport: network ping=0->1 delay=0->0 seq=17830
[efz_netplay_mod][pid=292] StateExport: network ping=1->0 delay=0->0 seq=17881
[efz_netplay_mod][pid=292] StateExport: network ping=0->1 delay=0->0 seq=17907
[efz_netplay_mod][pid=292] LobbySession::DoPollStatus: response='{"alias":"EFZ","challenges":[],"id":8380,"idle":[["Player",3]],"msg":"OK","playing":[["Aquatic_mod","Aquatic",1,2,"91.214.211.2:10800"]],"status":"OK"}
'
[efz_netplay_mod][pid=292] StateExport: network ping=1->0 delay=0->0 seq=17919
[efz_netplay_mod][pid=292] StateExport: network ping=0->1 delay=0->0 seq=17945
[efz_netplay_mod][pid=292] StateExport: network ping=1->0 delay=0->0 seq=17958
[efz_netplay_mod][pid=292] StateExport: network ping=0->1 delay=0->0 seq=17983
[efz_netplay_mod][pid=292] StateExport: network ping=1->0 delay=0->0 seq=17996
[efz_netplay_mod][pid=292] StateExport: heartbeat seq=18000 activity=6 menu=0 screen=3 mode=2 phase=3 role=2 side=1 p1Wins=0 p2Wins=0 ping=0 delay=0 local='Aquatic_mod' p1='Aquatic' p2='Aquatic_mod' revival='1.02e' caps=0x2EF sessionId=1 setId=0 endReason=0
[efz_netplay_mod][pid=292] StateExport: network ping=0->1 delay=0->0 seq=18009
[efz_netplay_mod][pid=292] LobbySession::DoPollStatus: response='{"alias":"EFZ","challenges":[],"id":8380,"idle":[["Player",3]],"msg":"OK","playing":[["Aquatic_mod","Aquatic",1,2,"91.214.211.2:10800"]],"status":"OK"}
'
[efz_netplay_mod][pid=292] StateExport: network ping=1->0 delay=0->0 seq=18021
[efz_netplay_mod][pid=292] StateExport: network ping=0->1 delay=0->0 seq=18035
[efz_netplay_mod][pid=292] StateExport: network ping=1->0 delay=0->0 seq=18048
[efz_netplay_mod][pid=292] StateExport: network ping=0->1 delay=0->0 seq=18060
[efz_netplay_mod][pid=292] StateExport: network ping=1->0 delay=0->0 seq=18073
[efz_netplay_mod][pid=292] StateExport: network ping=0->1 delay=0->0 seq=18085
[efz_netplay_mod][pid=292] StateExport: network ping=1->0 delay=0->0 seq=18111
[efz_netplay_mod][pid=292] StateExport: network ping=0->1 delay=0->0 seq=18124
[efz_netplay_mod][pid=292] LobbySession::DoPollStatus: response='{"alias":"EFZ","challenges":[],"id":8380,"idle":[["Player",3]],"msg":"OK","playing":[["Aquatic_mod","Aquatic",1,2,"91.214.211.2:10800"]],"status":"OK"}
'
[efz_netplay_mod][pid=292] StateExport: network ping=1->0 delay=0->0 seq=18162
[efz_netplay_mod][pid=292] StateExport: network ping=0->1 delay=0->0 seq=18188
[efz_netplay_mod][pid=292] StateExport: network ping=1->0 delay=0->0 seq=18226
[efz_netplay_mod][pid=292] LobbySession::DoPollStatus: response='{"alias":"EFZ","challenges":[],"id":8380,"idle":[["Player",3]],"msg":"OK","playing":[["Aquatic_mod","Aquatic",1,2,"91.214.211.2:10800"]],"status":"OK"}
'
[efz_netplay_mod][pid=292] StateExport: network ping=0->1 delay=0->0 seq=18239
[efz_netplay_mod][pid=292] StateExport: network ping=1->0 delay=0->0 seq=18277
[efz_netplay_mod][pid=292] StateExport: network ping=0->1 delay=0->0 seq=18316
[efz_netplay_mod][pid=292] LobbySession::DoPollStatus: response='{"alias":"EFZ","challenges":[],"id":8380,"idle":[["Player",3]],"msg":"OK","playing":[["Aquatic_mod","Aquatic",1,2,"91.214.211.2:10800"]],"status":"OK"}
'
[efz_netplay_mod][pid=292] StateExport: network ping=1->0 delay=0->0 seq=18380
[efz_netplay_mod][pid=292] StateExport: network ping=0->1 delay=0->0 seq=18418
[efz_netplay_mod][pid=292] LobbySession::DoPollStatus: response='{"alias":"EFZ","challenges":[],"id":8380,"idle":[["Player",3]],"msg":"OK","playing":[["Aquatic_mod","Aquatic",1,2,"91.214.211.2:10800"]],"status":"OK"}
'
[efz_netplay_mod][pid=292] StateExport: network ping=1->0 delay=0->0 seq=18456
[efz_netplay_mod][pid=292] StateExport: network ping=0->1 delay=0->0 seq=18469
[efz_netplay_mod][pid=292] StateExport: network ping=1->0 delay=0->0 seq=18533
[efz_netplay_mod][pid=292] StateExport: network ping=0->1 delay=0->0 seq=18546
[efz_netplay_mod][pid=292] LobbySession::DoPollStatus: response='{"alias":"EFZ","challenges":[],"id":8380,"idle":[["Player",3]],"msg":"OK","playing":[["Aquatic_mod","Aquatic",1,2,"91.214.211.2:10800"]],"status":"OK"}
'
[efz_netplay_mod][pid=292] StateExport: network ping=1->0 delay=0->0 seq=18571
[efz_netplay_mod][pid=292] StateExport: network ping=0->1 delay=0->0 seq=18584
[efz_netplay_mod][pid=292] StateExport: heartbeat seq=18600 activity=6 menu=0 screen=3 mode=2 phase=3 role=2 side=1 p1Wins=0 p2Wins=0 ping=1 delay=0 local='Aquatic_mod' p1='Aquatic' p2='Aquatic_mod' revival='1.02e' caps=0x2EF sessionId=1 setId=0 endReason=0
[efz_netplay_mod][pid=292] LobbySession::DoPollStatus: response='{"alias":"EFZ","challenges":[],"id":8380,"idle":[["Player",3]],"msg":"OK","playing":[["Aquatic_mod","Aquatic",1,2,"91.214.211.2:10800"]],"status":"OK"}
'
[efz_netplay_mod][pid=292] StateExport: network ping=1->0 delay=0->0 seq=18673
[efz_netplay_mod][pid=292] StateExport: network ping=0->1 delay=0->0 seq=18699
[efz_netplay_mod][pid=292] StateExport: network ping=1->0 delay=0->0 seq=18711
[efz_netplay_mod][pid=292] StateExport: network ping=0->1 delay=0->0 seq=18725
[efz_netplay_mod][pid=292] StateExport: network ping=1->0 delay=0->0 seq=18737
[efz_netplay_mod][pid=292] StateExport: network ping=0->1 delay=0->0 seq=18750
[efz_netplay_mod][pid=292] StateExport: network ping=1->0 delay=0->0 seq=18763
[efz_netplay_mod][pid=292] LobbySession::DoPollStatus: response='{"alias":"EFZ","challenges":[],"id":8380,"idle":[["Player",3]],"msg":"OK","playing":[["Aquatic_mod","Aquatic",1,2,"91.214.211.2:10800"]],"status":"OK"}
'
[efz_netplay_mod][pid=292] StateExport: network ping=0->1 delay=0->0 seq=18776
[efz_netplay_mod][pid=292] StateExport: network ping=1->0 delay=0->0 seq=18789
[efz_netplay_mod][pid=292] StateExport: network ping=0->1 delay=0->0 seq=18814
[efz_netplay_mod][pid=292] StateExport: network ping=1->0 delay=0->0 seq=18839
[efz_netplay_mod][pid=292] StateExport: network ping=0->1 delay=0->0 seq=18865
[efz_netplay_mod][pid=292] StateExport: network ping=1->0 delay=0->0 seq=18890
[efz_netplay_mod][pid=292] LobbySession::DoPollStatus: response='{"alias":"EFZ","challenges":[],"id":8380,"idle":[["Player",3]],"msg":"OK","playing":[["Aquatic_mod","Aquatic",1,2,"91.214.211.2:10800"]],"status":"OK"}
'
[efz_netplay_mod][pid=292] StateExport: network ping=0->1 delay=0->0 seq=18903
[efz_netplay_mod][pid=292] StateExport: network ping=1->0 delay=0->0 seq=18916
[efz_netplay_mod][pid=292] StateExport: network ping=0->1 delay=0->0 seq=18929
[efz_netplay_mod][pid=292] StateExport: network ping=1->0 delay=0->0 seq=18967
[efz_netplay_mod][pid=292] StateExport: network ping=0->1 delay=0->0 seq=18980
[efz_netplay_mod][pid=292] StateExport: network ping=1->0 delay=0->0 seq=18993
[efz_netplay_mod][pid=292] LobbySession::DoPollStatus: response='{"alias":"EFZ","challenges":[],"id":8380,"idle":[["Player",3]],"msg":"OK","playing":[["Aquatic_mod","Aquatic",1,2,"91.214.211.2:10800"]],"status":"OK"}
'
[efz_netplay_mod][pid=292] StateExport: network ping=0->1 delay=0->0 seq=19018
[efz_netplay_mod][pid=292] StateExport: network ping=1->0 delay=0->0 seq=19044
[efz_netplay_mod][pid=292] StateExport: network ping=0->1 delay=0->0 seq=19057
[efz_netplay_mod][pid=292] StateExport: network ping=1->0 delay=0->0 seq=19069
[efz_netplay_mod][pid=292] StateExport: network ping=0->1 delay=0->0 seq=19083
[efz_netplay_mod][pid=292] LobbySession::DoPollStatus: response='{"alias":"EFZ","challenges":[],"id":8380,"idle":[["Player",3]],"msg":"OK","playing":[["Aquatic_mod","Aquatic",1,2,"91.214.211.2:10800"]],"status":"OK"}
'
[efz_netplay_mod][pid=292] StateExport: network ping=1->0 delay=0->0 seq=19133
[efz_netplay_mod][pid=292] StateExport: network ping=0->1 delay=0->0 seq=19159
[efz_netplay_mod][pid=292] StateExport: network ping=1->0 delay=0->0 seq=19172
[efz_netplay_mod][pid=292] StateExport: network ping=0->1 delay=0->0 seq=19197
[efz_netplay_mod][pid=292] StateExport: heartbeat seq=19200 activity=6 menu=0 screen=3 mode=2 phase=3 role=2 side=1 p1Wins=0 p2Wins=0 ping=1 delay=0 local='Aquatic_mod' p1='Aquatic' p2='Aquatic_mod' revival='1.02e' caps=0x2EF sessionId=1 setId=0 endReason=0
[efz_netplay_mod][pid=292] LobbySession::DoPollStatus: response='{"alias":"EFZ","challenges":[],"id":8380,"idle":[["Player",3]],"msg":"OK","playing":[["Aquatic_mod","Aquatic",1,2,"91.214.211.2:10800"]],"status":"OK"}
'
[efz_netplay_mod][pid=292] StateExport: network ping=1->0 delay=0->0 seq=19223
[efz_netplay_mod][pid=292] StateExport: network ping=0->1 delay=0->0 seq=19236
[efz_netplay_mod][pid=292] StateExport: network ping=1->0 delay=0->0 seq=19274
[efz_netplay_mod][pid=292] StateExport: network ping=0->1 delay=0->0 seq=19287
[efz_netplay_mod][pid=292] LobbySession::DoPollStatus: response='{"alias":"EFZ","challenges":[],"id":8380,"idle":[["Player",3]],"msg":"OK","playing":[["Aquatic_mod","Aquatic",1,2,"91.214.211.2:10800"]],"status":"OK"}
'
[efz_netplay_mod][pid=292] StateExport: network ping=1->0 delay=0->0 seq=19338
[efz_netplay_mod][pid=292] StateExport: network ping=0->1 delay=0->0 seq=19363
[efz_netplay_mod][pid=292] LobbySession::DoPollStatus: response='{"alias":"EFZ","challenges":[],"id":8380,"idle":[["Player",3]],"msg":"OK","playing":[["Aquatic_mod","Aquatic",1,2,"91.214.211.2:10800"]],"status":"OK"}
'
[efz_netplay_mod][pid=292] StateExport: network ping=1->0 delay=0->0 seq=19453
[efz_netplay_mod][pid=292] StateExport: network ping=0->1 delay=0->0 seq=19466
[efz_netplay_mod][pid=292] StateExport: network ping=1->0 delay=0->0 seq=19504
[efz_netplay_mod][pid=292] StateExport: network ping=0->1 delay=0->0 seq=19517
[efz_netplay_mod][pid=292] LobbySession::DoPollStatus: response='{"alias":"EFZ","challenges":[],"id":8380,"idle":[["Player",3]],"msg":"OK","playing":[["Aquatic_mod","Aquatic",1,2,"91.214.211.2:10800"]],"status":"OK"}
'
[efz_netplay_mod][pid=292] StateExport: network ping=1->0 delay=0->0 seq=19530
[efz_netplay_mod][pid=292] StateExport: network ping=0->1 delay=0->0 seq=19543
[efz_netplay_mod][pid=292] StateExport: network ping=1->0 delay=0->0 seq=19555
[efz_netplay_mod][pid=292] StateExport: network ping=0->1 delay=0->0 seq=19568
[efz_netplay_mod][pid=292] StateExport: network ping=1->0 delay=0->0 seq=19619
[efz_netplay_mod][pid=292] LobbySession::DoPollStatus: response='{"alias":"EFZ","challenges":[],"id":8380,"idle":[["Player",3]],"msg":"OK","playing":[["Aquatic_mod","Aquatic",1,2,"91.214.211.2:10800"]],"status":"OK"}
'
[efz_netplay_mod][pid=292] StateExport: network ping=0->1 delay=0->0 seq=19632
[efz_netplay_mod][pid=292] StateExport: network ping=1->0 delay=0->0 seq=19670
[efz_netplay_mod][pid=292] StateExport: network ping=0->1 delay=0->0 seq=19695
[efz_netplay_mod][pid=292] LobbySession::DoPollStatus: response='{"alias":"EFZ","challenges":[],"id":8380,"idle":[["Player",3]],"msg":"OK","playing":[["Aquatic_mod","Aquatic",1,2,"91.214.211.2:10800"]],"status":"OK"}
'
[efz_netplay_mod][pid=292] StateExport: network ping=1->0 delay=0->0 seq=19747
[efz_netplay_mod][pid=292] StateExport: network ping=0->1 delay=0->0 seq=19772
[efz_netplay_mod][pid=292] StateExport: network ping=1->0 delay=0->0 seq=19785
[efz_netplay_mod][pid=292] StateExport: heartbeat seq=19800 activity=6 menu=0 screen=3 mode=2 phase=3 role=2 side=1 p1Wins=0 p2Wins=0 ping=0 delay=0 local='Aquatic_mod' p1='Aquatic' p2='Aquatic_mod' revival='1.02e' caps=0x2EF sessionId=1 setId=0 endReason=0
[efz_netplay_mod][pid=292] StateExport: network ping=0->1 delay=0->0 seq=19811
[efz_netplay_mod][pid=292] StateExport: network ping=1->0 delay=0->0 seq=19836
[efz_netplay_mod][pid=292] LobbySession::DoPollStatus: response='{"alias":"EFZ","challenges":[],"id":8380,"idle":[["Player",3]],"msg":"OK","playing":[["Aquatic_mod","Aquatic",1,2,"91.214.211.2:10800"]],"status":"OK"}
'
[efz_netplay_mod][pid=292] StateExport: network ping=0->1 delay=0->0 seq=19875
[efz_netplay_mod][pid=292] StateExport: network ping=1->0 delay=0->0 seq=19887
[efz_netplay_mod][pid=292] StateExport: network ping=0->1 delay=0->0 seq=19913
[efz_netplay_mod][pid=292] LobbySession::DoPollStatus: response='{"alias":"EFZ","challenges":[],"id":8380,"idle":[["Player",3]],"msg":"OK","playing":[["Aquatic_mod","Aquatic",1,2,"91.214.211.2:10800"]],"status":"OK"}
'
[efz_netplay_mod][pid=292] StateExport: network ping=1->0 delay=0->0 seq=19977
[efz_netplay_mod][pid=292] StateExport: network ping=0->1 delay=0->0 seq=19990
[efz_netplay_mod][pid=292] StateExport: network ping=1->0 delay=0->0 seq=20015
[efz_netplay_mod][pid=292] StateExport: network ping=0->1 delay=0->0 seq=20028
[efz_netplay_mod][pid=292] StateExport: network ping=1->0 delay=0->0 seq=20041
[efz_netplay_mod][pid=292] LobbySession::DoPollStatus: response='{"alias":"EFZ","challenges":[],"id":8380,"idle":[["Player",3]],"msg":"OK","playing":[["Aquatic_mod","Aquatic",1,2,"91.214.211.2:10800"]],"status":"OK"}
'
[efz_netplay_mod][pid=292] StateExport: network ping=0->1 delay=0->0 seq=20066
[efz_netplay_mod][pid=292] StateExport: network ping=1->0 delay=0->0 seq=20092
[efz_netplay_mod][pid=292] StateExport: network ping=0->1 delay=0->0 seq=20105
[efz_netplay_mod][pid=292] StateExport: network ping=1->0 delay=0->0 seq=20117
[efz_netplay_mod][pid=292] StateExport: network ping=0->1 delay=0->0 seq=20156
[efz_netplay_mod][pid=292] LobbySession::DoPollStatus: response='{"alias":"EFZ","challenges":[],"id":8380,"idle":[["Player",3]],"msg":"OK","playing":[["Aquatic_mod","Aquatic",1,2,"91.214.211.2:10800"]],"status":"OK"}
'
[efz_netplay_mod][pid=292] StateExport: network ping=1->0 delay=0->0 seq=20181
[efz_netplay_mod][pid=292] StateExport: network ping=0->1 delay=0->0 seq=20232
[efz_netplay_mod][pid=292] StateExport: network ping=1->0 delay=0->0 seq=20245
[efz_netplay_mod][pid=292] StateExport: network ping=0->1 delay=0->0 seq=20258
[efz_netplay_mod][pid=292] LobbySession::DoPollStatus: response='{"alias":"EFZ","challenges":[],"id":8380,"idle":[["Player",3]],"msg":"OK","playing":[["Aquatic_mod","Aquatic",1,2,"91.214.211.2:10800"]],"status":"OK"}
'
[efz_netplay_mod][pid=292] StateExport: network ping=1->0 delay=0->0 seq=20283
[efz_netplay_mod][pid=292] StateExport: network ping=0->1 delay=0->0 seq=20296
[efz_netplay_mod][pid=292] LobbySession::DoPollStatus: response='{"alias":"EFZ","challenges":[],"id":8380,"idle":[["Player",3]],"msg":"OK","playing":[["Aquatic_mod","Aquatic",1,2,"91.214.211.2:10800"]],"status":"OK"}
'
[efz_netplay_mod][pid=292] StateExport: network ping=1->0 delay=0->0 seq=20386
[efz_netplay_mod][pid=292] StateExport: heartbeat seq=20400 activity=6 menu=0 screen=3 mode=2 phase=3 role=2 side=1 p1Wins=0 p2Wins=0 ping=0 delay=0 local='Aquatic_mod' p1='Aquatic' p2='Aquatic_mod' revival='1.02e' caps=0x2EF sessionId=1 setId=0 endReason=0
[efz_netplay_mod][pid=292] StateExport: network ping=0->1 delay=0->0 seq=20411
[efz_netplay_mod][pid=292] StateExport: network ping=1->0 delay=0->0 seq=20450
[efz_netplay_mod][pid=292] LobbySession::DoPollStatus: response='{"alias":"EFZ","challenges":[],"id":8380,"idle":[["Player",3]],"msg":"OK","playing":[["Aquatic_mod","Aquatic",1,2,"91.214.211.2:10800"]],"status":"OK"}
'
[efz_netplay_mod][pid=292] StateExport: network ping=0->1 delay=0->0 seq=20488
[efz_netplay_mod][pid=292] StateExport: network ping=1->0 delay=0->0 seq=20514
[efz_netplay_mod][pid=292] StateExport: network ping=0->1 delay=0->0 seq=20565
[efz_netplay_mod][pid=292] StateExport: network ping=1->0 delay=0->0 seq=20577
[efz_netplay_mod][pid=292] LobbySession::DoPollStatus: response='{"alias":"EFZ","challenges":[],"id":8380,"idle":[["Player",3]],"msg":"OK","playing":[["Aquatic_mod","Aquatic",1,2,"91.214.211.2:10800"]],"status":"OK"}
'
[efz_netplay_mod][pid=292] StateExport: network ping=0->1 delay=0->0 seq=20590
[efz_netplay_mod][pid=292] StateExport: network ping=1->0 delay=0->0 seq=20603
[efz_netplay_mod][pid=292] StateExport: network ping=0->1 delay=0->0 seq=20616
[efz_netplay_mod][pid=292] StateExport: network ping=1->0 delay=0->0 seq=20629
[efz_netplay_mod][pid=292] StateExport: network ping=0->1 delay=0->0 seq=20641
[efz_netplay_mod][pid=292] StateExport: network ping=1->0 delay=0->0 seq=20654
[efz_netplay_mod][pid=292] LobbySession::DoPollStatus: response='{"alias":"EFZ","challenges":[],"id":8380,"idle":[["Player",3]],"msg":"OK","playing":[["Aquatic_mod","Aquatic",1,2,"91.214.211.2:10800"]],"status":"OK"}
'
[efz_netplay_mod][pid=292] StateExport: network ping=0->1 delay=0->0 seq=20693
[efz_netplay_mod][pid=292] StateExport: network ping=1->0 delay=0->0 seq=20730
[efz_netplay_mod][pid=292] StateExport: network ping=0->1 delay=0->0 seq=20756
[efz_netplay_mod][pid=292] StateExport: network ping=1->0 delay=0->0 seq=20795
[efz_netplay_mod][pid=292] LobbySession::DoPollStatus: response='{"alias":"EFZ","challenges":[],"id":8380,"idle":[["Player",3]],"msg":"OK","playing":[["Aquatic_mod","Aquatic",1,2,"91.214.211.2:10800"]],"status":"OK"}
'
[efz_netplay_mod][pid=292] StateExport: network ping=0->1 delay=0->0 seq=20820
[efz_netplay_mod][pid=292] StateExport: network ping=1->2 delay=0->0 seq=20833
[efz_netplay_mod][pid=292] StateExport: network ping=2->1 delay=0->0 seq=20846
[efz_netplay_mod][pid=292] StateExport: network ping=1->0 delay=0->0 seq=20859
[efz_netplay_mod][pid=292] StateExport: network ping=0->1 delay=0->0 seq=20897
[efz_netplay_mod][pid=292] LobbySession::DoPollStatus: response='{"alias":"EFZ","challenges":[],"id":8380,"idle":[["Player",3]],"msg":"OK","playing":[["Aquatic_mod","Aquatic",1,2,"91.214.211.2:10800"]],"status":"OK"}
'
[efz_netplay_mod][pid=292] StateExport: network ping=1->0 delay=0->0 seq=20935
[efz_netplay_mod][pid=292] StateExport: network ping=0->1 delay=0->0 seq=20949
[efz_netplay_mod][pid=292] StateExport: network ping=1->0 delay=0->0 seq=20986
[efz_netplay_mod][pid=292] StateExport: heartbeat seq=21000 activity=6 menu=0 screen=3 mode=2 phase=3 role=2 side=1 p1Wins=0 p2Wins=0 ping=0 delay=0 local='Aquatic_mod' p1='Aquatic' p2='Aquatic_mod' revival='1.02e' caps=0x2EF sessionId=1 setId=0 endReason=0
[efz_netplay_mod][pid=292] LobbySession::DoPollStatus: response='{"alias":"EFZ","challenges":[],"id":8380,"idle":[["Player",3]],"msg":"OK","playing":[["Aquatic_mod","Aquatic",1,2,"91.214.211.2:10800"]],"status":"OK"}
'
[efz_netplay_mod][pid=292] StateExport: network ping=0->1 delay=0->0 seq=21012
[efz_netplay_mod][pid=292] StateExport: network ping=1->0 delay=0->0 seq=21037
[efz_netplay_mod][pid=292] StateExport: network ping=0->1 delay=0->0 seq=21050
[efz_netplay_mod][pid=292] StateExport: network ping=1->0 delay=0->0 seq=21063
[efz_netplay_mod][pid=292] StateExport: network ping=0->1 delay=0->0 seq=21076
[efz_netplay_mod][pid=292] StateExport: network ping=1->0 delay=0->0 seq=21089
[efz_netplay_mod][pid=292] StateExport: network ping=0->1 delay=0->0 seq=21101
[efz_netplay_mod][pid=292] StateExport: network ping=1->0 delay=0->0 seq=21114
[efz_netplay_mod][pid=292] LobbySession::DoPollStatus: response='{"alias":"EFZ","challenges":[],"id":8380,"idle":[["Player",3]],"msg":"OK","playing":[["Aquatic_mod","Aquatic",1,2,"91.214.211.2:10800"]],"status":"OK"}
'
[efz_netplay_mod][pid=292] StateExport: network ping=0->1 delay=0->0 seq=21127
[efz_netplay_mod][pid=292] StateExport: network ping=1->0 delay=0->0 seq=21153
[efz_netplay_mod][pid=292] StateExport: network ping=0->1 delay=0->0 seq=21178
[efz_netplay_mod][pid=292] StateExport: network ping=1->0 delay=0->0 seq=21191
[efz_netplay_mod][pid=292] StateExport: network ping=0->1 delay=0->0 seq=21204
[efz_netplay_mod][pid=292] LobbySession::DoPollStatus: response='{"alias":"EFZ","challenges":[],"id":8380,"idle":[["Player",3]],"msg":"OK","playing":[["Aquatic_mod","Aquatic",1,2,"91.214.211.2:10800"]],"status":"OK"}
'
[efz_netplay_mod][pid=292] StateExport: network ping=1->0 delay=0->0 seq=21229
[efz_netplay_mod][pid=292] StateExport: network ping=0->1 delay=0->0 seq=21255
[efz_netplay_mod][pid=292] LobbySession::DoPollStatus: response='{"alias":"EFZ","challenges":[],"id":8380,"idle":[["Player",3]],"msg":"OK","playing":[["Aquatic_mod","Aquatic",1,2,"91.214.211.2:10800"]],"status":"OK"}
'
[efz_netplay_mod][pid=292] StateExport: network ping=1->0 delay=0->0 seq=21331
[efz_netplay_mod][pid=292] StateExport: network ping=0->1 delay=0->0 seq=21408
[efz_netplay_mod][pid=292] StateExport: network ping=1->0 delay=0->0 seq=21421
[efz_netplay_mod][pid=292] LobbySession::DoPollStatus: response='{"alias":"EFZ","challenges":[],"id":8380,"idle":[["Player",3]],"msg":"OK","playing":[["Aquatic_mod","Aquatic",1,2,"91.214.211.2:10800"]],"status":"OK"}
'
[efz_netplay_mod][pid=292] StateExport: network ping=0->1 delay=0->0 seq=21459
[efz_netplay_mod][pid=292] StateExport: network ping=1->0 delay=0->0 seq=21497
[efz_netplay_mod][pid=292] StateExport: network ping=0->1 delay=0->0 seq=21510
[efz_netplay_mod][pid=292] LobbySession::DoPollStatus: response='{"alias":"EFZ","challenges":[],"id":8380,"idle":[["Player",3]],"msg":"OK","playing":[["Aquatic_mod","Aquatic",1,2,"91.214.211.2:10800"]],"status":"OK"}
'
[efz_netplay_mod][pid=292] StateExport: network ping=1->0 delay=0->0 seq=21548
[efz_netplay_mod][pid=292] StateExport: network ping=0->1 delay=0->0 seq=21574
[efz_netplay_mod][pid=292] StateExport: network ping=1->0 delay=0->0 seq=21600
[efz_netplay_mod][pid=292] StateExport: heartbeat seq=21600 activity=6 menu=0 screen=3 mode=2 phase=3 role=2 side=1 p1Wins=0 p2Wins=0 ping=0 delay=0 local='Aquatic_mod' p1='Aquatic' p2='Aquatic_mod' revival='1.02e' caps=0x2EF sessionId=1 setId=0 endReason=0
[efz_netplay_mod][pid=292] StateExport: network ping=0->1 delay=0->0 seq=21612
[efz_netplay_mod][pid=292] StateExport: network ping=1->0 delay=0->0 seq=21625
[efz_netplay_mod][pid=292] LobbySession::DoPollStatus: response='{"alias":"EFZ","challenges":[],"id":8380,"idle":[["Player",3]],"msg":"OK","playing":[["Aquatic_mod","Aquatic",1,2,"91.214.211.2:10800"]],"status":"OK"}
'
[efz_netplay_mod][pid=292] StateExport: network ping=0->1 delay=0->0 seq=21651
[efz_netplay_mod][pid=292] StateExport: network ping=1->0 delay=0->0 seq=21676
[efz_netplay_mod][pid=292] StateExport: network ping=0->1 delay=0->0 seq=21689
[efz_netplay_mod][pid=292] StateExport: network ping=1->0 delay=0->0 seq=21702
[efz_netplay_mod][pid=292] StateExport: network ping=0->1 delay=0->0 seq=21715
[efz_netplay_mod][pid=292] StateExport: network ping=1->0 delay=0->0 seq=21727
[efz_netplay_mod][pid=292] LobbySession::DoPollStatus: response='{"alias":"EFZ","challenges":[],"id":8380,"idle":[["Player",3]],"msg":"OK","playing":[["Aquatic_mod","Aquatic",1,2,"91.214.211.2:10800"]],"status":"OK"}
'
[efz_netplay_mod][pid=292] StateExport: network ping=0->1 delay=0->0 seq=21753
[efz_netplay_mod][pid=292] StateExport: network ping=1->0 delay=0->0 seq=21766
[efz_netplay_mod][pid=292] StateExport: network ping=0->1 delay=0->0 seq=21779
[efz_netplay_mod][pid=292] StateExport: network ping=1->0 delay=0->0 seq=21791
[efz_netplay_mod][pid=292] StateExport: network ping=0->1 delay=0->0 seq=21817
[efz_netplay_mod][pid=292] StateExport: network ping=1->0 delay=0->0 seq=21843
[efz_netplay_mod][pid=292] LobbySession::DoPollStatus: response='{"alias":"EFZ","challenges":[],"id":8380,"idle":[["Player",3]],"msg":"OK","playing":[["Aquatic_mod","Aquatic",1,2,"91.214.211.2:10800"]],"status":"OK"}
'
[efz_netplay_mod][pid=292] StateExport: network ping=0->1 delay=0->0 seq=21868
[efz_netplay_mod][pid=292] StateExport: network ping=1->0 delay=0->0 seq=21881
[efz_netplay_mod][pid=292] StateExport: network ping=0->1 delay=0->0 seq=21907
[efz_netplay_mod][pid=292] StateExport: network ping=1->0 delay=0->0 seq=21945
[efz_netplay_mod][pid=292] LobbySession::DoPollStatus: response='{"alias":"EFZ","challenges":[],"id":8380,"idle":[["Player",3]],"msg":"OK","playing":[["Aquatic_mod","Aquatic",1,2,"91.214.211.2:10800"]],"status":"OK"}
'
[efz_netplay_mod][pid=292] StateExport: network ping=0->1 delay=0->0 seq=22009
[efz_netplay_mod][pid=292] StateExport: network ping=1->0 delay=0->0 seq=22047
[efz_netplay_mod][pid=292] LobbySession::DoPollStatus: response='{"alias":"EFZ","challenges":[],"id":8380,"idle":[["Player",3]],"msg":"OK","playing":[["Aquatic_mod","Aquatic",1,2,"91.214.211.2:10800"]],"status":"OK"}
'
[efz_netplay_mod][pid=292] StateExport: network ping=0->1 delay=0->0 seq=22073
[efz_netplay_mod][pid=292] StateExport: network ping=1->0 delay=0->0 seq=22149
[efz_netplay_mod][pid=292] StateExport: network ping=0->1 delay=0->0 seq=22162
[efz_netplay_mod][pid=292] LobbySession::DoPollStatus: response='{"alias":"EFZ","challenges":[],"id":8380,"idle":[["Player",3]],"msg":"OK","playing":[["Aquatic_mod","Aquatic",1,2,"91.214.211.2:10800"]],"status":"OK"}
'
[efz_netplay_mod][pid=292] StateExport: network ping=1->0 delay=0->0 seq=22175
[efz_netplay_mod][pid=292] StateExport: heartbeat seq=22200 activity=6 menu=0 screen=3 mode=2 phase=3 role=2 side=1 p1Wins=0 p2Wins=0 ping=0 delay=0 local='Aquatic_mod' p1='Aquatic' p2='Aquatic_mod' revival='1.02e' caps=0x2EF sessionId=1 setId=0 endReason=0
[efz_netplay_mod][pid=292] StateExport: network ping=0->1 delay=0->0 seq=22201
[efz_netplay_mod][pid=292] StateExport: network ping=1->2 delay=0->0 seq=22239
[efz_netplay_mod][pid=292] StateExport: network ping=2->1 delay=0->0 seq=22251
[efz_netplay_mod][pid=292] StateExport: network ping=1->0 delay=0->0 seq=22264
[efz_netplay_mod][pid=292] StateExport: network ping=0->1 delay=0->0 seq=22277
[efz_netplay_mod][pid=292] LobbySession::DoPollStatus: response='{"alias":"EFZ","challenges":[],"id":8380,"idle":[["Player",3]],"msg":"OK","playing":[["Aquatic_mod","Aquatic",1,2,"91.214.211.2:10800"]],"status":"OK"}
'
[efz_netplay_mod][pid=292] StateExport: network ping=1->0 delay=0->0 seq=22290
[efz_netplay_mod][pid=292] StateExport: network ping=0->1 delay=0->0 seq=22366
[efz_netplay_mod][pid=292] StateExport: network ping=1->0 delay=0->0 seq=22379
[efz_netplay_mod][pid=292] LobbySession::DoPollStatus: response='{"alias":"EFZ","challenges":[],"id":8380,"idle":[["Player",3]],"msg":"OK","playing":[["Aquatic_mod","Aquatic",1,2,"91.214.211.2:10800"]],"status":"OK"}
'
[efz_netplay_mod][pid=292] StateExport: network ping=0->1 delay=0->0 seq=22430
[efz_netplay_mod][pid=292] LobbySession::DoPollStatus: response='{"alias":"EFZ","challenges":[],"id":8380,"idle":[["Player",3]],"msg":"OK","playing":[["Aquatic_mod","Aquatic",1,2,"91.214.211.2:10800"]],"status":"OK"}
'
[efz_netplay_mod][pid=292] StateExport: network ping=1->0 delay=0->0 seq=22494
[efz_netplay_mod][pid=292] StateExport: network ping=0->1 delay=0->0 seq=22507
[efz_netplay_mod][pid=292] StateExport: network ping=1->0 delay=0->0 seq=22545
[efz_netplay_mod][pid=292] StateExport: network ping=0->1 delay=0->0 seq=22558
[efz_netplay_mod][pid=292] LobbySession::DoPollStatus: response='{"alias":"EFZ","challenges":[],"id":8380,"idle":[["Player",3]],"msg":"OK","playing":[["Aquatic_mod","Aquatic",1,2,"91.214.211.2:10800"]],"status":"OK"}
'
[efz_netplay_mod][pid=292] StateExport: network ping=1->0 delay=0->0 seq=22597
[efz_netplay_mod][pid=292] StateExport: network ping=0->1 delay=0->0 seq=22609
[efz_netplay_mod][pid=292] StateExport: network ping=1->0 delay=0->0 seq=22648
[efz_netplay_mod][pid=292] StateExport: network ping=0->1 delay=0->0 seq=22673
[efz_netplay_mod][pid=292] LobbySession::DoPollStatus: response='{"alias":"EFZ","challenges":[],"id":8380,"idle":[["Player",3]],"msg":"OK","playing":[["Aquatic_mod","Aquatic",1,2,"91.214.211.2:10800"]],"status":"OK"}
'
[efz_netplay_mod][pid=292] StateExport: network ping=1->0 delay=0->0 seq=22724
[efz_netplay_mod][pid=292] StateExport: network ping=0->1 delay=0->0 seq=22737
[efz_netplay_mod][pid=292] StateExport: network ping=1->0 delay=0->0 seq=22750
[efz_netplay_mod][pid=292] StateExport: network ping=0->1 delay=0->0 seq=22763
[efz_netplay_mod][pid=292] StateExport: heartbeat seq=22800 activity=6 menu=0 screen=3 mode=2 phase=3 role=2 side=1 p1Wins=0 p2Wins=0 ping=1 delay=0 local='Aquatic_mod' p1='Aquatic' p2='Aquatic_mod' revival='1.02e' caps=0x2EF sessionId=1 setId=0 endReason=0
[efz_netplay_mod][pid=292] StateExport: network ping=1->0 delay=0->0 seq=22801
[efz_netplay_mod][pid=292] LobbySession::DoPollStatus: response='{"alias":"EFZ","challenges":[],"id":8380,"idle":[["Player",3]],"msg":"OK","playing":[["Aquatic_mod","Aquatic",1,2,"91.214.211.2:10800"]],"status":"OK"}
'
[efz_netplay_mod][pid=292] StateExport: network ping=0->1 delay=0->0 seq=22839
[efz_netplay_mod][pid=292] StateExport: network ping=1->0 delay=0->0 seq=22878
[efz_netplay_mod][pid=292] StateExport: network ping=0->1 delay=0->0 seq=22891
[efz_netplay_mod][pid=292] StateExport: network ping=1->0 delay=0->0 seq=22903
[efz_netplay_mod][pid=292] LobbySession::DoPollStatus: response='{"alias":"EFZ","challenges":[],"id":8380,"idle":[["Player",3]],"msg":"OK","playing":[["Aquatic_mod","Aquatic",1,2,"91.214.211.2:10800"]],"status":"OK"}
'
[efz_netplay_mod][pid=292] StateExport: network ping=0->1 delay=0->0 seq=22916
[efz_netplay_mod][pid=292] StateExport: network ping=1->0 delay=0->0 seq=22929
[efz_netplay_mod][pid=292] StateExport: network ping=0->1 delay=0->0 seq=22942
[efz_netplay_mod][pid=292] StateExport: network ping=1->0 delay=0->0 seq=22954
[efz_netplay_mod][pid=292] StateExport: network ping=0->1 delay=0->0 seq=22967
[efz_netplay_mod][pid=292] StateExport: network ping=1->0 delay=0->0 seq=22980
[efz_netplay_mod][pid=292] StateExport: network ping=0->1 delay=0->0 seq=22993
[efz_netplay_mod][pid=292] LobbySession::DoPollStatus: response='{"alias":"EFZ","challenges":[],"id":8380,"idle":[["Player",3]],"msg":"OK","playing":[["Aquatic_mod","Aquatic",1,2,"91.214.211.2:10800"]],"status":"OK"}
'
[efz_netplay_mod][pid=292] StateExport: network ping=1->0 delay=0->0 seq=23018
[efz_netplay_mod][pid=292] StateExport: network ping=0->1 delay=0->0 seq=23044
[efz_netplay_mod][pid=292] LobbySession::DoPollStatus: response='{"alias":"EFZ","challenges":[],"id":8380,"idle":[["Player",3]],"msg":"OK","playing":[["Aquatic_mod","Aquatic",1,2,"91.214.211.2:10800"]],"status":"OK"}
'
[efz_netplay_mod][pid=292] StateExport: network ping=1->0 delay=0->0 seq=23133
[efz_netplay_mod][pid=292] StateExport: network ping=0->1 delay=0->0 seq=23146
[efz_netplay_mod][pid=292] StateExport: network ping=1->0 delay=0->0 seq=23159
[efz_netplay_mod][pid=292] StateExport: network ping=0->1 delay=0->0 seq=23197
[efz_netplay_mod][pid=292] StateExport: network ping=1->0 delay=0->0 seq=23210
[efz_netplay_mod][pid=292] LobbySession::DoPollStatus: response='{"alias":"EFZ","challenges":[],"id":8380,"idle":[["Player",3]],"msg":"OK","playing":[["Aquatic_mod","Aquatic",1,2,"91.214.211.2:10800"]],"status":"OK"}
'
[efz_netplay_mod][pid=292] StateExport: network ping=0->1 delay=0->0 seq=23235
[efz_netplay_mod][pid=292] StateExport: network ping=1->0 delay=0->0 seq=23261
[efz_netplay_mod][pid=292] StateExport: network ping=0->1 delay=0->0 seq=23287
[efz_netplay_mod][pid=292] StateExport: network ping=1->0 delay=0->0 seq=23312
[efz_netplay_mod][pid=292] LobbySession::DoPollStatus: response='{"alias":"EFZ","challenges":[],"id":8380,"idle":[["Player",3]],"msg":"OK","playing":[["Aquatic_mod","Aquatic",1,2,"91.214.211.2:10800"]],"status":"OK"}
'
[efz_netplay_mod][pid=292] StateExport: network ping=0->1 delay=0->0 seq=23338
[efz_netplay_mod][pid=292] StateExport: network ping=1->0 delay=0->0 seq=23351
[efz_netplay_mod][pid=292] StateExport: heartbeat seq=23400 activity=6 menu=0 screen=3 mode=2 phase=3 role=2 side=1 p1Wins=0 p2Wins=0 ping=0 delay=0 local='Aquatic_mod' p1='Aquatic' p2='Aquatic_mod' revival='1.02e' caps=0x2EF sessionId=1 setId=0 endReason=0
[efz_netplay_mod][pid=292] LobbySession::DoPollStatus: response='{"alias":"EFZ","challenges":[],"id":8380,"idle":[["Player",3]],"msg":"OK","playing":[["Aquatic_mod","Aquatic",1,2,"91.214.211.2:10800"]],"status":"OK"}
'
[efz_netplay_mod][pid=292] StateExport: network ping=0->1 delay=0->0 seq=23453
[efz_netplay_mod][pid=292] StateExport: network ping=1->0 delay=0->0 seq=23491
[efz_netplay_mod][pid=292] StateExport: network ping=0->1 delay=0->0 seq=23504
[efz_netplay_mod][pid=292] StateExport: network ping=1->0 delay=0->0 seq=23517
[efz_netplay_mod][pid=292] StateExport: network ping=0->1 delay=0->0 seq=23542
[efz_netplay_mod][pid=292] LobbySession::DoPollStatus: response='{"alias":"EFZ","challenges":[],"id":8380,"idle":[["Player",3]],"msg":"OK","playing":[["Aquatic_mod","Aquatic",1,2,"91.214.211.2:10800"]],"status":"OK"}
'
[efz_netplay_mod][pid=292] StateExport: network ping=1->0 delay=0->0 seq=23568
[efz_netplay_mod][pid=292] StateExport: network ping=0->1 delay=0->0 seq=23581
[efz_netplay_mod][pid=292] StateExport: network ping=1->0 delay=0->0 seq=23593
[efz_netplay_mod][pid=292] StateExport: network ping=0->1 delay=0->0 seq=23619
[efz_netplay_mod][pid=292] StateExport: network ping=1->0 delay=0->0 seq=23632
[efz_netplay_mod][pid=292] StateExport: network ping=0->1 delay=0->0 seq=23645
[efz_netplay_mod][pid=292] LobbySession::DoPollStatus: response='{"alias":"EFZ","challenges":[],"id":8380,"idle":[["Player",3]],"msg":"OK","playing":[["Aquatic_mod","Aquatic",1,2,"91.214.211.2:10800"]],"status":"OK"}
'
[efz_netplay_mod][pid=292] StateExport: network ping=1->0 delay=0->0 seq=23658
[efz_netplay_mod][pid=292] StateExport: network ping=0->1 delay=0->0 seq=23683
[efz_netplay_mod][pid=292] StateExport: network ping=1->0 delay=0->0 seq=23696
[efz_netplay_mod][pid=292] StateExport: network ping=0->1 delay=0->0 seq=23708
[efz_netplay_mod][pid=292] StateExport: network ping=1->0 delay=0->0 seq=23721
[efz_netplay_mod][pid=292] StateExport: network ping=0->1 delay=0->0 seq=23734
[efz_netplay_mod][pid=292] StateExport: network ping=1->0 delay=0->0 seq=23759
[efz_netplay_mod][pid=292] LobbySession::DoPollStatus: response='{"alias":"EFZ","challenges":[],"id":8380,"idle":[["Player",3]],"msg":"OK","playing":[["Aquatic_mod","Aquatic",1,2,"91.214.211.2:10800"]],"status":"OK"}
'
[efz_netplay_mod][pid=292] StateExport: network ping=0->1 delay=0->0 seq=23772
[efz_netplay_mod][pid=292] StateExport: network ping=1->0 delay=0->0 seq=23785
[efz_netplay_mod][pid=292] StateExport: network ping=0->1 delay=0->0 seq=23798
[efz_netplay_mod][pid=292] StateExport: network ping=1->0 delay=0->0 seq=23823
[efz_netplay_mod][pid=292] StateExport: network ping=0->1 delay=0->0 seq=23836
[efz_netplay_mod][pid=292] StateExport: network ping=1->0 delay=0->0 seq=23849
[efz_netplay_mod][pid=292] LobbySession::DoPollStatus: response='{"alias":"EFZ","challenges":[],"id":8380,"idle":[["Player",3]],"msg":"OK","playing":[["Aquatic_mod","Aquatic",1,2,"91.214.211.2:10800"]],"status":"OK"}
'
[efz_netplay_mod][pid=292] StateExport: network ping=0->1 delay=0->0 seq=23874
[efz_netplay_mod][pid=292] StateExport: network ping=1->0 delay=0->0 seq=23900
[efz_netplay_mod][pid=292] StateExport: network ping=0->1 delay=0->0 seq=23913
[efz_netplay_mod][pid=292] StateExport: network ping=1->0 delay=0->0 seq=23926
[efz_netplay_mod][pid=292] StateExport: network ping=0->1 delay=0->0 seq=23938
[efz_netplay_mod][pid=292] StateExport: network ping=1->0 delay=0->0 seq=23951
[efz_netplay_mod][pid=292] StateExport: network ping=0->1 delay=0->0 seq=23964
[efz_netplay_mod][pid=292] LobbySession::DoPollStatus: response='{"alias":"EFZ","challenges":[],"id":8380,"idle":[["Player",3]],"msg":"OK","playing":[["Aquatic_mod","Aquatic",1,2,"91.214.211.2:10800"]],"status":"OK"}
'
[efz_netplay_mod][pid=292] StateExport: network ping=1->0 delay=0->0 seq=23977
[efz_netplay_mod][pid=292] StateExport: network ping=0->1 delay=0->0 seq=23990
[efz_netplay_mod][pid=292] StateExport: heartbeat seq=24000 activity=6 menu=0 screen=3 mode=2 phase=3 role=2 side=1 p1Wins=0 p2Wins=0 ping=1 delay=0 local='Aquatic_mod' p1='Aquatic' p2='Aquatic_mod' revival='1.02e' caps=0x2EF sessionId=1 setId=0 endReason=0
[efz_netplay_mod][pid=292] StateExport: network ping=1->0 delay=0->0 seq=24028
[efz_netplay_mod][pid=292] StateExport: network ping=0->1 delay=0->0 seq=24041
[efz_netplay_mod][pid=292] StateExport: network ping=1->0 delay=0->0 seq=24053
[efz_netplay_mod][pid=292] StateExport: network ping=0->1 delay=0->0 seq=24066
[efz_netplay_mod][pid=292] LobbySession::DoPollStatus: response='{"alias":"EFZ","challenges":[],"id":8380,"idle":[["Player",3]],"msg":"OK","playing":[["Aquatic_mod","Aquatic",1,2,"91.214.211.2:10800"]],"status":"OK"}
'
[efz_netplay_mod][pid=292] StateExport: network ping=1->2 delay=0->0 seq=24156
[efz_netplay_mod][pid=292] StateExport: network ping=2->1 delay=0->0 seq=24168
[efz_netplay_mod][pid=292] LobbySession::DoPollStatus: response='{"alias":"EFZ","challenges":[],"id":8380,"idle":[["Player",3]],"msg":"OK","playing":[["Aquatic_mod","Aquatic",1,2,"91.214.211.2:10800"]],"status":"OK"}
'
[efz_netplay_mod][pid=292] StateExport: network ping=1->0 delay=0->0 seq=24207
[efz_netplay_mod][pid=292] StateExport: network ping=0->1 delay=0->0 seq=24219
[efz_netplay_mod][pid=292] StateExport: network ping=1->0 delay=0->0 seq=24232
[efz_netplay_mod][pid=292] StateExport: network ping=0->1 delay=0->0 seq=24245
[efz_netplay_mod][pid=292] StateExport: network ping=1->0 delay=0->0 seq=24271
[efz_netplay_mod][pid=292] StateExport: network ping=0->1 delay=0->0 seq=24284
[efz_netplay_mod][pid=292] LobbySession::DoPollStatus: response='{"alias":"EFZ","challenges":[],"id":8380,"idle":[["Player",3]],"msg":"OK","playing":[["Aquatic_mod","Aquatic",1,2,"91.214.211.2:10800"]],"status":"OK"}
'
[efz_netplay_mod][pid=292] StateExport: network ping=1->0 delay=0->0 seq=24309
[efz_netplay_mod][pid=292] StateExport: network ping=0->1 delay=0->0 seq=24335
[efz_netplay_mod][pid=292] StateExport: network ping=1->0 delay=0->0 seq=24360
[efz_netplay_mod][pid=292] StateExport: network ping=0->1 delay=0->0 seq=24373
[efz_netplay_mod][pid=292] StateExport: network ping=1->0 delay=0->0 seq=24386
[efz_netplay_mod][pid=292] LobbySession::DoPollStatus: response='{"alias":"EFZ","challenges":[],"id":8380,"idle":[],"msg":"OK","playing":[["Aquatic_mod","Aquatic",1,2,"91.214.211.2:10800"]],"status":"OK"}
'
[efz_netplay_mod][pid=292] StateExport: network ping=0->1 delay=0->0 seq=24399
[efz_netplay_mod][pid=292] StateExport: network ping=1->0 delay=0->0 seq=24411
[efz_netplay_mod][pid=292] StateExport: network ping=0->1 delay=0->0 seq=24424
[efz_netplay_mod][pid=292] StateExport: network ping=1->0 delay=0->0 seq=24462
[efz_netplay_mod][pid=292] StateExport: network ping=0->1 delay=0->0 seq=24501
[efz_netplay_mod][pid=292] LobbySession::DoPollStatus: response='{"alias":"EFZ","challenges":[],"id":8380,"idle":[],"msg":"OK","playing":[["Aquatic_mod","Aquatic",1,2,"91.214.211.2:10800"]],"status":"OK"}
'
[efz_netplay_mod][pid=292] StateExport: network ping=1->0 delay=0->0 seq=24539
[efz_netplay_mod][pid=292] StateExport: network ping=0->1 delay=0->0 seq=24577
[efz_netplay_mod][pid=292] StateExport: network ping=1->0 delay=0->0 seq=24590
[efz_netplay_mod][pid=292] StateExport: heartbeat seq=24600 activity=6 menu=0 screen=3 mode=2 phase=3 role=2 side=1 p1Wins=0 p2Wins=0 ping=0 delay=0 local='Aquatic_mod' p1='Aquatic' p2='Aquatic_mod' revival='1.02e' caps=0x2EF sessionId=1 setId=0 endReason=0
[efz_netplay_mod][pid=292] StateExport: network ping=0->1 delay=0->0 seq=24603
[efz_netplay_mod][pid=292] LobbySession::DoPollStatus: response='{"alias":"EFZ","challenges":[],"id":8380,"idle":[],"msg":"OK","playing":[["Aquatic_mod","Aquatic",1,2,"91.214.211.2:10800"]],"status":"OK"}
'
[efz_netplay_mod][pid=292] StateExport: network ping=1->0 delay=0->0 seq=24628
[efz_netplay_mod][pid=292] StateExport: network ping=0->1 delay=0->0 seq=24641
[efz_netplay_mod][pid=292] StateExport: network ping=1->0 delay=0->0 seq=24654
[efz_netplay_mod][pid=292] StateExport: network ping=0->1 delay=0->0 seq=24667
[efz_netplay_mod][pid=292] StateExport: network ping=1->0 delay=0->0 seq=24692
[efz_netplay_mod][pid=292] LobbySession::DoPollStatus: response='{"alias":"EFZ","challenges":[],"id":8380,"idle":[],"msg":"OK","playing":[["Aquatic_mod","Aquatic",1,2,"91.214.211.2:10800"]],"status":"OK"}
'
[efz_netplay_mod][pid=292] StateExport: network ping=0->1 delay=0->0 seq=24756
[efz_netplay_mod][pid=292] LobbySession::DoPollStatus: response='{"alias":"EFZ","challenges":[],"id":8380,"idle":[],"msg":"OK","playing":[["Aquatic_mod","Aquatic",1,2,"91.214.211.2:10800"]],"status":"OK"}
'
[efz_netplay_mod][pid=292] StateExport: network ping=1->0 delay=0->0 seq=24833
[efz_netplay_mod][pid=292] StateExport: network ping=0->1 delay=0->0 seq=24846
[efz_netplay_mod][pid=292] StateExport: network ping=1->0 delay=0->0 seq=24897
[efz_netplay_mod][pid=292] StateExport: network ping=0->1 delay=0->0 seq=24910
[efz_netplay_mod][pid=292] LobbySession::DoPollStatus: response='{"alias":"EFZ","challenges":[],"id":8380,"idle":[],"msg":"OK","playing":[["Aquatic_mod","Aquatic",1,2,"91.214.211.2:10800"]],"status":"OK"}
'
[efz_netplay_mod][pid=292] LobbySession::DoPollStatus: response='{"alias":"EFZ","challenges":[],"id":8380,"idle":[],"msg":"OK","playing":[["Aquatic_mod","Aquatic",1,2,"91.214.211.2:10800"]],"status":"OK"}
'
[efz_netplay_mod][pid=292] StateExport: network ping=1->0 delay=0->0 seq=25038
[efz_netplay_mod][pid=292] StateExport: network ping=0->1 delay=0->0 seq=25089
[efz_netplay_mod][pid=292] StateExport: network ping=1->0 delay=0->0 seq=25101
[efz_netplay_mod][pid=292] StateExport: network ping=0->1 delay=0->0 seq=25140
[efz_netplay_mod][pid=292] LobbySession::DoPollStatus: response='{"alias":"EFZ","challenges":[],"id":8380,"idle":[],"msg":"OK","playing":[["Aquatic_mod","Aquatic",1,2,"91.214.211.2:10800"]],"status":"OK"}
'
[efz_netplay_mod][pid=292] StateExport: network ping=1->0 delay=0->0 seq=25152
[efz_netplay_mod][pid=292] StateExport: network ping=0->1 delay=0->0 seq=25165
[efz_netplay_mod][pid=292] StateExport: network ping=1->0 delay=0->0 seq=25178
[efz_netplay_mod][pid=292] StateExport: heartbeat seq=25200 activity=6 menu=0 screen=3 mode=2 phase=3 role=2 side=1 p1Wins=0 p2Wins=0 ping=0 delay=0 local='Aquatic_mod' p1='Aquatic' p2='Aquatic_mod' revival='1.02e' caps=0x2EF sessionId=1 setId=0 endReason=0
[efz_netplay_mod][pid=292] StateExport: network ping=0->1 delay=0->0 seq=25204
[efz_netplay_mod][pid=292] StateExport: network ping=1->0 delay=0->0 seq=25229
[efz_netplay_mod][pid=292] StateExport: network ping=0->1 delay=0->0 seq=25242
[efz_netplay_mod][pid=292] LobbySession::DoPollStatus: response='{"alias":"EFZ","challenges":[],"id":8380,"idle":[],"msg":"OK","playing":[["Aquatic_mod","Aquatic",1,2,"91.214.211.2:10800"]],"status":"OK"}
'
[efz_netplay_mod][pid=292] StateExport: network ping=1->0 delay=0->0 seq=25255
[efz_netplay_mod][pid=292] StateExport: network ping=0->1 delay=0->0 seq=25268
[efz_netplay_mod][pid=292] StateExport: network ping=1->0 delay=0->0 seq=25319
[efz_netplay_mod][pid=292] StateExport: network ping=0->1 delay=0->0 seq=25332
[efz_netplay_mod][pid=292] LobbySession::DoPollStatus: response='{"alias":"EFZ","challenges":[],"id":8380,"idle":[],"msg":"OK","playing":[["Aquatic_mod","Aquatic",1,2,"91.214.211.2:10800"]],"status":"OK"}
'
[efz_netplay_mod][pid=292] StateExport: network ping=1->0 delay=0->0 seq=25357
[efz_netplay_mod][pid=292] StateExport: network ping=0->1 delay=0->0 seq=25370
[efz_netplay_mod][pid=292] StateExport: network ping=1->0 delay=0->0 seq=25408
[efz_netplay_mod][pid=292] StateExport: network ping=0->1 delay=0->0 seq=25421
[efz_netplay_mod][pid=292] StateExport: network ping=1->0 delay=0->0 seq=25434
[efz_netplay_mod][pid=292] StateExport: network ping=0->1 delay=0->0 seq=25446
[efz_netplay_mod][pid=292] StateExport: network ping=1->0 delay=0->0 seq=25459
[efz_netplay_mod][pid=292] LobbySession::DoPollStatus: response='{"alias":"EFZ","challenges":[],"id":8380,"idle":[],"msg":"OK","playing":[["Aquatic_mod","Aquatic",1,2,"91.214.211.2:10800"]],"status":"OK"}
'
[efz_netplay_mod][pid=292] StateExport: network ping=0->1 delay=0->0 seq=25472
[efz_netplay_mod][pid=292] StateExport: network ping=1->0 delay=0->0 seq=25498
[efz_netplay_mod][pid=292] StateExport: network ping=0->1 delay=0->0 seq=25510
[efz_netplay_mod][pid=292] StateExport: network ping=1->0 delay=0->0 seq=25523
[efz_netplay_mod][pid=292] StateExport: network ping=0->1 delay=0->0 seq=25549
[efz_netplay_mod][pid=292] LobbySession::DoPollStatus: response='{"alias":"EFZ","challenges":[],"id":8380,"idle":[],"msg":"OK","playing":[["Aquatic_mod","Aquatic",1,2,"91.214.211.2:10800"]],"status":"OK"}
'
[efz_netplay_mod][pid=292] StateExport: network ping=1->0 delay=0->0 seq=25587
[efz_netplay_mod][pid=292] StateExport: network ping=0->1 delay=0->0 seq=25613
[efz_netplay_mod][pid=292] LobbySession::DoPollStatus: response='{"alias":"EFZ","challenges":[],"id":8380,"idle":[],"msg":"OK","playing":[["Aquatic_mod","Aquatic",1,2,"91.214.211.2:10800"]],"status":"OK"}
'
[efz_netplay_mod] logger initialized
[efz_netplay_mod][pid=292] CrashHandler: installed (mode=host dir='Z:\mnt\shared\EFZ - Copy\mods\efz_netplay_mod' vectored=016341D0)
[efz_netplay_mod][pid=292] Module attached at 75730000
[efz_netplay_mod][pid=292] DetectRevivalVersion: matched timestamp 0x5EA876B0 → 1.02e
[efz_netplay_mod][pid=292] Takeover: host revival base=0x753C0000
[efz_netplay_mod][pid=292] Takeover: patched EfzRevival.dll null-guard at +0x21E0
[efz_netplay_mod][pid=292] Takeover: local init(2,102) result=25295576
[efz_netplay_mod][pid=292] PatchRevivalDllExitProcess: patched IAT entry orig=0x7BB0FAD4 stub=0x7574FA00
[efz_netplay_mod][pid=292] InstallNetplayFrameHook: installed at DLL RVA 0x6E590, trampoline at 7583BCF4
[efz_netplay_mod][pid=292] InstallNetplayFrameHook: fixed up trampoline E8/E9 at +1: origDisp=0xFFFFF29A newDisp=0xFFBF1AD2 absTarget=7542D810
[efz_netplay_mod][pid=292] InstallNetplayFrameHook: per-frame tick hook installed at DLL RVA 0x6E570, trampoline at 7583BD38
[efz_netplay_mod][pid=292] Takeover: host initialized
[efz_netplay_mod][pid=292] SessionBridge: initialized (role=host, reason=startup)
[efz_netplay_mod][pid=292] StateExport: initialized (shm=ok, view=027B0000)
[efz_netplay_mod][pid=292] InstallHooks: module directory 'Z:\mnt\shared\EFZ - Copy\mods\efz_netplay_mod'
[efz_netplay_mod][pid=292] ResolveNetplayBackgroundPath: searching for netplay_bg.dat
[efz_netplay_mod][pid=292] ResolveNetplayBackgroundPath: [DLL dir] probing 'Z:\mnt\shared\EFZ - Copy\mods\efz_netplay_mod\assets\netplay_bg.dat'
[efz_netplay_mod][pid=292] ResolveNetplayBackgroundPath: using 'Z:\mnt\shared\EFZ - Copy\mods\efz_netplay_mod\assets\netplay_bg.dat'
[efz_netplay_mod][pid=292] InstallHooks: netplay assets verified at 'Z:\mnt\shared\EFZ - Copy\mods\efz_netplay_mod\assets\netplay_bg.dat'
[efz_netplay_mod][pid=292] ValidateMenuSpecs: row-slot map valid
[efz_netplay_mod][pid=292] Patched 'wrap compare 6->7' at 0x0077612E
[efz_netplay_mod][pid=292] Patched 'wrap clamp 6->7' at 0x0077614B
[efz_netplay_mod][pid=292] Patched 'switch compare 6->7' at 0x007761D5
[efz_netplay_mod][pid=292] Patched 'panel dest height 98->112' at 0x00776578
[efz_netplay_mod][pid=292] Patched 'panel src height 98->112' at 0x007765A3
[efz_netplay_mod][pid=292] Patched 'panel dest top 130->123' at 0x007765A7
[efz_netplay_mod][pid=292] Patched 'highlight src base 98->112' at 0x0077664A
[efz_netplay_mod][pid=292] Patched 'highlight screen base 130->123' at 0x00776696
[efz_netplay_mod][pid=292] Patched 'switch dispatch table -> custom' at 0x007761E5
[efz_netplay_mod][pid=292] Patched 'title vtable render -> hook' at 0x00789980
[efz_netplay_mod][pid=292] Patched 'title vtable update -> hook' at 0x00789984
[efz_netplay_mod][pid=292] InstallHooks: success (title update=0x00775FB0 netplayAssets=1)
[efz_netplay_mod][pid=292] InstallHooks succeeded
[efz_netplay_mod][pid=292] SCREEN_MONITOR: index 255 -> 0 tick=1 mode=0/4 screenObj=0x03253A50 charselect(init=1 exit=0 obj=0x03253EA8)
[efz_netplay_mod][pid=292] TICK_HOOK: *** ECX MISMATCH *** frameTick=1 exeECX=0x03253A50 dllSession=0x01665580 — overriding ECX with current session
[efz_netplay_mod][pid=292] TICK_HOOK: current session vtable=0x75450404 (RVA=0x90404)
[efz_netplay_mod][pid=292] DIAG[tick_ecx_mismatch]: dllExitPatchesSaved=0 tournamentPatchesSaved=0 renderContextSaved=0 savedRenderCtx=0x00000000
[efz_netplay_mod][pid=292] DIAG[tick_ecx_mismatch]: dllBase=0x753C0000 roleFlag=2 sessionPtr=0x01665580 renderCtx=0x79C26BC8 globalState=0x029E0020
[efz_netplay_mod][pid=292] DIAG[tick_ecx_mismatch]: session vtable=0x75450404 initComplete=-2139815924 activePlayer=0
[efz_netplay_mod][pid=292] DIAG[tick_ecx_mismatch]: exitPatch[0] RVA=0x7909D byte=0x74 expected=0x74
[efz_netplay_mod][pid=292] DIAG[tick_ecx_mismatch]: exitPatch[1] RVA=0x7215D byte=0x75 expected=0x75
[efz_netplay_mod][pid=292] DIAG[tick_ecx_mismatch]: exitPatch[2] RVA=0x7231F byte=0x74 expected=0x74
[efz_netplay_mod][pid=292] DIAG[tick_ecx_mismatch]: nearJccPatch[0] RVA=0x7251B bytes=0F 84
[efz_netplay_mod][pid=292] DIAG[tick_ecx_mismatch]: nearJccPatch[1] RVA=0x7252E bytes=0F 84
[efz_netplay_mod][pid=292] DIAG[tick_ecx_mismatch]: nearJccPatch[2] RVA=0x742E1 bytes=0F 84
[efz_netplay_mod][pid=292] DIAG[tick_ecx_mismatch]: nearJccPatch[3] RVA=0x742F4 bytes=0F 84
[efz_netplay_mod][pid=292] DIAG[tick_ecx_mismatch]: nearJccPatch[4] RVA=0x74301 bytes=0F 84
[efz_netplay_mod][pid=292] DIAG[tick_ecx_mismatch]: localRoleFlag=2 localInitApplied=0 exitIntercepted=0 exitMode=-1 frameHookInstalled=1 frameRecoveryPending=0 forceLocalPlayInitCount=0
[efz_netplay_mod][pid=292] DIAG[tick_ecx_mismatch]: revivalProcess=0x00000000 revivalPid=0 lastValidatedSession=0x01665580 lastSessionPtrOffset=0xA02CC
[efz_netplay_mod][pid=292] TICK_HOOK: heartbeat frameTick=1 session=0x01665580 exeECX=0x03253A50 match=0
[efz_netplay_mod][pid=292] Platform: running under Wine/Proton
[efz_netplay_mod][pid=292] HookedTitleUpdateImpl: Wine detected — applying one-shot title assets override
[efz_netplay_mod][pid=292] LoadTitleAssets: begin (screenContext=0x03253A50)
[efz_netplay_mod][pid=292] ResolveTitleObjectsPath: searching for title_ob.dat override (moduleDirectory='Z:\mnt\shared\EFZ - Copy\mods\efz_netplay_mod')
[efz_netplay_mod][pid=292] ResolveTitleObjectsPath: [Tier 1 DLL dir] probing 'Z:\mnt\shared\EFZ - Copy\mods\efz_netplay_mod\system\title_ob.dat'
[efz_netplay_mod][pid=292] ResolveTitleObjectsPath: [Tier 1 DLL dir] FOUND — using 'Z:\mnt\shared\EFZ - Copy\mods\efz_netplay_mod\system\title_ob.dat'
[efz_netplay_mod][pid=292] LoadTitleAssets: done bgPalette=1 objPalette=1 transparent=224
[efz_netplay_mod][pid=292] StateExport: heartbeat seq=1 activity=0 menu=0 screen=0 mode=0 phase=0 role=0 side=-1 p1Wins=0 p2Wins=0 ping=-1 delay=-1 local='' p1='' p2='' revival='1.02e' caps=0x21 sessionId=0 setId=0 endReason=0
[efz_netplay_mod][pid=292] HookedTitleUpdateImpl: calls=300 netplayActive=0
[efz_netplay_mod][pid=292] StateExport: heartbeat seq=600 activity=0 menu=0 screen=0 mode=0 phase=0 role=0 side=-1 p1Wins=0 p2Wins=0 ping=-1 delay=-1 local='' p1='' p2='' revival='1.02e' caps=0x21 sessionId=0 setId=0 endReason=0
[efz_netplay_mod][pid=292] TICK_HOOK: heartbeat frameTick=600 session=0x01665580 exeECX=0x03253A50 match=0
[efz_netplay_mod][pid=292] HookedTitleUpdateImpl: calls=600 netplayActive=0
[efz_netplay_mod][pid=292] StateExport: heartbeat seq=1200 activity=0 menu=0 screen=0 mode=0 phase=0 role=0 side=-1 p1Wins=0 p2Wins=0 ping=-1 delay=-1 local='' p1='' p2='' revival='1.02e' caps=0x21 sessionId=0 setId=0 endReason=0
[efz_netplay_mod][pid=292] HookedTitleUpdateImpl: calls=900 netplayActive=0
[efz_netplay_mod][pid=292] StateExport: heartbeat seq=1800 activity=0 menu=0 screen=0 mode=0 phase=0 role=0 side=-1 p1Wins=0 p2Wins=0 ping=-1 delay=-1 local='' p1='' p2='' revival='1.02e' caps=0x21 sessionId=0 setId=0 endReason=0
[efz_netplay_mod][pid=292] NetplayCaseImpl: invoked
[efz_netplay_mod][pid=292] TriggerNetplayMenuEntry: titleSelection=5 screenContext=0x03253A50
[efz_netplay_mod][pid=292] PlayUiSound: sfx=6 gameSystem=0x029E0020
[efz_netplay_mod][pid=292] EnterNetplayMenu: request active=0 skipFadeOut=0
[efz_netplay_mod][pid=292] RunTransitionFadeOut: begin palette=52771454 baseVolume=0 volumeAdjustment=0
[efz_netplay_mod][pid=292] RunTransitionFadeOut: complete result=1
[efz_netplay_mod][pid=292] LoadNetplayAssets: begin (screenContext=0x03253A50)
[efz_netplay_mod][pid=292] ResolveNetplayBackgroundPath: searching for netplay_bg.dat
[efz_netplay_mod][pid=292] ResolveNetplayBackgroundPath: [DLL dir] probing 'Z:\mnt\shared\EFZ - Copy\mods\efz_netplay_mod\assets\netplay_bg.dat'
[efz_netplay_mod][pid=292] ResolveNetplayBackgroundPath: using 'Z:\mnt\shared\EFZ - Copy\mods\efz_netplay_mod\assets\netplay_bg.dat'
[efz_netplay_mod][pid=292] ResolveNetplayObjectsPath: searching for netplay objects
[efz_netplay_mod][pid=292] ResolveNetplayObjectsPath: [DLL dir] probing 'Z:\mnt\shared\EFZ - Copy\mods\efz_netplay_mod\assets\netplay_ob.dat'
[efz_netplay_mod][pid=292] ResolveNetplayObjectsPath: using 'Z:\mnt\shared\EFZ - Copy\mods\efz_netplay_mod\assets\netplay_ob.dat'
[efz_netplay_mod][pid=292] ParseEfzDatImage: parsed 'Z:\mnt\shared\EFZ - Copy\mods\efz_netplay_mod\assets\netplay_ob.dat' size=154370 firstByte=255 headerOffset=766 width=320 height=480 transparentSrc=20 hasTransparent=1 method=near_magenta exact=0 near=1
[efz_netplay_mod][pid=292] LoadNetplayAssets: derived source transparent index=20 from netplay_ob.dat
[efz_netplay_mod][pid=292] LoadNetplayAssets: derived netplay_ob layout srcY[261..387] dstY[95..221] rowH=14 width=320
[efz_netplay_mod][pid=292] LoadNetplayAssets: forcing transparent color=213 (src=20 + offset=193)
[efz_netplay_mod][pid=292] LoadNetplayAssets: done bg='Z:\mnt\shared\EFZ - Copy\mods\efz_netplay_mod\assets\netplay_bg.dat' obj='Z:\mnt\shared\EFZ - Copy\mods\efz_netplay_mod\assets\netplay_ob.dat' (palette bg=1 obj=1 transparent=213)
[efz_netplay_mod][pid=292] LoadNetplayAssets: object profile colorOffset=193 paletteStart=193 paletteCount=48 configStyle=1 optionCount=5 backIndex=4
[efz_netplay_mod][pid=292] LoadNetplaySpriteFont: no sprite font map found (runtime text disabled)
[efz_netplay_mod][pid=292] LoadNetplayAssets: sprite font unavailable, using object-sheet-only rendering
[efz_netplay_mod][pid=292] LoadNetplayMenuSettingsFromIni: loaded Network.Name='Aquatic_mod'
[efz_netplay_mod][pid=292] LoadNetplayMenuSettingsFromIni: loaded Network.Port=10800
[efz_netplay_mod][pid=292] ResetTitleMenuState: selection=0 menuState=0 initState=0 exitState=0
[efz_netplay_mod][pid=292] NetplayMenuSwitch: menu=Main selection=0 count=5 row=0(ROW_HOST) entry=HOST
[efz_netplay_mod][pid=292] InstallNetplayWindowHook: hwnd=0x0001005A originalProc=0x79B8C600
[efz_netplay_mod][pid=292] RunTransitionFadeIn: begin palette=52771454
[efz_netplay_mod][pid=292] RunTransitionFadeIn: complete result=1
[efz_netplay_mod][pid=292] EnterNetplayMenu: active menu=Main selection=0 bgmTrack=8 configStyle=1 optionCount=5 backIndex=4 skipFadeOut=0
[efz_netplay_mod][pid=292] HookedTitleUpdateImpl: title confirm edge selection=0
[efz_netplay_mod][pid=292] Takeover: host revival base=0x753C0000
[efz_netplay_mod][pid=292] StateExport: flow menu=0->1 charsel=0->0 match=0->0 screen=0 mode=0 phase=0 role=0 p1Wins=0 p2Wins=0
[efz_netplay_mod][pid=292] StateExport: activity 0->1 screen=0 mode=0 phase=0 role=0 side=-1 p1='' p2='' caps=0xB1 sessionId=0 setId=0 seq=2146
[efz_netplay_mod][pid=292] NetplayInput: P1(h=0 v=0 c=0 b=0) P2(h=0 v=0 c=0 b=0)
[efz_netplay_mod][pid=292] NetplayFrame: updates=1 menu=Main selection=0 row=0(ROW_HOST) inactivity=0 slide=0 nativeSlideRaw=0 nativeSlideScaled=0
[efz_netplay_mod][pid=292] TICK_HOOK: heartbeat frameTick=1200 session=0x01665580 exeECX=0x03253A50 match=0
[efz_netplay_mod][pid=292] HookedTitleUpdateImpl: calls=1200 netplayActive=1
[efz_netplay_mod][pid=292] StateExport: heartbeat seq=2400 activity=1 menu=1 screen=0 mode=0 phase=0 role=0 side=-1 p1Wins=0 p2Wins=0 ping=-1 delay=-1 local='' p1='' p2='' revival='1.02e' caps=0xB1 sessionId=0 setId=0 endReason=0
[efz_netplay_mod][pid=292] NetplayFrame: updates=130 menu=Main selection=0 row=0(ROW_HOST) inactivity=129 slide=0 nativeSlideRaw=0 nativeSlideScaled=0
[efz_netplay_mod][pid=292] NetplayFrame: updates=258 menu=Main selection=0 row=0(ROW_HOST) inactivity=257 slide=0 nativeSlideRaw=0 nativeSlideScaled=0
[efz_netplay_mod][pid=292] NetplayFrame: updates=386 menu=Main selection=0 row=0(ROW_HOST) inactivity=385 slide=0 nativeSlideRaw=0 nativeSlideScaled=0
[efz_netplay_mod][pid=292] HookedTitleUpdateImpl: calls=1500 netplayActive=1
[efz_netplay_mod][pid=292] StateExport: heartbeat seq=3000 activity=1 menu=1 screen=0 mode=0 phase=0 role=0 side=-1 p1Wins=0 p2Wins=0 ping=-1 delay=-1 local='' p1='' p2='' revival='1.02e' caps=0xB1 sessionId=0 setId=0 endReason=0
[efz_netplay_mod][pid=292] NetplayFrame: updates=514 menu=Main selection=0 row=0(ROW_HOST) inactivity=513 slide=0 nativeSlideRaw=0 nativeSlideScaled=0
[efz_netplay_mod][pid=292] NetplayInput: P1(h=0 v=-1 c=0 b=0) P2(h=0 v=0 c=0 b=0)
[efz_netplay_mod][pid=292] PlayUiSound: sfx=8 gameSystem=0x029E0020
[efz_netplay_mod][pid=292] NetplaySelection: player=0 menu=Main from=0 to=4 row=7(ROW_RETURN) label=RETURN_TO_TITLE inputV=-1
[efz_netplay_mod][pid=292] NetplayInput: P1(h=0 v=0 c=0 b=0) P2(h=0 v=0 c=0 b=0)
[efz_netplay_mod][pid=292] NetplayInput: P1(h=0 v=0 c=1 b=0) P2(h=0 v=0 c=0 b=0)
[efz_netplay_mod][pid=292] PlayUiSound: sfx=6 gameSystem=0x029E0020
[efz_netplay_mod][pid=292] NetplayConfirm: player=0 menu=Main selection=4 row=7(ROW_RETURN) label=RETURN_TO_TITLE action=LeaveNetplay
[efz_netplay_mod][pid=292] NetplayAction: menu=Main selection=4 row=7(ROW_RETURN) action=LeaveNetplay
[efz_netplay_mod][pid=292] LeaveNetplayMenu: request active=1 bgmActive=1
[efz_netplay_mod][pid=292] RunTransitionFadeOut: begin palette=52771454 baseVolume=0 volumeAdjustment=0
[efz_netplay_mod][pid=292] RunTransitionFadeOut: complete result=1
[efz_netplay_mod][pid=292] StopCurrentBgm: reason=leave_netplay gameSystem=0x029E0020 result=1
[efz_netplay_mod][pid=292] SessionBridge: CancelSession reason='leave_menu'
[efz_netplay_mod][pid=292] DIAG[CancelSession_entry]: dllExitPatchesSaved=0 tournamentPatchesSaved=0 renderContextSaved=0 savedRenderCtx=0x00000000
[efz_netplay_mod][pid=292] DIAG[CancelSession_entry]: dllBase=0x753C0000 roleFlag=2 sessionPtr=0x01665580 renderCtx=0x79C26BC8 globalState=0x029E0020
[efz_netplay_mod][pid=292] DIAG[CancelSession_entry]: session vtable=0x75450404 initComplete=-2139815924 activePlayer=0
[efz_netplay_mod][pid=292] DIAG[CancelSession_entry]: exitPatch[0] RVA=0x7909D byte=0x74 expected=0x74
[efz_netplay_mod][pid=292] DIAG[CancelSession_entry]: exitPatch[1] RVA=0x7215D byte=0x75 expected=0x75
[efz_netplay_mod][pid=292] DIAG[CancelSession_entry]: exitPatch[2] RVA=0x7231F byte=0x74 expected=0x74
[efz_netplay_mod][pid=292] DIAG[CancelSession_entry]: nearJccPatch[0] RVA=0x7251B bytes=0F 84
[efz_netplay_mod][pid=292] DIAG[CancelSession_entry]: nearJccPatch[1] RVA=0x7252E bytes=0F 84
[efz_netplay_mod][pid=292] DIAG[CancelSession_entry]: nearJccPatch[2] RVA=0x742E1 bytes=0F 84
[efz_netplay_mod][pid=292] DIAG[CancelSession_entry]: nearJccPatch[3] RVA=0x742F4 bytes=0F 84
[efz_netplay_mod][pid=292] DIAG[CancelSession_entry]: nearJccPatch[4] RVA=0x74301 bytes=0F 84
[efz_netplay_mod][pid=292] DIAG[CancelSession_entry]: localRoleFlag=2 localInitApplied=0 exitIntercepted=0 exitMode=-1 frameHookInstalled=1 frameRecoveryPending=0 forceLocalPlayInitCount=0
[efz_netplay_mod][pid=292] DIAG[CancelSession_entry]: revivalProcess=0x00000000 revivalPid=0 lastValidatedSession=0x01665580 lastSessionPtrOffset=0xA02CC
[efz_netplay_mod][pid=292] DIAG[CancelSession]: reason='leave_menu' forceLocalPlayInitCount=0
[efz_netplay_mod][pid=292] RestoreDllExitProcessPatches: SKIPPED (saved=0 profile=757EC6B0)
[efz_netplay_mod][pid=292] Takeover: local re-init skipped (already local play)
[efz_netplay_mod][pid=292] Takeover: cancel cleanup — DEFERRED (inside frame tick, ForceLocalPlayInit would destroy active session)
[efz_netplay_mod][pid=292] Takeover: cancel reason='leave_menu' hadProcess=0
[efz_netplay_mod][pid=292] DIAG[CancelSession_exit]: dllExitPatchesSaved=0 tournamentPatchesSaved=0 renderContextSaved=0 savedRenderCtx=0x00000000
[efz_netplay_mod][pid=292] DIAG[CancelSession_exit]: dllBase=0x753C0000 roleFlag=2 sessionPtr=0x01665580 renderCtx=0x79C26BC8 globalState=0x029E0020
[efz_netplay_mod][pid=292] DIAG[CancelSession_exit]: session vtable=0x75450404 initComplete=-2139815924 activePlayer=0
[efz_netplay_mod][pid=292] DIAG[CancelSession_exit]: exitPatch[0] RVA=0x7909D byte=0x74 expected=0x74
[efz_netplay_mod][pid=292] DIAG[CancelSession_exit]: exitPatch[1] RVA=0x7215D byte=0x75 expected=0x75
[efz_netplay_mod][pid=292] DIAG[CancelSession_exit]: exitPatch[2] RVA=0x7231F byte=0x74 expected=0x74
[efz_netplay_mod][pid=292] DIAG[CancelSession_exit]: nearJccPatch[0] RVA=0x7251B bytes=0F 84
[efz_netplay_mod][pid=292] DIAG[CancelSession_exit]: nearJccPatch[1] RVA=0x7252E bytes=0F 84
[efz_netplay_mod][pid=292] DIAG[CancelSession_exit]: nearJccPatch[2] RVA=0x742E1 bytes=0F 84
[efz_netplay_mod][pid=292] DIAG[CancelSession_exit]: nearJccPatch[3] RVA=0x742F4 bytes=0F 84
[efz_netplay_mod][pid=292] DIAG[CancelSession_exit]: nearJccPatch[4] RVA=0x74301 bytes=0F 84
[efz_netplay_mod][pid=292] DIAG[CancelSession_exit]: localRoleFlag=2 localInitApplied=0 exitIntercepted=0 exitMode=-1 frameHookInstalled=1 frameRecoveryPending=0 forceLocalPlayInitCount=0
[efz_netplay_mod][pid=292] DIAG[CancelSession_exit]: revivalProcess=0x00000000 revivalPid=0 lastValidatedSession=0x01665580 lastSessionPtrOffset=0xA02CC
[efz_netplay_mod][pid=292] RemoveNetplayWindowHook: restored
[efz_netplay_mod][pid=292] LoadTitleAssets: begin (screenContext=0x03253A50)
[efz_netplay_mod][pid=292] ResolveTitleObjectsPath: searching for title_ob.dat override (moduleDirectory='Z:\mnt\shared\EFZ - Copy\mods\efz_netplay_mod')
[efz_netplay_mod][pid=292] ResolveTitleObjectsPath: [Tier 1 DLL dir] probing 'Z:\mnt\shared\EFZ - Copy\mods\efz_netplay_mod\system\title_ob.dat'
[efz_netplay_mod][pid=292] ResolveTitleObjectsPath: [Tier 1 DLL dir] FOUND — using 'Z:\mnt\shared\EFZ - Copy\mods\efz_netplay_mod\system\title_ob.dat'
[efz_netplay_mod][pid=292] LoadTitleAssets: done bgPalette=1 objPalette=1 transparent=224
[efz_netplay_mod][pid=292] ResetTitleMenuState: selection=5 menuState=0 initState=0 exitState=0
[efz_netplay_mod][pid=292] RunTransitionFadeIn: begin palette=52771454
[efz_netplay_mod][pid=292] RunTransitionFadeIn: complete result=1
[efz_netplay_mod][pid=292] LeaveNetplayMenu: returned to title assets, titleSelection=5
[efz_netplay_mod][pid=292] TICK_HOOK: executing deferred cancel cleanup (ForceLocalPlayInit was unsafe mid-tick)
[efz_netplay_mod][pid=292] INIT_SNAP[ForceLocalPlayInit_pre]: roleFlag=2 sessionPtr=0x01665580 initFlag=0 initByte=0x00 renderCtx=0x79C26BC8 renderCtxBase=0x00000000 initOnceGuard=0x00000101 timerPtr=0x79C26AD0 globalStatePtr=0x029E0020
[efz_netplay_mod][pid=292] INIT_SNAP[ForceLocalPlayInit_pre]: roleFlag[1]=0xA05F0 val=1967518556
[efz_netplay_mod][pid=292] INIT_SNAP[ForceLocalPlayInit_pre]: roleFlag[2]=0xA15FC val=0
[efz_netplay_mod][pid=292] INIT_SNAP[ForceLocalPlayInit_pre]: sessionPtr[1]=0xA02EC val=0x00010000
[efz_netplay_mod][pid=292] INIT_SNAP[ForceLocalPlayInit_pre]: session vtable=0x75450404 initComplete=-2139815924 activePlayer=0 queuePlayer=0 inputDelay=15
[efz_netplay_mod][pid=292] INIT_SNAP[ForceLocalPlayInit_pre]: session currentFrame=23441328 gameModeSnap=23443448 matchId=23443400 sentinel=1767853127 helperHandle=0x00000000
[efz_netplay_mod][pid=292] INIT_SNAP[ForceLocalPlayInit_pre]: session histPrimary=0x00000006 histSecondary=0x00000000 histPrimaryVec=0x01665894 histSecondaryVec=0x016658A0
[efz_netplay_mod][pid=292] INIT_SNAP[ForceLocalPlayInit_pre]: session +4=13304013 +8=13107408 +12=2031646 +16=1114144 +36=1
[efz_netplay_mod][pid=292] INIT_SNAP[ForceLocalPlayInit_pre]: g_localRoleFlag=2 g_localInitApplied=0 g_dllExitPatchesSaved=0 g_tournamentPatchesSaved=0 g_renderContextSaved=0 g_savedRenderCtx=0x00000000 g_frameHookInstalled=1 initCount=1
[efz_netplay_mod][pid=292] ForceLocalPlayInit: DestroyCurrentSession starting session=0x01665580 role=2
[efz_netplay_mod][pid=292] ForceLocalPlayInit: DestroyCurrentSession vtable=0x75450404 (RVA 0x00090404)
[efz_netplay_mod][pid=292] ForceLocalPlayInit: DestroyCurrentSession calling dtor vtable[0]=0x753E8B90 session=0x01665580 role=2
[efz_netplay_mod][pid=292] ForceLocalPlayInit: DestroyCurrentSession destructor completed
[efz_netplay_mod][pid=292] ResetModeConstructorTrampolineCache: cleared 2 entries
[efz_netplay_mod][pid=292] ForceLocalPlayInit: DestroyCurrentSession done session=0x01665580 role=2 globalsZeroed=2
[efz_netplay_mod][pid=292] ForceLocalPlayInit: about to save EXE hook bytes before init() oldSession=0x01665580 callCount=1
[efz_netplay_mod][pid=292] SaveExeFrameHookBytes: saved 10 bytes at 0x00401582 [E9 79 F7 25 01 90 90 90 90 90]
[efz_netplay_mod][pid=292] SaveModeCtorOriginalBytesOnce: captured 0x00763E50=[C6 40 2D 00 8B 4D D0] 0x00763F04=[8B 4D D0 C6 41 2D 00]
[efz_netplay_mod][pid=292] RestoreModeCtorOriginalBytes: restored 0x00763E50=[C6 40 2D 00 8B 4D D0] 0x00763F04=[8B 4D D0 C6 41 2D 00]
[efz_netplay_mod][pid=292] ResetModeConstructorTrampolineCache: cleared 2 entries
[efz_netplay_mod][pid=292] ForceLocalPlayInit: 0x401582 pre-init  [E9 79 F7 25 01 90 90 90 90 90]
[efz_netplay_mod][pid=292] ForceLocalPlayInit: calling init(mode=2, magic=102)
[efz_netplay_mod][pid=292] ForceLocalPlayInit: 0x401582 post-init [E9 F9 AC EF 04 90 90 90 90 90]
[efz_netplay_mod][pid=292] ForceLocalPlayInit: restoring saved EXE hook bytes
[efz_netplay_mod][pid=292] RestoreExeFrameHookBytes: restored 10 bytes at 0x00401582 [E9 79 F7 25 01 90 90 90 90 90]
[efz_netplay_mod][pid=292] ForceLocalPlayInit: 0x401582 restored  [E9 79 F7 25 01 90 90 90 90 90]
[efz_netplay_mod][pid=292] ForceLocalPlayInit: modeCtorFixup 0x00763E50 not hooked (byte=0xC6), skip
[efz_netplay_mod][pid=292] ForceLocalPlayInit: modeCtorFixup 0x00763F04 not hooked (byte=0x8B), skip
[efz_netplay_mod][pid=292] INIT_SNAP[ForceLocalPlayInit_post_init]: roleFlag=2 sessionPtr=0x01665580 initFlag=0 initByte=0x00 renderCtx=0x79C26BC8 renderCtxBase=0x00000000 initOnceGuard=0x00000101 timerPtr=0x79C26AD0 globalStatePtr=0x029E0020
[efz_netplay_mod][pid=292] INIT_SNAP[ForceLocalPlayInit_post_init]: roleFlag[1]=0xA05F0 val=1967518556
[efz_netplay_mod][pid=292] INIT_SNAP[ForceLocalPlayInit_post_init]: roleFlag[2]=0xA15FC val=0
[efz_netplay_mod][pid=292] INIT_SNAP[ForceLocalPlayInit_post_init]: sessionPtr[1]=0xA02EC val=0x00000000
[efz_netplay_mod][pid=292] INIT_SNAP[ForceLocalPlayInit_post_init]: session vtable=0x75450404 initComplete=-2139815924 activePlayer=0 queuePlayer=0 inputDelay=15
[efz_netplay_mod][pid=292] INIT_SNAP[ForceLocalPlayInit_post_init]: session currentFrame=23441328 gameModeSnap=23443448 matchId=23443400 sentinel=1767853127 helperHandle=0x00000000
[efz_netplay_mod][pid=292] INIT_SNAP[ForceLocalPlayInit_post_init]: session histPrimary=0x00000006 histSecondary=0x00000000 histPrimaryVec=0x01665894 histSecondaryVec=0x016658A0
[efz_netplay_mod][pid=292] INIT_SNAP[ForceLocalPlayInit_post_init]: session +4=1114616 +8=13107408 +12=2031646 +16=1114144 +36=1
[efz_netplay_mod][pid=292] INIT_SNAP[ForceLocalPlayInit_post_init]: g_localRoleFlag=2 g_localInitApplied=0 g_dllExitPatchesSaved=0 g_tournamentPatchesSaved=0 g_renderContextSaved=0 g_savedRenderCtx=0x00000000 g_frameHookInstalled=1 initCount=1
[efz_netplay_mod][pid=292] ForceLocalPlayInit: init(2,102) result=2292440 callCount=1 oldSession=0x01665580 newSession=0x01665580
[efz_netplay_mod][pid=292] ForceLocalPlayInit: InvokeSessionVtableInit vtable[1] 0x75435D30 called on session 0x01665580
[efz_netplay_mod][pid=292] INIT_SNAP[ForceLocalPlayInit_post_vtable1]: roleFlag=2 sessionPtr=0x01665580 initFlag=0 initByte=0x00 renderCtx=0x79C26BC8 renderCtxBase=0x00000000 initOnceGuard=0x00000101 timerPtr=0x79C26AD0 globalStatePtr=0x029E0020
[efz_netplay_mod][pid=292] INIT_SNAP[ForceLocalPlayInit_post_vtable1]: roleFlag[1]=0xA05F0 val=1967518556
[efz_netplay_mod][pid=292] INIT_SNAP[ForceLocalPlayInit_post_vtable1]: roleFlag[2]=0xA15FC val=0
[efz_netplay_mod][pid=292] INIT_SNAP[ForceLocalPlayInit_post_vtable1]: sessionPtr[1]=0xA02EC val=0x00000000
[efz_netplay_mod][pid=292] INIT_SNAP[ForceLocalPlayInit_post_vtable1]: session vtable=0x75450404 initComplete=-2139815924 activePlayer=0 queuePlayer=0 inputDelay=15
[efz_netplay_mod][pid=292] INIT_SNAP[ForceLocalPlayInit_post_vtable1]: session currentFrame=23441328 gameModeSnap=23443448 matchId=23443400 sentinel=1767853127 helperHandle=0x00000000
[efz_netplay_mod][pid=292] INIT_SNAP[ForceLocalPlayInit_post_vtable1]: session histPrimary=0x00000006 histSecondary=0x00000000 histPrimaryVec=0x01665894 histSecondaryVec=0x016658A0
[efz_netplay_mod][pid=292] INIT_SNAP[ForceLocalPlayInit_post_vtable1]: session +4=13304013 +8=13107408 +12=2031646 +16=1114144 +36=1
[efz_netplay_mod][pid=292] INIT_SNAP[ForceLocalPlayInit_post_vtable1]: g_localRoleFlag=2 g_localInitApplied=0 g_dllExitPatchesSaved=0 g_tournamentPatchesSaved=0 g_renderContextSaved=0 g_savedRenderCtx=0x00000000 g_frameHookInstalled=1 initCount=1
[efz_netplay_mod][pid=292] TICK_HOOK: deferred ForceLocalPlayInit result=1
[efz_netplay_mod][pid=292] ClearRevivalText: failed to restore render context
[efz_netplay_mod][pid=292] DisableRevivalTextRendering: failed to restore render context
[efz_netplay_mod][pid=292] CrashHandler: TOCTOU recovery guard reset
[efz_netplay_mod][pid=292] TICK_HOOK: deferred cancel cleanup complete
[efz_netplay_mod][pid=292] StateExport: flow menu=1->0 charsel=0->0 match=0->0 screen=0 mode=0 phase=0 role=0 p1Wins=0 p2Wins=0
[efz_netplay_mod][pid=292] StateExport: activity 1->0 screen=0 mode=0 phase=0 role=0 side=-1 p1='' p2='' caps=0x21 sessionId=0 setId=0 seq=3268
[efz_netplay_mod][pid=292] TICK_HOOK: *** ECX MISMATCH *** frameTick=1 exeECX=0x03253A50 dllSession=0x01665580 — overriding ECX with current session
[efz_netplay_mod][pid=292] TICK_HOOK: current session vtable=0x75450404 (RVA=0x90404)
[efz_netplay_mod][pid=292] DIAG[tick_ecx_mismatch]: dllExitPatchesSaved=0 tournamentPatchesSaved=0 renderContextSaved=0 savedRenderCtx=0x00000000
[efz_netplay_mod][pid=292] DIAG[tick_ecx_mismatch]: dllBase=0x753C0000 roleFlag=2 sessionPtr=0x01665580 renderCtx=0x79C26BC8 globalState=0x029E0020
[efz_netplay_mod][pid=292] DIAG[tick_ecx_mismatch]: session vtable=0x75450404 initComplete=-2139815924 activePlayer=0
[efz_netplay_mod][pid=292] DIAG[tick_ecx_mismatch]: exitPatch[0] RVA=0x7909D byte=0x74 expected=0x74
[efz_netplay_mod][pid=292] DIAG[tick_ecx_mismatch]: exitPatch[1] RVA=0x7215D byte=0x75 expected=0x75
[efz_netplay_mod][pid=292] DIAG[tick_ecx_mismatch]: exitPatch[2] RVA=0x7231F byte=0x74 expected=0x74
[efz_netplay_mod][pid=292] DIAG[tick_ecx_mismatch]: nearJccPatch[0] RVA=0x7251B bytes=0F 84
[efz_netplay_mod][pid=292] DIAG[tick_ecx_mismatch]: nearJccPatch[1] RVA=0x7252E bytes=0F 84
[efz_netplay_mod][pid=292] DIAG[tick_ecx_mismatch]: nearJccPatch[2] RVA=0x742E1 bytes=0F 84
[efz_netplay_mod][pid=292] DIAG[tick_ecx_mismatch]: nearJccPatch[3] RVA=0x742F4 bytes=0F 84
[efz_netplay_mod][pid=292] DIAG[tick_ecx_mismatch]: nearJccPatch[4] RVA=0x74301 bytes=0F 84
[efz_netplay_mod][pid=292] DIAG[tick_ecx_mismatch]: localRoleFlag=2 localInitApplied=0 exitIntercepted=0 exitMode=-1 frameHookInstalled=1 frameRecoveryPending=0 forceLocalPlayInitCount=1
[efz_netplay_mod][pid=292] DIAG[tick_ecx_mismatch]: revivalProcess=0x00000000 revivalPid=0 lastValidatedSession=0x01665580 lastSessionPtrOffset=0xA02CC
[efz_netplay_mod][pid=292] TICK_HOOK: heartbeat frameTick=1 session=0x01665580 exeECX=0x03253A50 match=0
[efz_netplay_mod][pid=292] NetplayCaseImpl: invoked
[efz_netplay_mod][pid=292] TriggerNetplayMenuEntry: titleSelection=5 screenContext=0x03253A50
[efz_netplay_mod][pid=292] PlayUiSound: sfx=6 gameSystem=0x029E0020
[efz_netplay_mod][pid=292] EnterNetplayMenu: request active=0 skipFadeOut=0
[efz_netplay_mod][pid=292] RunTransitionFadeOut: begin palette=52771454 baseVolume=0 volumeAdjustment=0
[efz_netplay_mod][pid=292] RunTransitionFadeOut: complete result=1
[efz_netplay_mod][pid=292] LoadNetplayAssets: begin (screenContext=0x03253A50)
[efz_netplay_mod][pid=292] ResolveNetplayBackgroundPath: searching for netplay_bg.dat
[efz_netplay_mod][pid=292] ResolveNetplayBackgroundPath: [DLL dir] probing 'Z:\mnt\shared\EFZ - Copy\mods\efz_netplay_mod\assets\netplay_bg.dat'
[efz_netplay_mod][pid=292] ResolveNetplayBackgroundPath: using 'Z:\mnt\shared\EFZ - Copy\mods\efz_netplay_mod\assets\netplay_bg.dat'
[efz_netplay_mod][pid=292] ResolveNetplayObjectsPath: searching for netplay objects
[efz_netplay_mod][pid=292] ResolveNetplayObjectsPath: [DLL dir] probing 'Z:\mnt\shared\EFZ - Copy\mods\efz_netplay_mod\assets\netplay_ob.dat'
[efz_netplay_mod][pid=292] ResolveNetplayObjectsPath: using 'Z:\mnt\shared\EFZ - Copy\mods\efz_netplay_mod\assets\netplay_ob.dat'
[efz_netplay_mod][pid=292] ParseEfzDatImage: parsed 'Z:\mnt\shared\EFZ - Copy\mods\efz_netplay_mod\assets\netplay_ob.dat' size=154370 firstByte=255 headerOffset=766 width=320 height=480 transparentSrc=20 hasTransparent=1 method=near_magenta exact=0 near=1
[efz_netplay_mod][pid=292] LoadNetplayAssets: derived source transparent index=20 from netplay_ob.dat
[efz_netplay_mod][pid=292] LoadNetplayAssets: derived netplay_ob layout srcY[261..387] dstY[95..221] rowH=14 width=320
[efz_netplay_mod][pid=292] LoadNetplayAssets: forcing transparent color=213 (src=20 + offset=193)
[efz_netplay_mod][pid=292] LoadNetplayAssets: done bg='Z:\mnt\shared\EFZ - Copy\mods\efz_netplay_mod\assets\netplay_bg.dat' obj='Z:\mnt\shared\EFZ - Copy\mods\efz_netplay_mod\assets\netplay_ob.dat' (palette bg=1 obj=1 transparent=213)
[efz_netplay_mod][pid=292] LoadNetplayAssets: object profile colorOffset=193 paletteStart=193 paletteCount=48 configStyle=1 optionCount=5 backIndex=4
[efz_netplay_mod][pid=292] LoadNetplaySpriteFont: no sprite font map found (runtime text disabled)
[efz_netplay_mod][pid=292] LoadNetplayAssets: sprite font unavailable, using object-sheet-only rendering
[efz_netplay_mod][pid=292] LoadNetplayMenuSettingsFromIni: loaded Network.Name='Aquatic_mod'
[efz_netplay_mod][pid=292] LoadNetplayMenuSettingsFromIni: loaded Network.Port=10800
[efz_netplay_mod][pid=292] ResetTitleMenuState: selection=0 menuState=0 initState=0 exitState=0
[efz_netplay_mod][pid=292] NetplayMenuSwitch: menu=Main selection=0 count=5 row=0(ROW_HOST) entry=HOST
[efz_netplay_mod][pid=292] InstallNetplayWindowHook: hwnd=0x0001005A originalProc=0x79B8C600
[efz_netplay_mod][pid=292] RunTransitionFadeIn: begin palette=52771454
[efz_netplay_mod][pid=292] RunTransitionFadeIn: complete result=1
[efz_netplay_mod][pid=292] EnterNetplayMenu: active menu=Main selection=0 bgmTrack=8 configStyle=1 optionCount=5 backIndex=4 skipFadeOut=0
[efz_netplay_mod][pid=292] HookedTitleUpdateImpl: title confirm edge selection=0
[efz_netplay_mod][pid=292] Takeover: host revival base=0x753C0000
[efz_netplay_mod][pid=292] StateExport: flow menu=0->1 charsel=0->0 match=0->0 screen=0 mode=0 phase=0 role=0 p1Wins=0 p2Wins=0
[efz_netplay_mod][pid=292] StateExport: activity 0->1 screen=0 mode=0 phase=0 role=0 side=-1 p1='' p2='' caps=0xB1 sessionId=0 setId=0 seq=3360
[efz_netplay_mod][pid=292] NetplayInput: P1(h=0 v=0 c=0 b=0) P2(h=0 v=0 c=0 b=0)
[efz_netplay_mod][pid=292] NetplayFrame: updates=562 menu=Main selection=0 row=0(ROW_HOST) inactivity=0 slide=0 nativeSlideRaw=0 nativeSlideScaled=0
[efz_netplay_mod][pid=292] NetplayInput: P1(h=0 v=1 c=0 b=0) P2(h=0 v=0 c=0 b=0)
[efz_netplay_mod][pid=292] PlayUiSound: sfx=8 gameSystem=0x029E0020
[efz_netplay_mod][pid=292] NetplaySelection: player=0 menu=Main from=0 to=1 row=1(ROW_JOIN) label=JOIN inputV=1
[efz_netplay_mod][pid=292] NetplayInput: P1(h=0 v=0 c=0 b=0) P2(h=0 v=0 c=0 b=0)
[efz_netplay_mod][pid=292] NetplayInput: P1(h=0 v=0 c=1 b=0) P2(h=0 v=0 c=0 b=0)
[efz_netplay_mod][pid=292] PlayUiSound: sfx=6 gameSystem=0x029E0020
[efz_netplay_mod][pid=292] NetplayConfirm: player=0 menu=Main selection=1 row=1(ROW_JOIN) label=JOIN action=OpenJoin
[efz_netplay_mod][pid=292] NetplayAction: menu=Main selection=1 row=1(ROW_JOIN) action=OpenJoin
[efz_netplay_mod][pid=292] NetplaySlide(native): start from=Main(1) to=Join(0) dir=1
[efz_netplay_mod][pid=292] NetplayMenuSwitch: menu=Join selection=0 count=4 row=1(ROW_JOIN) entry=JOIN_CONNECT
[efz_netplay_mod][pid=292] NetplaySlide(native): complete menu=Join selection=0
[efz_netplay_mod][pid=292] AcquireMenuDrawSurfaceLock: locked backbuffer surface (surface=0x01672958 size=640x480 pitch=640)
[efz_netplay_mod][pid=292] AcquireMenuDrawSurfaceLock: backbuffer surface details size=640x480 pitch=640 (lockW=0 lockH=480)
[efz_netplay_mod][pid=292] OverlayTextPalette: selected=224 rgb=(255,255,255) normal=217 rgb=(160,160,160) transparent=213
[efz_netplay_mod][pid=292] NetplayInput: P1(h=0 v=0 c=0 b=0) P2(h=0 v=0 c=0 b=0)
[efz_netplay_mod][pid=292] NetplayFrame: updates=654 menu=Join selection=0 row=1(ROW_JOIN) inactivity=61 slide=0 nativeSlideRaw=0 nativeSlideScaled=0
[efz_netplay_mod][pid=292] HookedTitleUpdateImpl: calls=1800 netplayActive=1
[efz_netplay_mod][pid=292] StateExport: heartbeat seq=3600 activity=1 menu=1 screen=0 mode=0 phase=0 role=0 side=-1 p1Wins=0 p2Wins=0 ping=-1 delay=-1 local='' p1='' p2='' revival='1.02e' caps=0xB1 sessionId=0 setId=0 endReason=0
[efz_netplay_mod][pid=292] NetplayFrame: updates=782 menu=Join selection=0 row=1(ROW_JOIN) inactivity=189 slide=0 nativeSlideRaw=0 nativeSlideScaled=0
[efz_netplay_mod][pid=292] NetplayFrame: updates=910 menu=Join selection=0 row=1(ROW_JOIN) inactivity=317 slide=0 nativeSlideRaw=0 nativeSlideScaled=0
[efz_netplay_mod][pid=292] HookedTitleUpdateImpl: calls=2100 netplayActive=1
[efz_netplay_mod][pid=292] StateExport: heartbeat seq=4200 activity=1 menu=1 screen=0 mode=0 phase=0 role=0 side=-1 p1Wins=0 p2Wins=0 ping=-1 delay=-1 local='' p1='' p2='' revival='1.02e' caps=0xB1 sessionId=0 setId=0 endReason=0
[efz_netplay_mod][pid=292] NetplayFrame: updates=1038 menu=Join selection=0 row=1(ROW_JOIN) inactivity=445 slide=0 nativeSlideRaw=0 nativeSlideScaled=0
[efz_netplay_mod][pid=292] TICK_HOOK: heartbeat frameTick=600 session=0x01665580 exeECX=0x03253A50 match=0
[efz_netplay_mod][pid=292] NetplayInput: P1(h=0 v=1 c=0 b=0) P2(h=0 v=0 c=0 b=0)
[efz_netplay_mod][pid=292] PlayUiSound: sfx=8 gameSystem=0x029E0020
[efz_netplay_mod][pid=292] NetplaySelection: player=0 menu=Join from=0 to=1 row=3(ROW_ADDRESS) label=JOIN_ADDRESS inputV=1
[efz_netplay_mod][pid=292] NetplayInput: P1(h=0 v=0 c=0 b=0) P2(h=0 v=0 c=0 b=0)
[efz_netplay_mod][pid=292] NetplayInput: P1(h=0 v=0 c=1 b=0) P2(h=0 v=0 c=0 b=0)
[efz_netplay_mod][pid=292] PlayUiSound: sfx=6 gameSystem=0x029E0020
[efz_netplay_mod][pid=292] NetplayConfirm: player=0 menu=Join selection=1 row=3(ROW_ADDRESS) label=JOIN_ADDRESS action=JoinEditAddress
[efz_netplay_mod][pid=292] NetplayAction: menu=Join selection=1 row=3(ROW_ADDRESS) action=JoinEditAddress
[efz_netplay_mod][pid=292] InlineEdit: begin action=JoinEditAddress value='127.0.0.1'
[efz_netplay_mod][pid=292] NetplayInput: P1(h=0 v=0 c=0 b=0) P2(h=0 v=0 c=0 b=0)
[efz_netplay_mod][pid=292] NetplayFrame: updates=1166 menu=Join selection=1 row=3(ROW_ADDRESS) inactivity=0 slide=0 nativeSlideRaw=0 nativeSlideScaled=0
[efz_netplay_mod][pid=292] InlineEdit: action=JoinEditAddress buffer='127.0.0.'
[efz_netplay_mod][pid=292] InlineEdit: action=JoinEditAddress buffer='127.0.0'
[efz_netplay_mod][pid=292] InlineEdit: action=JoinEditAddress buffer='127.0.'
[efz_netplay_mod][pid=292] InlineEdit: action=JoinEditAddress buffer='127.0'
[efz_netplay_mod][pid=292] InlineEdit: action=JoinEditAddress buffer='127.'
[efz_netplay_mod][pid=292] InlineEdit: action=JoinEditAddress buffer='127'
[efz_netplay_mod][pid=292] InlineEdit: action=JoinEditAddress buffer='12'
[efz_netplay_mod][pid=292] InlineEdit: action=JoinEditAddress buffer='1'
[efz_netplay_mod][pid=292] InlineEdit: action=JoinEditAddress buffer='18'
[efz_netplay_mod][pid=292] HookedTitleUpdateImpl: calls=2400 netplayActive=1
[efz_netplay_mod][pid=292] StateExport: heartbeat seq=4800 activity=1 menu=1 screen=0 mode=0 phase=0 role=0 side=-1 p1Wins=0 p2Wins=0 ping=-1 delay=-1 local='' p1='' p2='' revival='1.02e' caps=0xB1 sessionId=0 setId=0 endReason=0
[efz_netplay_mod][pid=292] NetplayFrame: updates=1294 menu=Join selection=1 row=3(ROW_ADDRESS) inactivity=0 slide=0 nativeSlideRaw=0 nativeSlideScaled=0
[efz_netplay_mod][pid=292] InlineEdit: action=JoinEditAddress buffer='1'
[efz_netplay_mod][pid=292] InlineEdit: action=JoinEditAddress buffer='19'
[efz_netplay_mod][pid=292] InlineEdit: action=JoinEditAddress buffer='192'
[efz_netplay_mod][pid=292] NetplayInput: P1(h=0 v=0 c=0 b=0) P2(h=0 v=0 c=0 b=1)
[efz_netplay_mod][pid=292] InlineEdit: action=JoinEditAddress buffer='192.'
[efz_netplay_mod][pid=292] NetplayInput: P1(h=0 v=0 c=0 b=0) P2(h=0 v=0 c=0 b=0)
[efz_netplay_mod][pid=292] InlineEdit: action=JoinEditAddress buffer='192.1'
[efz_netplay_mod][pid=292] InlineEdit: action=JoinEditAddress buffer='192.16'
[efz_netplay_mod][pid=292] InlineEdit: action=JoinEditAddress buffer='192.168'
[efz_netplay_mod][pid=292] NetplayInput: P1(h=0 v=0 c=0 b=0) P2(h=0 v=0 c=0 b=1)
[efz_netplay_mod][pid=292] InlineEdit: action=JoinEditAddress buffer='192.168.'
[efz_netplay_mod][pid=292] NetplayInput: P1(h=0 v=0 c=0 b=0) P2(h=0 v=0 c=0 b=0)
[efz_netplay_mod][pid=292] NetplayFrame: updates=1422 menu=Join selection=1 row=3(ROW_ADDRESS) inactivity=0 slide=0 nativeSlideRaw=0 nativeSlideScaled=0
[efz_netplay_mod][pid=292] InlineEdit: action=JoinEditAddress buffer='192.168.0-'
[efz_netplay_mod][pid=292] InlineEdit: action=JoinEditAddress buffer='192.168.0'
[efz_netplay_mod][pid=292] NetplayInput: P1(h=0 v=0 c=0 b=0) P2(h=0 v=0 c=0 b=1)
[efz_netplay_mod][pid=292] InlineEdit: action=JoinEditAddress buffer='192.168.0.'
[efz_netplay_mod][pid=292] NetplayInput: P1(h=0 v=0 c=0 b=0) P2(h=0 v=0 c=0 b=0)
[efz_netplay_mod][pid=292] InlineEdit: action=JoinEditAddress buffer='192.168.0.7'
[efz_netplay_mod][pid=292] InlineEdit: action=JoinEditAddress buffer='192.168.0.'
[efz_netplay_mod][pid=292] InlineEdit: action=JoinEditAddress buffer='192.168.0.6'
[efz_netplay_mod][pid=292] InlineEdit: commit action=JoinEditAddress value='192.168.0.6'
[efz_netplay_mod][pid=292] PlayUiSound: sfx=6 gameSystem=0x029E0020
[efz_netplay_mod][pid=292] NetplayFrame: updates=1550 menu=Join selection=1 row=3(ROW_ADDRESS) inactivity=15 slide=0 nativeSlideRaw=0 nativeSlideScaled=0
[efz_netplay_mod][pid=292] NetplayInput: P1(h=0 v=-1 c=0 b=0) P2(h=0 v=0 c=0 b=0)
[efz_netplay_mod][pid=292] PlayUiSound: sfx=8 gameSystem=0x029E0020
[efz_netplay_mod][pid=292] NetplaySelection: player=0 menu=Join from=1 to=0 row=1(ROW_JOIN) label=JOIN_CONNECT inputV=-1
[efz_netplay_mod][pid=292] NetplayInput: P1(h=0 v=0 c=0 b=0) P2(h=0 v=0 c=0 b=0)
[efz_netplay_mod][pid=292] NetplayInput: P1(h=0 v=0 c=1 b=0) P2(h=0 v=0 c=0 b=0)
[efz_netplay_mod][pid=292] PlayUiSound: sfx=6 gameSystem=0x029E0020
[efz_netplay_mod][pid=292] NetplayConfirm: player=0 menu=Join selection=0 row=1(ROW_JOIN) label=JOIN_CONNECT action=JoinConnect
[efz_netplay_mod][pid=292] NetplayAction: menu=Join selection=0 row=1(ROW_JOIN) action=JoinConnect
[efz_netplay_mod][pid=292] SessionBridge: StartSession role=1 port=10800 address='192.168.0.6' nickname='Aquatic_mod'
[efz_netplay_mod][pid=292] Takeover: StartSession role=1 port=10800 address='192.168.0.6' nickname='Aquatic_mod'
[efz_netplay_mod][pid=292] DIAG[StartSession_entry]: dllExitPatchesSaved=0 tournamentPatchesSaved=0 renderContextSaved=0 savedRenderCtx=0x00000000
[efz_netplay_mod][pid=292] DIAG[StartSession_entry]: dllBase=0x753C0000 roleFlag=2 sessionPtr=0x01665580 renderCtx=0x79C26BC8 globalState=0x029E0020
[efz_netplay_mod][pid=292] DIAG[StartSession_entry]: session vtable=0x75450404 initComplete=-2139815924 activePlayer=0
[efz_netplay_mod][pid=292] DIAG[StartSession_entry]: exitPatch[0] RVA=0x7909D byte=0x74 expected=0x74
[efz_netplay_mod][pid=292] DIAG[StartSession_entry]: exitPatch[1] RVA=0x7215D byte=0x75 expected=0x75
[efz_netplay_mod][pid=292] DIAG[StartSession_entry]: exitPatch[2] RVA=0x7231F byte=0x74 expected=0x74
[efz_netplay_mod][pid=292] DIAG[StartSession_entry]: nearJccPatch[0] RVA=0x7251B bytes=0F 84
[efz_netplay_mod][pid=292] DIAG[StartSession_entry]: nearJccPatch[1] RVA=0x7252E bytes=0F 84
[efz_netplay_mod][pid=292] DIAG[StartSession_entry]: nearJccPatch[2] RVA=0x742E1 bytes=0F 84
[efz_netplay_mod][pid=292] DIAG[StartSession_entry]: nearJccPatch[3] RVA=0x742F4 bytes=0F 84
[efz_netplay_mod][pid=292] DIAG[StartSession_entry]: nearJccPatch[4] RVA=0x74301 bytes=0F 84
[efz_netplay_mod][pid=292] DIAG[StartSession_entry]: localRoleFlag=2 localInitApplied=0 exitIntercepted=0 exitMode=-1 frameHookInstalled=1 frameRecoveryPending=0 forceLocalPlayInitCount=0
[efz_netplay_mod][pid=292] DIAG[StartSession_entry]: revivalProcess=0x00000000 revivalPid=0 lastValidatedSession=0x01665580 lastSessionPtrOffset=0xA02CC
[efz_netplay_mod][pid=292] Takeover: host revival base=0x753C0000
[efz_netplay_mod][pid=292] JoiningOverlay: activated  target=192.168.0.6:10800
[efz_netplay_mod][pid=292] SaveRenderContext: saved EfzRender* 0x79C26BC8 from offset 0xA0778 initOnceGuard=0x00000101 (H2: guard SET — init() will NOT refresh renderCtx)
[efz_netplay_mod][pid=292] Takeover: phase Idle -> Connecting reason=''
[efz_netplay_mod][pid=292] StateExport: new session sessionId=1
[efz_netplay_mod][pid=292] StateExport: nicknames local=''->'Aquatic_mod' p1=''->'' p2=''->'' seq=5396
[efz_netplay_mod][pid=292] TICK_HOOK: *** ECX MISMATCH *** frameTick=1 exeECX=0x03253A50 dllSession=0x01665580 — overriding ECX with current session
[efz_netplay_mod][pid=292] TICK_HOOK: current session vtable=0x75450404 (RVA=0x90404)
[efz_netplay_mod][pid=292] DIAG[tick_ecx_mismatch]: dllExitPatchesSaved=0 tournamentPatchesSaved=0 renderContextSaved=1 savedRenderCtx=0x79C26BC8
[efz_netplay_mod][pid=292] DIAG[tick_ecx_mismatch]: dllBase=0x753C0000 roleFlag=2 sessionPtr=0x01665580 renderCtx=0x79C26BC8 globalState=0x029E0020
[efz_netplay_mod][pid=292] DIAG[tick_ecx_mismatch]: session vtable=0x75450404 initComplete=-2139815924 activePlayer=0
[efz_netplay_mod][pid=292] DIAG[tick_ecx_mismatch]: exitPatch[0] RVA=0x7909D byte=0x74 expected=0x74
[efz_netplay_mod][pid=292] DIAG[tick_ecx_mismatch]: exitPatch[1] RVA=0x7215D byte=0x75 expected=0x75
[efz_netplay_mod][pid=292] DIAG[tick_ecx_mismatch]: exitPatch[2] RVA=0x7231F byte=0x74 expected=0x74
[efz_netplay_mod][pid=292] DIAG[tick_ecx_mismatch]: nearJccPatch[0] RVA=0x7251B bytes=0F 84
[efz_netplay_mod][pid=292] DIAG[tick_ecx_mismatch]: nearJccPatch[1] RVA=0x7252E bytes=0F 84
[efz_netplay_mod][pid=292] DIAG[tick_ecx_mismatch]: nearJccPatch[2] RVA=0x742E1 bytes=0F 84
[efz_netplay_mod][pid=292] DIAG[tick_ecx_mismatch]: nearJccPatch[3] RVA=0x742F4 bytes=0F 84
[efz_netplay_mod][pid=292] DIAG[tick_ecx_mismatch]: nearJccPatch[4] RVA=0x74301 bytes=0F 84
[efz_netplay_mod][pid=292] DIAG[tick_ecx_mismatch]: localRoleFlag=2 localInitApplied=0 exitIntercepted=0 exitMode=-1 frameHookInstalled=1 frameRecoveryPending=0 forceLocalPlayInitCount=0
[efz_netplay_mod][pid=292] DIAG[tick_ecx_mismatch]: revivalProcess=0x00000000 revivalPid=0 lastValidatedSession=0x00000000 lastSessionPtrOffset=0x0
[efz_netplay_mod][pid=292] TICK_HOOK: heartbeat frameTick=1 session=0x01665580 exeECX=0x03253A50 match=0
[efz_netplay_mod][pid=292] Takeover: WriteIni path='Z:\mnt\shared\EFZ - Copy\EfzRevival.ini' existed=1 role=1 port=10800 nickname='Aquatic_mod' address='192.168.0.6' result=1 (updated keys: Network.Name, Network.Port)
[efz_netplay_mod][pid=292] NetplayInput: P1(h=0 v=0 c=0 b=0) P2(h=0 v=0 c=0 b=0)
[efz_netplay_mod][pid=292] HookedTitleUpdateImpl: calls=2700 netplayActive=1
[efz_netplay_mod][pid=292] Takeover [Wine]: spawned EfzRevival suspended pid=352 (DLL override active)
[efz_netplay_mod][pid=292] Takeover: created kill-on-close job object handle=0000014C
[efz_netplay_mod][pid=292] Takeover: assigned pid=352 to kill-on-close job
[efz_netplay_mod][pid=292] Takeover [Wine]: injecting via CreateRemoteThread(LoadLibraryA)
[efz_netplay_mod][pid=292] StateExport: heartbeat seq=5400 activity=1 menu=1 screen=0 mode=2 phase=1 role=0 side=-1 p1Wins=0 p2Wins=0 ping=-1 delay=-1 local='Aquatic_mod' p1='' p2='' revival='1.02e' caps=0xB5 sessionId=1 setId=0 endReason=0
[efz_netplay_mod] logger initialized
[efz_netplay_mod][pid=352] CrashHandler: installed (mode=injected_takeover dir='Z:\mnt\shared\EFZ - Copy\mods\efz_netplay_mod' vectored=00CD0B18)
[efz_netplay_mod][pid=352] Module attached in EfzRevival.exe (injected takeover mode)
[efz_netplay_mod][pid=352] DetectRevivalVersion: EfzRevival.dll not loaded — keeping default profile 1.02e
[efz_netplay_mod][pid=352] Takeover: injected initialized ready=1 block=0x00250000 init=0x000000B0 console=0x000000B4 initAddr=0x00000000 hostRevivalBase=0x753C0000
[efz_netplay_mod][pid=292] Takeover: PatchIat target module='efzrevival.exe' base=0x00400000
[efz_netplay_mod][pid=292] Takeover: module 'efzrevival.exe' patched import count=16
[efz_netplay_mod][pid=292] Takeover: PatchIat target module='msvcrt.dll' base=0x7B030000
[efz_netplay_mod][pid=292] Takeover: module 'msvcrt.dll' patched import ReadConsoleA old=0x7BB0E704 new=0x75750AD0
[efz_netplay_mod][pid=292] Takeover: module 'msvcrt.dll' patched import count=6
[efz_netplay_mod][pid=292] Takeover: PatchIat target module='ucrtbase.dll' base=0x7AC40000
[efz_netplay_mod][pid=292] Takeover: module 'ucrtbase.dll' patched import ReadConsoleA old=0x7BB0E704 new=0x75750AD0
[efz_netplay_mod][pid=292] Takeover: module 'ucrtbase.dll' patched import TerminateProcess old=0x7BB0F474 new=0x75750EB0
[efz_netplay_mod][pid=292] Takeover: module 'ucrtbase.dll' patched import count=7
[efz_netplay_mod][pid=292] Takeover: patched import total count=29 modules=3
[efz_netplay_mod][pid=292] Takeover: join clipboard seeded with address '192.168.0.6:10800'
[efz_netplay_mod][pid=292] Takeover: resumed main thread result=1 [Wine]
[efz_netplay_mod][pid=292] Takeover: signaled console script menu=3 primaryLen=3 auxLen=0 auxSerial=0
[efz_netplay_mod][pid=292] Takeover: phase Connecting -> Connecting reason='awaiting handshake'
[efz_netplay_mod][pid=292] Takeover: start session armed (asynchronous handshake via Tick)
[efz_netplay_mod][pid=292] Takeover: connecting diag session=0x01665580 sessionOff=0xA02CC roleFlag=2 ping=-1 delay=15 sync(mode=0 flag1084=0 session=0 flags=0/4 ready=0) src(exe=1 dll=1 roleDll=1 sessDll=1) hits(rc=0 auto=0 cp=0 wpm=0 crt=0)
[efz_netplay_mod][pid=292] Takeover: runtime-ready probe ready=0 source=none localInit=0 prompt=0 input=0 session=0 bind(pid=0 handle=0) syncReady=0 role=2
[efz_netplay_mod][pid=352] nb_stub_ReadConsoleA: served input serial=1 source=injected value='3
'
[efz_netplay_mod][pid=292] Takeover: late PatchIat retry result=1 attempts=1 success=1 elapsed=502ms
[efz_netplay_mod][pid=292] StateExport: STALL detected — 267 ms since last update (seq=5488 phase=1)
[efz_netplay_mod][pid=292] StateExport: STALL detected — 382 ms since last update (seq=5522 phase=1)
[efz_netplay_mod][pid=292] NetplayFrame: updates=1658 menu=Join selection=0 row=1(ROW_JOIN) inactivity=89 slide=0 nativeSlideRaw=0 nativeSlideScaled=0
[efz_netplay_mod][pid=292] StateExport: STALL detected — 285 ms since last update (seq=5542 phase=1)
[efz_netplay_mod][pid=292] StateExport: STALL detected — 325 ms since last update (seq=5574 phase=1)
[efz_netplay_mod][pid=292] Takeover: connecting diag session=0x01665580 sessionOff=0xA02CC roleFlag=2 ping=-1 delay=15 sync(mode=0 flag1084=0 session=0 flags=0/4 ready=0) src(exe=1 dll=1 roleDll=1 sessDll=1) hits(rc=1 auto=0 cp=0 wpm=0 crt=0)
[efz_netplay_mod][pid=292] StateExport: STALL detected — 355 ms since last update (seq=5602 phase=1)
[efz_netplay_mod][pid=292] Takeover: runtime-ready probe ready=0 source=none localInit=0 prompt=0 input=0 session=0 bind(pid=0 handle=0) syncReady=0 role=2
[efz_netplay_mod][pid=292] StateExport: STALL detected — 268 ms since last update (seq=5626 phase=1)
[efz_netplay_mod][pid=292] NetplayFrame: updates=1718 menu=Join selection=0 row=1(ROW_JOIN) inactivity=149 slide=0 nativeSlideRaw=0 nativeSlideScaled=0
[efz_netplay_mod][pid=292] Takeover: late PatchIat retry result=1 attempts=7 success=7 elapsed=3522ms
[efz_netplay_mod][pid=292] StateExport: STALL detected — 398 ms since last update (seq=5660 phase=1)
[efz_netplay_mod][pid=292] StateExport: STALL detected — 265 ms since last update (seq=5678 phase=1)
[efz_netplay_mod][pid=292] Takeover: connecting diag session=0x01665580 sessionOff=0xA02CC roleFlag=2 ping=-1 delay=15 sync(mode=0 flag1084=0 session=0 flags=0/4 ready=0) src(exe=1 dll=1 roleDll=1 sessDll=1) hits(rc=1 auto=0 cp=0 wpm=0 crt=0)
[efz_netplay_mod][pid=292] StateExport: STALL detected — 322 ms since last update (seq=5714 phase=1)
[efz_netplay_mod][pid=352] Takeover: console prompt detected type=delay serial=1 avg=-1 minPing=-1 maxPing=-1 rec=-1 range=0..20 text='Enter the initial input delay (between ) 0 and 20, none for recommended):'
[efz_netplay_mod][pid=292] Takeover: delay prompt observed promptSerial=1 servedSerial=0 (waiting for init handshake/runtime sync before connected)
[efz_netplay_mod][pid=292] StateExport: STALL detected — 352 ms since last update (seq=5742 phase=1)
[efz_netplay_mod][pid=292] DelayOverlay: activated promptSerial=1 ping=-1 current=0 min=0 max=20 recommended=0 names='' vs ''
[efz_netplay_mod][pid=292] DelayOverlay: pixel draw surface=640x480 pitch=640
[efz_netplay_mod][pid=292] NetplayFrame: updates=1769 menu=Join selection=0 row=1(ROW_JOIN) inactivity=200 slide=0 nativeSlideRaw=0 nativeSlideScaled=0
[efz_netplay_mod][pid=292] StateExport: STALL detected — 272 ms since last update (seq=5766 phase=1)
[efz_netplay_mod][pid=292] Takeover: runtime-ready probe ready=0 source=none localInit=0 prompt=0 input=0 session=0 bind(pid=0 handle=0) syncReady=0 role=2
[efz_netplay_mod][pid=292] StateExport: STALL detected — 398 ms since last update (seq=5802 phase=1)
[efz_netplay_mod][pid=292] Takeover: connecting diag session=0x01665580 sessionOff=0xA02CC roleFlag=2 ping=-1 delay=15 sync(mode=0 flag1084=0 session=0 flags=0/4 ready=0) src(exe=1 dll=1 roleDll=1 sessDll=1) hits(rc=1 auto=0 cp=0 wpm=0 crt=0)
[efz_netplay_mod][pid=292] Takeover: late PatchIat retry result=1 attempts=13 success=13 elapsed=6558ms
[efz_netplay_mod][pid=292] StateExport: STALL detected — 271 ms since last update (seq=5820 phase=1)
[efz_netplay_mod][pid=292] StateExport: STALL detected — 324 ms since last update (seq=5854 phase=1)
[efz_netplay_mod][pid=292] NetplayFrame: updates=1827 menu=Join selection=0 row=1(ROW_JOIN) inactivity=258 slide=0 nativeSlideRaw=0 nativeSlideScaled=0
[efz_netplay_mod][pid=292] StateExport: STALL detected — 379 ms since last update (seq=5882 phase=1)
[efz_netplay_mod][pid=292] StateExport: STALL detected — 281 ms since last update (seq=5904 phase=1)
[efz_netplay_mod][pid=292] Takeover: connecting diag session=0x01665580 sessionOff=0xA02CC roleFlag=2 ping=-1 delay=15 sync(mode=0 flag1084=0 session=0 flags=0/4 ready=0) src(exe=1 dll=1 roleDll=1 sessDll=1) hits(rc=1 auto=0 cp=0 wpm=0 crt=0)
[efz_netplay_mod][pid=292] StateExport: STALL detected — 402 ms since last update (seq=5936 phase=1)
[efz_netplay_mod][pid=292] NetplayInput: P1(h=0 v=0 c=1 b=0) P2(h=0 v=0 c=0 b=0)
[efz_netplay_mod][pid=352] nb_stub_ReadConsoleA: auto input serial=1 source=injected reason=prompt_delay_selected read=128 value='0
' count=1
[efz_netplay_mod][pid=292] Takeover: ApplyInputDelay queued prompt input value=0 promptSerial=1 inputSerial=1
[efz_netplay_mod][pid=292] SessionBridge: ApplyInputDelay value=0 result=1 phase=Connecting
[efz_netplay_mod][pid=292] PlayUiSound: sfx=6 gameSystem=0x029E0020
[efz_netplay_mod][pid=292] DelayOverlay: confirmed player=0 selected=0 recommended=0 min=0 max=20 ping=-1 phase=Connecting syncReady=0
[efz_netplay_mod][pid=292] DelayOverlay: waiting for runtime sync after delay selection phase=Connecting prompt=1/1
[efz_netplay_mod][pid=292] NetplayInput: P1(h=0 v=0 c=0 b=0) P2(h=0 v=0 c=0 b=0)
[efz_netplay_mod][pid=292] StateExport: STALL detected — 266 ms since last update (seq=5954 phase=1)
[efz_netplay_mod][pid=292] NetplayFrame: updates=1879 menu=Join selection=0 row=1(ROW_JOIN) inactivity=310 slide=0 nativeSlideRaw=0 nativeSlideScaled=0
[efz_netplay_mod][pid=292] HookedTitleUpdateImpl: calls=3000 netplayActive=1
[efz_netplay_mod][pid=292] Takeover: runtime-ready probe ready=0 source=none localInit=0 prompt=0 input=0 session=0 bind(pid=0 handle=0) syncReady=0 role=2
[efz_netplay_mod][pid=292] Takeover: late PatchIat retry result=1 attempts=19 success=19 elapsed=9579ms
[efz_netplay_mod][pid=292] StateExport: STALL detected — 319 ms since last update (seq=5988 phase=1)
[efz_netplay_mod][pid=292] StateExport: heartbeat seq=6000 activity=1 menu=1 screen=0 mode=2 phase=1 role=0 side=-1 p1Wins=0 p2Wins=0 ping=-1 delay=-1 local='Aquatic_mod' p1='' p2='' revival='1.02e' caps=0xB5 sessionId=1 setId=0 endReason=0
[efz_netplay_mod][pid=352] nb_stub_CreateProcessA: redirected to host pid=292 source=injected
[efz_netplay_mod][pid=352] nb_stub_ReadProcessMemory: spoof addr=0x007871F4 size=4 value=0x4386998F count=1
[efz_netplay_mod][pid=352] nb_stub_CreateRemoteThread: bypass call start=0x7BB0E1C8 call=1 base=0x753C0000
[efz_netplay_mod][pid=352] nb_stub_WriteProcessMemory: observed init write mode=0 magic=102 dst=0x00330000
[efz_netplay_mod][pid=352] nb_stub_WriteProcessMemory: captured init params via write mode=0 magic=102
[efz_netplay_mod][pid=352] nb_stub_CreateRemoteThread: captured init params mode=0 magic=102 start=0x7542E830 call=2
[efz_netplay_mod][pid=352] Takeover: capture revival native logs=1 source=ini:Z:\mnt\shared\EFZ - Copy\EfzRevival.ini
[efz_netplay_mod][pid=352] Takeover: native workflow event=helper_loaded text='Successfully loaded'
[efz_netplay_mod][pid=292] DIAG[Tick_init_handshake_pre]: dllExitPatchesSaved=0 tournamentPatchesSaved=0 renderContextSaved=1 savedRenderCtx=0x79C26BC8
[efz_netplay_mod][pid=292] DIAG[Tick_init_handshake_pre]: dllBase=0x753C0000 roleFlag=2 sessionPtr=0x01665580 renderCtx=0x79C26BC8 globalState=0x029E0020
[efz_netplay_mod][pid=292] DIAG[Tick_init_handshake_pre]: session vtable=0x75450404 initComplete=-2139815924 activePlayer=0
[efz_netplay_mod][pid=292] DIAG[Tick_init_handshake_pre]: exitPatch[0] RVA=0x7909D byte=0x74 expected=0x74
[efz_netplay_mod][pid=292] DIAG[Tick_init_handshake_pre]: exitPatch[1] RVA=0x7215D byte=0x75 expected=0x75
[efz_netplay_mod][pid=292] DIAG[Tick_init_handshake_pre]: exitPatch[2] RVA=0x7231F byte=0x74 expected=0x74
[efz_netplay_mod][pid=292] DIAG[Tick_init_handshake_pre]: nearJccPatch[0] RVA=0x7251B bytes=0F 84
[efz_netplay_mod][pid=292] DIAG[Tick_init_handshake_pre]: nearJccPatch[1] RVA=0x7252E bytes=0F 84
[efz_netplay_mod][pid=292] DIAG[Tick_init_handshake_pre]: nearJccPatch[2] RVA=0x742E1 bytes=0F 84
[efz_netplay_mod][pid=292] DIAG[Tick_init_handshake_pre]: nearJccPatch[3] RVA=0x742F4 bytes=0F 84
[efz_netplay_mod][pid=292] DIAG[Tick_init_handshake_pre]: nearJccPatch[4] RVA=0x74301 bytes=0F 84
[efz_netplay_mod][pid=292] DIAG[Tick_init_handshake_pre]: localRoleFlag=2 localInitApplied=0 exitIntercepted=0 exitMode=-1 frameHookInstalled=1 frameRecoveryPending=0 forceLocalPlayInitCount=0
[efz_netplay_mod][pid=292] DIAG[Tick_init_handshake_pre]: revivalProcess=0x00000154 revivalPid=352 lastValidatedSession=0x01665580 lastSessionPtrOffset=0xA02CC
[efz_netplay_mod][pid=292] Takeover: init handshake observed (deferred) mode=0 magic=102 serial=3
[efz_netplay_mod][pid=292] INIT_SNAP[Tick_init_pre]: roleFlag=2 sessionPtr=0x01665580 initFlag=0 initByte=0x00 renderCtx=0x79C26BC8 renderCtxBase=0x00000000 initOnceGuard=0x00000101 timerPtr=0x79C26AD0 globalStatePtr=0x029E0020
[efz_netplay_mod][pid=292] INIT_SNAP[Tick_init_pre]: roleFlag[1]=0xA05F0 val=1967518556
[efz_netplay_mod][pid=292] INIT_SNAP[Tick_init_pre]: roleFlag[2]=0xA15FC val=0
[efz_netplay_mod][pid=292] INIT_SNAP[Tick_init_pre]: sessionPtr[1]=0xA02EC val=0x00000000
[efz_netplay_mod][pid=292] INIT_SNAP[Tick_init_pre]: session vtable=0x75450404 initComplete=-2139815924 activePlayer=0 queuePlayer=0 inputDelay=15
[efz_netplay_mod][pid=292] INIT_SNAP[Tick_init_pre]: session currentFrame=23441328 gameModeSnap=23443448 matchId=23443400 sentinel=1767853127 helperHandle=0x00000000
[efz_netplay_mod][pid=292] INIT_SNAP[Tick_init_pre]: session histPrimary=0x00000006 histSecondary=0x00000000 histPrimaryVec=0x01665894 histSecondaryVec=0x016658A0
[efz_netplay_mod][pid=292] INIT_SNAP[Tick_init_pre]: session +4=13304013 +8=13107408 +12=2031646 +16=1114144 +36=1
[efz_netplay_mod][pid=292] INIT_SNAP[Tick_init_pre]: g_localRoleFlag=2 g_localInitApplied=0 g_dllExitPatchesSaved=0 g_tournamentPatchesSaved=0 g_renderContextSaved=1 g_savedRenderCtx=0x79C26BC8 g_frameHookInstalled=1 initCount=0
[efz_netplay_mod][pid=292] Tick_init_handshake: DestroyCurrentSession starting session=0x01665580 role=2
[efz_netplay_mod][pid=292] Tick_init_handshake: DestroyCurrentSession vtable=0x75450404 (RVA 0x00090404)
[efz_netplay_mod][pid=292] Tick_init_handshake: DestroyCurrentSession calling dtor vtable[0]=0x753E8B90 session=0x01665580 role=2
[efz_netplay_mod][pid=292] Tick_init_handshake: DestroyCurrentSession destructor completed
[efz_netplay_mod][pid=292] ResetModeConstructorTrampolineCache: cleared 2 entries
[efz_netplay_mod][pid=292] Tick_init_handshake: DestroyCurrentSession done session=0x01665580 role=2 globalsZeroed=2
[efz_netplay_mod][pid=292] Tick_init_handshake: about to save EXE hook bytes before init() mode=0 oldSession=0x01665580
[efz_netplay_mod][pid=292] SaveExeFrameHookBytes: saved 10 bytes at 0x00401582 [E9 79 F7 25 01 90 90 90 90 90]
[efz_netplay_mod][pid=292] RestoreModeCtorOriginalBytes: restored 0x00763E50=[C6 40 2D 00 8B 4D D0] 0x00763F04=[8B 4D D0 C6 41 2D 00]
[efz_netplay_mod][pid=292] ResetModeConstructorTrampolineCache: cleared 2 entries
[efz_netplay_mod][pid=292] Tick_init_handshake: 0x401582 pre-init  [E9 79 F7 25 01 90 90 90 90 90]
[efz_netplay_mod][pid=292] Tick_init_handshake: calling init(mode=0, magic=102)
[efz_netplay_mod][pid=292] Tick_init_handshake: 0x401582 post-init [E9 B1 52 F3 04 90 90 90 90 90]
[efz_netplay_mod][pid=292] Tick_init_handshake: restoring saved EXE hook bytes (mode=0)
[efz_netplay_mod][pid=292] RestoreExeFrameHookBytes: restored 10 bytes at 0x00401582 [E9 79 F7 25 01 90 90 90 90 90]
[efz_netplay_mod][pid=292] Tick_init_handshake: 0x401582 restored  [E9 79 F7 25 01 90 90 90 90 90]
[efz_netplay_mod][pid=292] Tick_init_handshake: modeCtorFixup 0x00763E50 tramp=053367F8 orig=[C6 40 2D 00 8B 4D D0]
[efz_netplay_mod][pid=292] Tick_init_handshake: modeCtorFixup 0x00763E50 no relative instructions found
[efz_netplay_mod][pid=292] Tick_init_handshake: modeCtorFixup 0x00763F04 tramp=053367B8 orig=[8B 4D D0 C6 41 2D 00]
[efz_netplay_mod][pid=292] Tick_init_handshake: modeCtorFixup 0x00763F04 no relative instructions found
[efz_netplay_mod][pid=292] INIT_SNAP[Tick_init_post]: roleFlag=0 sessionPtr=0x05417190 initFlag=0 initByte=0x00 renderCtx=0x79C26BC8 renderCtxBase=0x00000000 initOnceGuard=0x00000101 timerPtr=0x79C26AD0 globalStatePtr=0x029E0020
[efz_netplay_mod][pid=292] INIT_SNAP[Tick_init_post]: roleFlag[1]=0xA05F0 val=1967518556
[efz_netplay_mod][pid=292] INIT_SNAP[Tick_init_post]: roleFlag[2]=0xA15FC val=0
[efz_netplay_mod][pid=292] INIT_SNAP[Tick_init_post]: sessionPtr[1]=0xA02EC val=0x00000000
[efz_netplay_mod][pid=292] INIT_SNAP[Tick_init_post]: session vtable=0x754502C0 initComplete=0 activePlayer=0 queuePlayer=1 inputDelay=0
[efz_netplay_mod][pid=292] INIT_SNAP[Tick_init_post]: session currentFrame=0 gameModeSnap=0 matchId=0 sentinel=2147482647 helperHandle=0x00000000
[efz_netplay_mod][pid=292] INIT_SNAP[Tick_init_post]: session histPrimary=0x7B310000 histSecondary=0x7B3208A0 histPrimaryVec=0x054174A4 histSecondaryVec=0x054174B0
[efz_netplay_mod][pid=292] INIT_SNAP[Tick_init_post]: session +4=1114760 +8=1986623077 +12=1697541217 +16=83912056 +36=480
[efz_netplay_mod][pid=292] INIT_SNAP[Tick_init_post]: g_localRoleFlag=0 g_localInitApplied=1 g_dllExitPatchesSaved=0 g_tournamentPatchesSaved=0 g_renderContextSaved=1 g_savedRenderCtx=0x79C26BC8 g_frameHookInstalled=1 initCount=0
[efz_netplay_mod][pid=292] Takeover: local init(mode=0 magic=102) result=2289392 [deferred] oldSession=0x01665580 newSession=0x05417190
[efz_netplay_mod][pid=292] Takeover: InvokeStartInitPlayer calling sub_10072880 session=0x05417190 fn=0x75432880 initComplete=0
[efz_netplay_mod][pid=292] Takeover: InvokeStartInitPlayer completed session=0x05417190 initComplete=1 activePlayer=1
[efz_netplay_mod][pid=292] Takeover: netplay role = Client (P2, inputs swapped)
[efz_netplay_mod][pid=292] INIT_SNAP[Tick_startInitPlayer_post]: roleFlag=0 sessionPtr=0x05417190 initFlag=0 initByte=0x00 renderCtx=0x79C26BC8 renderCtxBase=0x00000000 initOnceGuard=0x00000101 timerPtr=0x79C26AD0 globalStatePtr=0x029E0020
[efz_netplay_mod][pid=292] INIT_SNAP[Tick_startInitPlayer_post]: roleFlag[1]=0xA05F0 val=1967518556
[efz_netplay_mod][pid=292] INIT_SNAP[Tick_startInitPlayer_post]: roleFlag[2]=0xA15FC val=0
[efz_netplay_mod][pid=292] INIT_SNAP[Tick_startInitPlayer_post]: sessionPtr[1]=0xA02EC val=0x00000000
[efz_netplay_mod][pid=292] INIT_SNAP[Tick_startInitPlayer_post]: session vtable=0x754502C0 initComplete=1 activePlayer=1 queuePlayer=0 inputDelay=0
[efz_netplay_mod][pid=292] INIT_SNAP[Tick_startInitPlayer_post]: session currentFrame=0 gameModeSnap=0 matchId=0 sentinel=2147482647 helperHandle=0x000001BC
[efz_netplay_mod][pid=292] INIT_SNAP[Tick_startInitPlayer_post]: session histPrimary=0x054174B0 histSecondary=0x054174A4 histPrimaryVec=0x054174A4 histSecondaryVec=0x054174B0
[efz_netplay_mod][pid=292] INIT_SNAP[Tick_startInitPlayer_post]: session +4=0 +8=0 +12=0 +16=0 +36=480
[efz_netplay_mod][pid=292] INIT_SNAP[Tick_startInitPlayer_post]: g_localRoleFlag=0 g_localInitApplied=1 g_dllExitPatchesSaved=0 g_tournamentPatchesSaved=0 g_renderContextSaved=1 g_savedRenderCtx=0x79C26BC8 g_frameHookInstalled=1 initCount=0
[efz_netplay_mod][pid=292] Takeover: InvokeStartInitPlayer result=1 [deferred]
[efz_netplay_mod][pid=292] Takeover: init snapshot step SaveAndApplyDllExitProcessPatches for mode=0 (to be reversed by RestoreDllExitProcessPatches on exit)
[efz_netplay_mod][pid=292] SaveAndApplyDllExitProcessPatches: site 0 RVA 0x7909D: patched 0x74 -> 0xEB
[efz_netplay_mod][pid=292] SaveAndApplyDllExitProcessPatches: site 1 RVA 0x7215D: patched 0x75 -> 0xEB
[efz_netplay_mod][pid=292] SaveAndApplyDllExitProcessPatches: site 2 RVA 0x7231F: patched 0x74 -> 0xEB
[efz_netplay_mod][pid=292] SaveAndApplyDllExitProcessPatches: near-Jcc 0 RVA 0x7251B: patched 0F 84 -> 6xNOP
[efz_netplay_mod][pid=292] SaveAndApplyDllExitProcessPatches: near-Jcc 1 RVA 0x7252E: patched 0F 84 -> 6xNOP
[efz_netplay_mod][pid=292] SaveAndApplyDllExitProcessPatches: near-Jcc 2 RVA 0x742E1: patched 0F 84 -> 6xNOP
[efz_netplay_mod][pid=292] SaveAndApplyDllExitProcessPatches: near-Jcc 3 RVA 0x742F4: patched 0F 84 -> 6xNOP
[efz_netplay_mod][pid=292] SaveAndApplyDllExitProcessPatches: near-Jcc 4 RVA 0x74301: patched 0F 84 -> 6xNOP
[efz_netplay_mod][pid=292] SaveAndApplyDllExitProcessPatches: applied 3/3 single-byte + 5/5 near-Jcc patches
[efz_netplay_mod][pid=292] SaveAndApplyDllExitProcessPatches: all patches verified OK
[efz_netplay_mod][pid=292] Takeover: init snapshot complete for mode=0
[efz_netplay_mod][pid=292] Takeover: post-init session binding mode=0 source=strict session=0x05417190 pidField=352 expectedPid=352 handle=0x000001BC handlePid=352 handleExit=259 patched(pid=0 handle=0)
[efz_netplay_mod][pid=292] INIT_SNAP[Tick_initSequence_complete]: roleFlag=0 sessionPtr=0x05417190 initFlag=0 initByte=0x00 renderCtx=0x79C26BC8 renderCtxBase=0x00000000 initOnceGuard=0x00000101 timerPtr=0x79C26AD0 globalStatePtr=0x029E0020
[efz_netplay_mod][pid=292] INIT_SNAP[Tick_initSequence_complete]: roleFlag[1]=0xA05F0 val=1967518556
[efz_netplay_mod][pid=292] INIT_SNAP[Tick_initSequence_complete]: roleFlag[2]=0xA15FC val=0
[efz_netplay_mod][pid=292] INIT_SNAP[Tick_initSequence_complete]: sessionPtr[1]=0xA02EC val=0x00000000
[efz_netplay_mod][pid=292] INIT_SNAP[Tick_initSequence_complete]: session vtable=0x754502C0 initComplete=1 activePlayer=1 queuePlayer=0 inputDelay=0
[efz_netplay_mod][pid=292] INIT_SNAP[Tick_initSequence_complete]: session currentFrame=0 gameModeSnap=0 matchId=0 sentinel=2147482647 helperHandle=0x000001BC
[efz_netplay_mod][pid=292] INIT_SNAP[Tick_initSequence_complete]: session histPrimary=0x054174B0 histSecondary=0x054174A4 histPrimaryVec=0x054174A4 histSecondaryVec=0x054174B0
[efz_netplay_mod][pid=292] INIT_SNAP[Tick_initSequence_complete]: session +4=0 +8=0 +12=0 +16=0 +36=480
[efz_netplay_mod][pid=292] INIT_SNAP[Tick_initSequence_complete]: g_localRoleFlag=0 g_localInitApplied=1 g_dllExitPatchesSaved=1 g_tournamentPatchesSaved=0 g_renderContextSaved=1 g_savedRenderCtx=0x79C26BC8 g_frameHookInstalled=1 initCount=0
[efz_netplay_mod][pid=292] DIAG[Tick_init_handshake_post]: dllExitPatchesSaved=1 tournamentPatchesSaved=0 renderContextSaved=1 savedRenderCtx=0x79C26BC8
[efz_netplay_mod][pid=292] DIAG[Tick_init_handshake_post]: dllBase=0x753C0000 roleFlag=0 sessionPtr=0x05417190 renderCtx=0x79C26BC8 globalState=0x029E0020
[efz_netplay_mod][pid=292] DIAG[Tick_init_handshake_post]: session vtable=0x754502C0 initComplete=1 activePlayer=1
[efz_netplay_mod][pid=292] DIAG[Tick_init_handshake_post]: exitPatch[0] RVA=0x7909D byte=0xEB expected=0x74
[efz_netplay_mod][pid=292] DIAG[Tick_init_handshake_post]: exitPatch[1] RVA=0x7215D byte=0xEB expected=0x75
[efz_netplay_mod][pid=292] DIAG[Tick_init_handshake_post]: exitPatch[2] RVA=0x7231F byte=0xEB expected=0x74
[efz_netplay_mod][pid=292] DIAG[Tick_init_handshake_post]: nearJccPatch[0] RVA=0x7251B bytes=90 90
[efz_netplay_mod][pid=292] DIAG[Tick_init_handshake_post]: nearJccPatch[1] RVA=0x7252E bytes=90 90
[efz_netplay_mod][pid=292] DIAG[Tick_init_handshake_post]: nearJccPatch[2] RVA=0x742E1 bytes=90 90
[efz_netplay_mod][pid=292] DIAG[Tick_init_handshake_post]: nearJccPatch[3] RVA=0x742F4 bytes=90 90
[efz_netplay_mod][pid=292] DIAG[Tick_init_handshake_post]: nearJccPatch[4] RVA=0x74301 bytes=90 90
[efz_netplay_mod][pid=292] DIAG[Tick_init_handshake_post]: localRoleFlag=0 localInitApplied=1 exitIntercepted=0 exitMode=-1 frameHookInstalled=1 frameRecoveryPending=0 forceLocalPlayInitCount=0
[efz_netplay_mod][pid=292] DIAG[Tick_init_handshake_post]: revivalProcess=0x00000154 revivalPid=352 lastValidatedSession=0x05417190 lastSessionPtrOffset=0xA02CC
[efz_netplay_mod][pid=292] Takeover: runtime-ready probe ready=1 source=post_delay_binding localInit=1 prompt=1 input=1 session=1 bind(pid=1 handle=1) syncReady=0 role=0
[efz_netplay_mod][pid=292] Takeover: phase Connecting -> DelaySetup reason=''
[efz_netplay_mod][pid=292] Takeover: promoted to delay setup prompt=1/1 ping=0 delay=0
[efz_netplay_mod][pid=292] Takeover: phase DelaySetup -> Connected reason=''
[efz_netplay_mod][pid=292] Takeover: promoted to connected after runtime ready source=post_delay_binding sync=0/0/0 ping=0 delay=0
[efz_netplay_mod][pid=292] StateExport: STALL detected — 13835 ms since last update (seq=6016 phase=3)
[efz_netplay_mod][pid=292] StateExport: network ping=-1->0 delay=-1->0 seq=6017
[efz_netplay_mod][pid=292] NetplayFrame: updates=1905 menu=Join selection=0 row=1(ROW_JOIN) inactivity=336 slide=0 nativeSlideRaw=0 nativeSlideScaled=0
[efz_netplay_mod][pid=292] DelayOverlay: connected pre-handoff delay started frames=18 sync(mode=0 flag1084=0 session=0)
[efz_netplay_mod][pid=292] StateExport: nicknames local='Aquatic_mod'->'Aquatic_mod' p1=''->'Aquatic' p2=''->'Aquatic_mod' seq=6018
[efz_netplay_mod][pid=292] StateExport: network ping=0->1 delay=0->0 seq=6019
[efz_netplay_mod][pid=292] NetplayInput: P1(h=0 v=1 c=0 b=0) P2(h=0 v=0 c=0 b=0)
[efz_netplay_mod][pid=292] NetplayInput: P1(h=0 v=0 c=0 b=0) P2(h=0 v=0 c=0 b=0)
[efz_netplay_mod][pid=292] NetplayInput: P1(h=0 v=1 c=0 b=0) P2(h=0 v=0 c=0 b=0)
[efz_netplay_mod][pid=292] NetplayInput: P1(h=0 v=0 c=0 b=0) P2(h=0 v=0 c=0 b=0)
[efz_netplay_mod][pid=292] NetplayInput: P1(h=0 v=0 c=1 b=0) P2(h=0 v=0 c=0 b=0)
[efz_netplay_mod][pid=292] NetplayInput: P1(h=0 v=0 c=0 b=0) P2(h=0 v=0 c=0 b=0)
[efz_netplay_mod][pid=292] DelayOverlay: runtime sync ready after delay selection phase=Connected sync(mode=0 flag1084=0 session=0)
[efz_netplay_mod][pid=292] Takeover: host revival base=0x753C0000
[efz_netplay_mod][pid=292] Takeover: PrepareVsHumanHandoff roleSet=1 syncReady=0 mode=0 flag1084=0 sessionByte=0 flags=0/4 roleFlag=0
[efz_netplay_mod][pid=292] SessionBridge: PrepareVsHumanHandoff result=1 sync(mode=0 flag1084=0 session=0 flags=0/4)
[efz_netplay_mod][pid=292] HandoffConnectedSessionToVsHumanState: begin prepared=1 sync(mode=0 flag1084=0 session=0 flags=0/4 role=0) screen=0 peerAlive=1 PRE_charselect(obj=0x03253EA8 init=1 exit=0 mode=0/4)
[efz_netplay_mod][pid=292] RunTransitionFadeOut: begin palette=52771454 baseVolume=0 volumeAdjustment=0
[efz_netplay_mod][pid=292] RunTransitionFadeOut: complete result=1
[efz_netplay_mod][pid=292] PrepareVsHumanGameState: charselect full reset grid p1(0,0) p2(2,0) color=0/0 (obj=0x03253EA8)
[efz_netplay_mod][pid=292] PrepareVsHumanGameState: mode=4 secondaryMode=4 replaySession=0 rounds=2 cpuFlags=0/0 wins=0/0 match=0 continue=0 stage=0
[efz_netplay_mod][pid=292] StopCurrentBgm: reason=handoff_connected_session gameSystem=0x029E0020 result=1
[efz_netplay_mod][pid=292] RemoveNetplayWindowHook: restored
[efz_netplay_mod][pid=292] StateExport: STALL detected — 334 ms since last update (seq=6036 phase=3)
[efz_netplay_mod][pid=292] StateExport: flow menu=1->0 charsel=0->0 match=0->0 screen=0 mode=2 phase=3 role=2 p1Wins=0 p2Wins=0
[efz_netplay_mod][pid=292] StateExport: activity 1->0 screen=0 mode=2 phase=3 role=2 side=1 p1='Aquatic' p2='Aquatic_mod' caps=0x2D sessionId=1 setId=0 seq=6037
[efz_netplay_mod][pid=292] HandoffConnectedSessionToVsHumanState: queued global transition nextState=1 returnToNetplay=1 POST_charselect(init=1 exit=0 mode=4/4)
[efz_netplay_mod][pid=292] NetplayTransition: returning global state=1 from netplay menu
[efz_netplay_mod][pid=292] StateExport: charsel p1CharId=255->6 locked=0->0 p2CharId=255->4 locked=0->0 cursor=4 seq=6038
[efz_netplay_mod][pid=292] StateExport: flow menu=0->0 charsel=0->1 match=0->0 screen=1 mode=2 phase=3 role=2 p1Wins=0 p2Wins=0
[efz_netplay_mod][pid=292] StateExport: activity 0->4 screen=1 mode=2 phase=3 role=2 side=1 p1='Aquatic' p2='Aquatic_mod' caps=0x1ED sessionId=1 setId=0 seq=6038
[efz_netplay_mod][pid=292] StateExport:   charsel p1CharId=6 p2CharId=4 p1Locked=0 p2Locked=0 cursorChar=4
[efz_netplay_mod][pid=292] SCREEN_MONITOR: index 0 -> 1 tick=328 mode=4/4 screenObj=0x03253EA8 charselect(init=1 exit=0 obj=0x03253EA8)
[efz_netplay_mod][pid=292] StateExport: STALL detected — 390 ms since last update (seq=6038 phase=3)
[efz_netplay_mod][pid=292] StateExport: network ping=1->1 delay=0->1 seq=6039
97:10800'
[efz_netplay_mod][pid=352] Takeover: native workflow event=hole_punch_server_died endpoint='128.199.38.97:10800' text='128.199.38.97:10800 died'
[efz_netplay_mod][pid=292] StateExport: network ping=1->0 delay=1->1 seq=6049
[efz_netplay_mod][pid=292] StateExport: network ping=0->1 delay=1->1 seq=6061
[efz_netplay_mod][pid=292] StateExport: network ping=1->0 delay=1->1 seq=6100
[efz_netplay_mod][pid=292] StateExport: network ping=0->1 delay=1->1 seq=6113
[efz_netplay_mod][pid=292] StateExport: network ping=1->0 delay=1->1 seq=6125
[efz_netplay_mod][pid=292] StateExport: network ping=0->1 delay=1->1 seq=6138
[efz_netplay_mod][pid=292] StateExport: charsel p1CharId=6->7 locked=0->1 p2CharId=4->4 locked=0->0 cursor=4 seq=6139
[efz_netplay_mod][pid=292] StateExport: charsel p1CharId=7->1 locked=1->1 p2CharId=4->4 locked=0->0 cursor=4 seq=6140
[efz_netplay_mod][pid=292] StateExport: charsel p1CharId=1->3 locked=1->1 p2CharId=4->4 locked=0->0 cursor=4 seq=6141
[efz_netplay_mod][pid=292] StateExport: charsel p1CharId=3->9 locked=1->1 p2CharId=4->4 locked=0->0 cursor=4 seq=6142
[efz_netplay_mod][pid=292] StateExport: charsel p1CharId=9->2 locked=1->1 p2CharId=4->4 locked=0->0 cursor=4 seq=6143
[efz_netplay_mod][pid=292] StateExport: charsel p1CharId=2->20 locked=1->1 p2CharId=4->4 locked=0->0 cursor=4 seq=6144
[efz_netplay_mod][pid=292] StateExport: charsel p1CharId=20->12 locked=1->1 p2CharId=4->4 locked=0->0 cursor=4 seq=6145
[efz_netplay_mod][pid=292] StateExport: charsel p1CharId=12->15 locked=1->1 p2CharId=4->4 locked=0->0 cursor=4 seq=6146
[efz_netplay_mod][pid=292] StateExport: charsel p1CharId=15->13 locked=1->1 p2CharId=4->4 locked=0->0 cursor=4 seq=6149
[efz_netplay_mod][pid=292] StateExport: network ping=1->0 delay=1->1 seq=6151
[efz_netplay_mod][pid=292] StateExport: charsel p1CharId=13->15 locked=1->1 p2CharId=4->4 locked=0->0 cursor=4 seq=6152
[efz_netplay_mod][pid=292] StateExport: charsel p1CharId=15->255 locked=1->1 p2CharId=4->4 locked=0->0 cursor=4 seq=6153
[efz_netplay_mod][pid=292] StateExport: charsel p1CharId=255->0 locked=1->1 p2CharId=4->4 locked=0->0 cursor=4 seq=6155
[efz_netplay_mod][pid=292] StateExport: charsel p1CharId=0->6 locked=1->1 p2CharId=4->4 locked=0->0 cursor=4 seq=6157
[efz_netplay_mod][pid=292] StateExport: charsel p1CharId=6->7 locked=1->1 p2CharId=4->4 locked=0->0 cursor=4 seq=6158
[efz_netplay_mod][pid=292] StateExport: charsel p1CharId=7->1 locked=1->1 p2CharId=4->4 locked=0->0 cursor=4 seq=6159
[efz_netplay_mod][pid=292] StateExport: charsel p1CharId=1->8 locked=1->1 p2CharId=4->4 locked=0->0 cursor=4 seq=6161
[efz_netplay_mod][pid=292] StateExport: charsel p1CharId=8->9 locked=1->1 p2CharId=4->4 locked=0->0 cursor=4 seq=6163
[efz_netplay_mod][pid=292] StateExport: network ping=0->1 delay=1->1 seq=6164
[efz_netplay_mod][pid=292] StateExport: charsel p1CharId=9->2 locked=1->1 p2CharId=4->4 locked=0->0 cursor=4 seq=6165
[efz_netplay_mod][pid=292] StateExport: charsel p1CharId=2->9 locked=1->1 p2CharId=4->4 locked=0->0 cursor=4 seq=6166
[efz_netplay_mod][pid=292] StateExport: charsel p1CharId=9->2 locked=1->1 p2CharId=4->4 locked=0->0 cursor=4 seq=6167
[efz_netplay_mod][pid=292] StateExport: charsel p1CharId=2->20 locked=1->1 p2CharId=4->4 locked=0->0 cursor=4 seq=6168
[efz_netplay_mod][pid=292] StateExport: charsel p1CharId=20->23 locked=1->1 p2CharId=4->4 locked=0->0 cursor=4 seq=6169
[efz_netplay_mod][pid=292] StateExport: charsel p1CharId=23->20 locked=1->1 p2CharId=4->4 locked=0->0 cursor=4 seq=6170
[efz_netplay_mod][pid=292] StateExport: charsel p1CharId=20->21 locked=1->1 p2CharId=4->4 locked=0->0 cursor=4 seq=6173
[efz_netplay_mod][pid=292] StateExport: charsel p1CharId=21->23 locked=1->1 p2CharId=4->4 locked=0->0 cursor=4 seq=6174
[efz_netplay_mod][pid=292] StateExport: charsel p1CharId=23->14 locked=1->1 p2CharId=4->4 locked=0->0 cursor=4 seq=6175
[efz_netplay_mod][pid=292] StateExport: charsel p1CharId=14->12 locked=1->1 p2CharId=4->4 locked=0->0 cursor=4 seq=6176
[efz_netplay_mod][pid=292] StateExport: network ping=1->0 delay=1->1 seq=6177
[efz_netplay_mod][pid=292] StateExport: charsel p1CharId=12->15 locked=1->1 p2CharId=4->4 locked=0->0 cursor=4 seq=6177
[efz_netplay_mod][pid=292] StateExport: charsel p1CharId=15->17 locked=1->1 p2CharId=4->4 locked=0->0 cursor=4 seq=6178
[efz_netplay_mod][pid=292] StateExport: charsel p1CharId=17->15 locked=1->1 p2CharId=4->4 locked=0->0 cursor=4 seq=6179
[efz_netplay_mod][pid=292] StateExport: charsel p1CharId=15->255 locked=1->1 p2CharId=4->4 locked=0->0 cursor=4 seq=6180
[efz_netplay_mod][pid=292] StateExport: charsel p1CharId=255->19 locked=1->1 p2CharId=4->4 locked=0->0 cursor=4 seq=6181
[efz_netplay_mod][pid=292] StateExport: charsel p1CharId=19->255 locked=1->1 p2CharId=4->4 locked=0->0 cursor=4 seq=6183
[efz_netplay_mod][pid=292] StateExport: charsel p1CharId=255->16 locked=1->1 p2CharId=4->4 locked=0->0 cursor=4 seq=6184
[efz_netplay_mod][pid=292] StateExport: charsel p1CharId=16->6 locked=1->1 p2CharId=4->4 locked=0->0 cursor=4 seq=6185
[efz_netplay_mod][pid=292] StateExport: charsel p1CharId=6->7 locked=1->1 p2CharId=4->4 locked=0->0 cursor=4 seq=6186
[efz_netplay_mod][pid=292] StateExport: network ping=0->1 delay=1->1 seq=6189
[efz_netplay_mod][pid=292] StateExport: charsel p1CharId=7->1 locked=1->1 p2CharId=4->4 locked=0->0 cursor=4 seq=6189
[efz_netplay_mod][pid=292] StateExport: charsel p1CharId=1->8 locked=1->1 p2CharId=4->4 locked=0->0 cursor=4 seq=6190
[efz_netplay_mod][pid=292] StateExport: charsel p1CharId=8->9 locked=1->1 p2CharId=4->4 locked=0->0 cursor=4 seq=6191
[efz_netplay_mod][pid=292] StateExport: charsel p1CharId=9->8 locked=1->1 p2CharId=4->4 locked=0->0 cursor=4 seq=6192
[efz_netplay_mod][pid=292] StateExport: charsel p1CharId=8->23 locked=1->1 p2CharId=4->4 locked=0->0 cursor=4 seq=6193
[efz_netplay_mod][pid=292] StateExport: charsel p1CharId=23->14 locked=1->1 p2CharId=4->4 locked=0->0 cursor=4 seq=6194
[efz_netplay_mod][pid=292] StateExport: charsel p1CharId=14->17 locked=1->1 p2CharId=4->4 locked=0->0 cursor=4 seq=6195
[efz_netplay_mod][pid=292] StateExport: charsel p1CharId=17->16 locked=1->1 p2CharId=4->4 locked=0->0 cursor=4 seq=6196
[efz_netplay_mod][pid=292] StateExport: charsel p1CharId=16->16 locked=1->0 p2CharId=4->4 locked=0->0 cursor=4 seq=6198
[efz_netplay_mod][pid=292] StateExport: network ping=1->0 delay=1->1 seq=6202
[efz_netplay_mod][pid=292] StateExport: network ping=0->2 delay=1->1 seq=6215
[efz_netplay_mod][pid=292] StateExport: network ping=2->1 delay=1->1 seq=6228
[efz_netplay_mod][pid=292] StateExport: network ping=1->0 delay=1->1 seq=6253
[efz_netplay_mod][pid=292] StateExport: network ping=0->1 delay=1->1 seq=6266
[efz_netplay_mod][pid=292] StateExport: network ping=1->2 delay=1->1 seq=6279
[efz_netplay_mod][pid=292] StateExport: network ping=2->1 delay=1->1 seq=6292
[efz_netplay_mod][pid=292] TICK_HOOK: heartbeat frameTick=600 session=0x05417190 exeECX=0x03253EA8 match=0
[efz_netplay_mod][pid=292] StateExport: charsel p1CharId=16->16 locked=0->0 p2CharId=4->6 locked=0->1 cursor=6 seq=6332
[efz_netplay_mod][pid=292] StateExport: charsel p1CharId=16->16 locked=0->0 p2CharId=6->4 locked=1->1 cursor=4 seq=6333
[efz_netplay_mod][pid=292] StateExport: charsel p1CharId=16->16 locked=0->0 p2CharId=4->11 locked=1->1 cursor=11 seq=6334
[efz_netplay_mod][pid=292] StateExport: charsel p1CharId=16->16 locked=0->0 p2CharId=11->7 locked=1->1 cursor=7 seq=6335
[efz_netplay_mod][pid=292] StateExport: charsel p1CharId=16->16 locked=0->0 p2CharId=7->1 locked=1->1 cursor=1 seq=6336
[efz_netplay_mod][pid=292] StateExport: charsel p1CharId=16->16 locked=0->0 p2CharId=1->3 locked=1->1 cursor=3 seq=6337
[efz_netplay_mod][pid=292] StateExport: charsel p1CharId=16->16 locked=0->0 p2CharId=3->9 locked=1->1 cursor=9 seq=6338
[efz_netplay_mod][pid=292] StateExport: charsel p1CharId=16->16 locked=0->0 p2CharId=9->21 locked=1->1 cursor=21 seq=6339
[efz_netplay_mod][pid=292] StateExport: charsel p1CharId=16->16 locked=0->0 p2CharId=21->23 locked=1->1 cursor=23 seq=6340
[efz_netplay_mod][pid=292] StateExport: charsel p1CharId=16->16 locked=0->0 p2CharId=23->14 locked=1->1 cursor=14 seq=6343
[efz_netplay_mod][pid=292] StateExport: charsel p1CharId=16->16 locked=0->0 p2CharId=14->12 locked=1->1 cursor=12 seq=6344
[efz_netplay_mod][pid=292] StateExport: charsel p1CharId=16->16 locked=0->0 p2CharId=12->18 locked=1->1 cursor=18 seq=6346
[efz_netplay_mod][pid=292] StateExport: charsel p1CharId=16->16 locked=0->0 p2CharId=18->12 locked=1->1 cursor=12 seq=6347
[efz_netplay_mod][pid=292] StateExport: charsel p1CharId=16->16 locked=0->0 p2CharId=12->15 locked=1->1 cursor=15 seq=6348
[efz_netplay_mod][pid=292] StateExport: charsel p1CharId=16->16 locked=0->0 p2CharId=15->255 locked=1->1 cursor=255 seq=6349
[efz_netplay_mod][pid=292] StateExport: charsel p1CharId=16->16 locked=0->0 p2CharId=255->16 locked=1->1 cursor=16 seq=6350
[efz_netplay_mod][pid=292] StateExport: charsel p1CharId=16->16 locked=0->0 p2CharId=16->6 locked=1->1 cursor=6 seq=6351
[efz_netplay_mod][pid=292] StateExport: charsel p1CharId=16->16 locked=0->0 p2CharId=6->7 locked=1->1 cursor=7 seq=6352
[efz_netplay_mod][pid=292] StateExport: charsel p1CharId=16->16 locked=0->0 p2CharId=7->1 locked=1->1 cursor=1 seq=6353
[efz_netplay_mod][pid=292] StateExport: charsel p1CharId=16->16 locked=0->0 p2CharId=1->8 locked=1->1 cursor=8 seq=6354
[efz_netplay_mod][pid=292] StateExport: charsel p1CharId=16->16 locked=0->0 p2CharId=8->23 locked=1->1 cursor=23 seq=6355
[efz_netplay_mod][pid=292] StateExport: charsel p1CharId=16->16 locked=0->0 p2CharId=23->20 locked=1->1 cursor=20 seq=6356
[efz_netplay_mod][pid=292] StateExport: charsel p1CharId=16->16 locked=0->0 p2CharId=20->12 locked=1->1 cursor=12 seq=6357
[efz_netplay_mod][pid=292] StateExport: charsel p1CharId=16->16 locked=0->0 p2CharId=12->15 locked=1->1 cursor=15 seq=6358
[efz_netplay_mod][pid=292] StateExport: charsel p1CharId=16->16 locked=0->0 p2CharId=15->13 locked=1->1 cursor=13 seq=6360
[efz_netplay_mod][pid=292] StateExport: charsel p1CharId=16->16 locked=0->0 p2CharId=13->17 locked=1->1 cursor=17 seq=6361
[efz_netplay_mod][pid=292] StateExport: charsel p1CharId=16->16 locked=0->0 p2CharId=17->16 locked=1->1 cursor=16 seq=6362
[efz_netplay_mod][pid=292] StateExport: charsel p1CharId=16->16 locked=0->0 p2CharId=16->6 locked=1->1 cursor=6 seq=6363
[efz_netplay_mod][pid=292] StateExport: charsel p1CharId=16->16 locked=0->0 p2CharId=6->4 locked=1->1 cursor=4 seq=6364
[efz_netplay_mod][pid=292] StateExport: charsel p1CharId=16->16 locked=0->0 p2CharId=4->11 locked=1->1 cursor=11 seq=6365
[efz_netplay_mod][pid=292] StateExport: charsel p1CharId=16->16 locked=0->0 p2CharId=11->5 locked=1->1 cursor=5 seq=6366
[efz_netplay_mod][pid=292] StateExport: charsel p1CharId=16->16 locked=0->0 p2CharId=5->11 locked=1->1 cursor=11 seq=6367
[efz_netplay_mod][pid=292] StateExport: charsel p1CharId=16->16 locked=0->0 p2CharId=11->3 locked=1->1 cursor=3 seq=6368
[efz_netplay_mod][pid=292] StateExport: charsel p1CharId=16->16 locked=0->0 p2CharId=3->10 locked=1->1 cursor=10 seq=6369
[efz_netplay_mod][pid=292] StateExport: charsel p1CharId=16->16 locked=0->0 p2CharId=10->3 locked=1->1 cursor=3 seq=6370
[efz_netplay_mod][pid=292] StateExport: charsel p1CharId=16->16 locked=0->0 p2CharId=3->1 locked=1->1 cursor=1 seq=6371
[efz_netplay_mod][pid=292] StateExport: charsel p1CharId=16->16 locked=0->0 p2CharId=1->8 locked=1->1 cursor=8 seq=6372
[efz_netplay_mod][pid=292] StateExport: charsel p1CharId=16->16 locked=0->0 p2CharId=8->23 locked=1->1 cursor=23 seq=6373
[efz_netplay_mod][pid=292] StateExport: charsel p1CharId=16->16 locked=0->0 p2CharId=23->20 locked=1->1 cursor=20 seq=6374
[efz_netplay_mod][pid=292] StateExport: charsel p1CharId=16->16 locked=0->0 p2CharId=20->12 locked=1->1 cursor=12 seq=6375
[efz_netplay_mod][pid=292] StateExport: charsel p1CharId=16->16 locked=0->0 p2CharId=12->18 locked=1->1 cursor=18 seq=6376
[efz_netplay_mod][pid=292] StateExport: charsel p1CharId=16->16 locked=0->0 p2CharId=18->13 locked=1->1 cursor=13 seq=6378
[efz_netplay_mod][pid=292] StateExport: charsel p1CharId=16->16 locked=0->0 p2CharId=13->19 locked=1->1 cursor=19 seq=6379
[efz_netplay_mod][pid=292] StateExport: network ping=1->0 delay=1->1 seq=6381
[efz_netplay_mod][pid=292] StateExport: charsel p1CharId=16->16 locked=0->0 p2CharId=19->255 locked=1->1 cursor=255 seq=6381
[efz_netplay_mod][pid=292] StateExport: charsel p1CharId=16->16 locked=0->0 p2CharId=255->0 locked=1->1 cursor=0 seq=6382
[efz_netplay_mod][pid=292] StateExport: charsel p1CharId=16->16 locked=0->0 p2CharId=0->6 locked=1->1 cursor=6 seq=6383
[efz_netplay_mod][pid=292] StateExport: charsel p1CharId=16->16 locked=0->0 p2CharId=6->7 locked=1->1 cursor=7 seq=6384
[efz_netplay_mod][pid=292] StateExport: charsel p1CharId=16->16 locked=0->0 p2CharId=7->1 locked=1->1 cursor=1 seq=6385
[efz_netplay_mod][pid=292] StateExport: charsel p1CharId=16->16 locked=0->0 p2CharId=1->8 locked=1->1 cursor=8 seq=6387
[efz_netplay_mod][pid=292] StateExport: charsel p1CharId=16->16 locked=0->0 p2CharId=8->2 locked=1->1 cursor=2 seq=6389
[efz_netplay_mod][pid=292] StateExport: charsel p1CharId=16->16 locked=0->0 p2CharId=2->9 locked=1->1 cursor=9 seq=6390
[efz_netplay_mod][pid=292] StateExport: charsel p1CharId=16->16 locked=0->0 p2CharId=9->9 locked=1->0 cursor=9 seq=6391
[efz_netplay_mod][pid=292] StateExport: network ping=0->1 delay=1->1 seq=6419
[efz_netplay_mod][pid=292] StateExport: network ping=1->0 delay=1->1 seq=6445
[efz_netplay_mod][pid=292] StateExport: network ping=0->1 delay=1->1 seq=6470
[efz_netplay_mod][pid=292] StateExport: STALL detected — 332 ms since last update (seq=6488 phase=3)
[efz_netplay_mod][pid=292] StateExport: activity 4->5 screen=2 mode=2 phase=3 role=2 side=1 p1='Aquatic' p2='Aquatic_mod' caps=0x1EF sessionId=1 setId=0 seq=6489
[efz_netplay_mod][pid=292] StateExport:   charsel p1CharId=16 p2CharId=9 p1Locked=0 p2Locked=0 cursorChar=9
[efz_netplay_mod][pid=292] SCREEN_MONITOR: index 1 -> 2 tick=779 mode=4/4 screenObj=0x03254410 charselect(init=2 exit=0 obj=0x03253EA8)
[efz_netplay_mod][pid=292] StateExport: STALL detected — 2151 ms since last update (seq=6489 phase=3)
[efz_netplay_mod][pid=292] StateExport: charsel p1CharId=16->255 locked=0->0 p2CharId=9->255 locked=0->0 cursor=255 seq=6490
[efz_netplay_mod][pid=292] StateExport: flow menu=0->0 charsel=1->0 match=0->1 screen=3 mode=2 phase=3 role=2 p1Wins=0 p2Wins=0
[efz_netplay_mod][pid=292] StateExport: activity 5->6 screen=3 mode=2 phase=3 role=2 side=1 p1='Aquatic' p2='Aquatic_mod' caps=0x2EF sessionId=1 setId=0 seq=6490
[efz_netplay_mod][pid=292] StateExport:   match round=1 isRoundActive=1 p1Wins=0 p2Wins=0
[efz_netplay_mod][pid=292] SCREEN_MONITOR: index 2 -> 3 tick=780 mode=5/1 screenObj=0x03254850 charselect(init=2 exit=0 obj=0x03253EA8)
[efz_netplay_mod][pid=292] StateExport: STALL detected — 423 ms since last update (seq=6490 phase=3)
[efz_netplay_mod][pid=292] StateExport: network ping=1->0 delay=1->0 seq=6491
[efz_netplay_mod][pid=292] StateExport: network ping=0->4 delay=0->0 seq=6493
[efz_netplay_mod][pid=292] StateExport: network ping=4->0 delay=0->0 seq=6506
[efz_netplay_mod][pid=292] StateExport: network ping=0->2 delay=0->0 seq=6518
[efz_netplay_mod][pid=292] StateExport: network ping=2->0 delay=0->0 seq=6531
[efz_netplay_mod][pid=292] StateExport: network ping=0->1 delay=0->0 seq=6544
[efz_netplay_mod][pid=292] StateExport: network ping=1->0 delay=0->0 seq=6557
[efz_netplay_mod][pid=292] StateExport: network ping=0->1 delay=0->0 seq=6570
[efz_netplay_mod][pid=292] StateExport: heartbeat seq=6600 activity=6 menu=0 screen=3 mode=2 phase=3 role=2 side=1 p1Wins=0 p2Wins=0 ping=1 delay=0 local='Aquatic_mod' p1='Aquatic' p2='Aquatic_mod' revival='1.02e' caps=0x2EF sessionId=1 setId=0 endReason=0
[efz_netplay_mod][pid=292] StateExport: network ping=1->0 delay=0->0 seq=6608
[efz_netplay_mod][pid=292] StateExport: network ping=0->1 delay=0->0 seq=6621
[efz_netplay_mod][pid=292] StateExport: network ping=1->0 delay=0->0 seq=6633
[efz_netplay_mod][pid=292] StateExport: network ping=0->1 delay=0->0 seq=6646
[efz_netplay_mod][pid=292] StateExport: network ping=1->0 delay=0->0 seq=6659
[efz_netplay_mod][pid=292] StateExport: network ping=0->1 delay=0->0 seq=6672
[efz_netplay_mod][pid=292] StateExport: network ping=1->0 delay=0->0 seq=6685
[efz_netplay_mod][pid=292] StateExport: network ping=0->1 delay=0->0 seq=6697
[efz_netplay_mod][pid=292] StateExport: network ping=1->0 delay=0->0 seq=6736
[efz_netplay_mod][pid=292] StateExport: network ping=0->1 delay=0->0 seq=6774
[efz_netplay_mod][pid=292] StateExport: network ping=1->0 delay=0->0 seq=6787
[efz_netplay_mod][pid=292] StateExport: network ping=0->1 delay=0->0 seq=6825
[efz_netplay_mod][pid=292] StateExport: network ping=1->0 delay=0->0 seq=6838
[efz_netplay_mod][pid=292] StateExport: network ping=0->1 delay=0->0 seq=6851
[efz_netplay_mod][pid=292] StateExport: network ping=1->0 delay=0->0 seq=6864
[efz_netplay_mod][pid=292] TICK_HOOK: heartbeat frameTick=1200 session=0x05417190 exeECX=0x03254850 match=0
[efz_netplay_mod][pid=292] StateExport: network ping=0->1 delay=0->0 seq=6915
[efz_netplay_mod][pid=292] StateExport: network ping=1->0 delay=0->0 seq=6991
[efz_netplay_mod][pid=292] StateExport: network ping=0->1 delay=0->0 seq=7004
[efz_netplay_mod][pid=292] StateExport: network ping=1->0 delay=0->0 seq=7017
[efz_netplay_mod][pid=292] StateExport: network ping=0->1 delay=0->0 seq=7030
[efz_netplay_mod][pid=292] StateExport: network ping=1->2 delay=0->0 seq=7068
[efz_netplay_mod][pid=292] StateExport: network ping=2->1 delay=0->0 seq=7081
[efz_netplay_mod][pid=292] StateExport: network ping=1->0 delay=0->0 seq=7196
[efz_netplay_mod][pid=292] StateExport: heartbeat seq=7200 activity=6 menu=0 screen=3 mode=2 phase=3 role=2 side=1 p1Wins=0 p2Wins=0 ping=0 delay=0 local='Aquatic_mod' p1='Aquatic' p2='Aquatic_mod' revival='1.02e' caps=0x2EF sessionId=1 setId=0 endReason=0
[efz_netplay_mod][pid=292] StateExport: network ping=0->1 delay=0->0 seq=7209
[efz_netplay_mod][pid=292] StateExport: network ping=1->3 delay=0->0 seq=7247
[efz_netplay_mod][pid=292] StateExport: network ping=3->0 delay=0->0 seq=7260
[efz_netplay_mod][pid=292] StateExport: network ping=0->1 delay=0->0 seq=7285
[efz_netplay_mod][pid=292] StateExport: network ping=1->0 delay=0->0 seq=7349
[efz_netplay_mod][pid=292] StateExport: network ping=0->1 delay=0->0 seq=7387
[efz_netplay_mod][pid=292] StateExport: network ping=1->0 delay=0->0 seq=7502
[efz_netplay_mod][pid=292] TICK_HOOK: heartbeat frameTick=1800 session=0x05417190 exeECX=0x03254850 match=0
[efz_netplay_mod][pid=292] StateExport: network ping=0->1 delay=0->0 seq=7515
[efz_netplay_mod][pid=292] StateExport: network ping=1->0 delay=0->0 seq=7554
[efz_netplay_mod][pid=292] StateExport: network ping=0->1 delay=0->0 seq=7579
[efz_netplay_mod][pid=292] StateExport: network ping=1->0 delay=0->0 seq=7630
[efz_netplay_mod][pid=292] StateExport: network ping=0->1 delay=0->0 seq=7669
[efz_netplay_mod][pid=292] StateExport: network ping=1->0 delay=0->0 seq=7694
[efz_netplay_mod][pid=292] StateExport: network ping=0->1 delay=0->0 seq=7720
[efz_netplay_mod][pid=292] StateExport: network ping=1->0 delay=0->0 seq=7758
[efz_netplay_mod][pid=292] StateExport: network ping=0->1 delay=0->0 seq=7771
[efz_netplay_mod][pid=292] StateExport: network ping=1->0 delay=0->0 seq=7784
[efz_netplay_mod][pid=292] StateExport: heartbeat seq=7800 activity=6 menu=0 screen=3 mode=2 phase=3 role=2 side=1 p1Wins=0 p2Wins=0 ping=0 delay=0 local='Aquatic_mod' p1='Aquatic' p2='Aquatic_mod' revival='1.02e' caps=0x2EF sessionId=1 setId=0 endReason=0
[efz_netplay_mod][pid=292] StateExport: network ping=0->1 delay=0->0 seq=7809
[efz_netplay_mod][pid=292] StateExport: network ping=1->0 delay=0->0 seq=7835
[efz_netplay_mod][pid=292] StateExport: network ping=0->1 delay=0->0 seq=7848
[efz_netplay_mod][pid=292] StateExport: network ping=1->0 delay=0->0 seq=7860
[efz_netplay_mod][pid=292] StateExport: network ping=0->1 delay=0->0 seq=7873
[efz_netplay_mod][pid=292] StateExport: network ping=1->0 delay=0->0 seq=7886
[efz_netplay_mod][pid=292] StateExport: network ping=0->1 delay=0->0 seq=7899
[efz_netplay_mod][pid=292] StateExport: network ping=1->0 delay=0->0 seq=7911
[efz_netplay_mod][pid=292] StateExport: network ping=0->1 delay=0->0 seq=7924
[efz_netplay_mod][pid=292] StateExport: network ping=1->2 delay=0->0 seq=7950
[efz_netplay_mod][pid=292] StateExport: network ping=2->1 delay=0->0 seq=7963
[efz_netplay_mod][pid=292] StateExport: network ping=1->0 delay=0->0 seq=7988
[efz_netplay_mod][pid=292] StateExport: network ping=0->1 delay=0->0 seq=8026
[efz_netplay_mod][pid=292] StateExport: network ping=1->0 delay=0->0 seq=8090
[efz_netplay_mod][pid=292] StateExport: network ping=0->1 delay=0->0 seq=8103
[efz_netplay_mod][pid=292] TICK_HOOK: heartbeat frameTick=2400 session=0x05417190 exeECX=0x03254850 match=0
[efz_netplay_mod][pid=292] StateExport: network ping=1->0 delay=0->0 seq=8141
[efz_netplay_mod][pid=292] StateExport: network ping=0->1 delay=0->0 seq=8154
[efz_netplay_mod][pid=292] StateExport: network ping=1->0 delay=0->0 seq=8167
[efz_netplay_mod][pid=292] StateExport: network ping=0->2 delay=0->0 seq=8193
[efz_netplay_mod][pid=292] StateExport: network ping=2->1 delay=0->0 seq=8205
[efz_netplay_mod][pid=292] StateExport: network ping=1->0 delay=0->0 seq=8218
[efz_netplay_mod][pid=292] StateExport: network ping=0->2 delay=0->0 seq=8231
[efz_netplay_mod][pid=292] StateExport: network ping=2->1 delay=0->0 seq=8244
[efz_netplay_mod][pid=292] StateExport: network ping=1->0 delay=0->0 seq=8269
[efz_netplay_mod][pid=292] StateExport: network ping=0->2 delay=0->0 seq=8282
[efz_netplay_mod][pid=292] StateExport: network ping=2->1 delay=0->0 seq=8295
[efz_netplay_mod][pid=292] StateExport: network ping=1->0 delay=0->0 seq=8320
[efz_netplay_mod][pid=292] StateExport: network ping=0->1 delay=0->0 seq=8333
[efz_netplay_mod][pid=292] StateExport: network ping=1->0 delay=0->0 seq=8346
[efz_netplay_mod][pid=292] StateExport: network ping=0->1 delay=0->0 seq=8359
[efz_netplay_mod][pid=292] StateExport: network ping=1->0 delay=0->0 seq=8372
[efz_netplay_mod][pid=292] StateExport: network ping=0->1 delay=0->0 seq=8384
[efz_netplay_mod][pid=292] StateExport: network ping=1->0 delay=0->0 seq=8397
[efz_netplay_mod][pid=292] StateExport: heartbeat seq=8400 activity=6 menu=0 screen=3 mode=2 phase=3 role=2 side=1 p1Wins=0 p2Wins=0 ping=0 delay=0 local='Aquatic_mod' p1='Aquatic' p2='Aquatic_mod' revival='1.02e' caps=0x2EF sessionId=1 setId=0 endReason=0
[efz_netplay_mod][pid=292] StateExport: network ping=0->1 delay=0->0 seq=8410
[efz_netplay_mod][pid=292] StateExport: network ping=1->0 delay=0->0 seq=8423
[efz_netplay_mod][pid=292] StateExport: network ping=0->1 delay=0->0 seq=8435
[efz_netplay_mod][pid=292] StateExport: network ping=1->0 delay=0->0 seq=8448
[efz_netplay_mod][pid=292] StateExport: network ping=0->1 delay=0->0 seq=8486
[efz_netplay_mod][pid=292] StateExport: network ping=1->0 delay=0->0 seq=8499
[efz_netplay_mod][pid=292] StateExport: network ping=0->2 delay=0->0 seq=8512
[efz_netplay_mod][pid=292] StateExport: network ping=2->1 delay=0->0 seq=8525
[efz_netplay_mod][pid=292] StateExport: network ping=1->0 delay=0->0 seq=8550
[efz_netplay_mod][pid=292] StateExport: network ping=0->2 delay=0->0 seq=8589
[efz_netplay_mod][pid=292] StateExport: network ping=2->0 delay=0->0 seq=8602
[efz_netplay_mod][pid=292] StateExport: network ping=0->1 delay=0->0 seq=8614
[efz_netplay_mod][pid=292] StateExport: network ping=1->0 delay=0->0 seq=8627
[efz_netplay_mod][pid=292] StateExport: network ping=0->1 delay=0->0 seq=8640
[efz_netplay_mod][pid=292] StateExport: network ping=1->0 delay=0->0 seq=8653
[efz_netplay_mod][pid=292] StateExport: network ping=0->1 delay=0->0 seq=8665
[efz_netplay_mod][pid=292] StateExport: network ping=1->2 delay=0->0 seq=8678
[efz_netplay_mod][pid=292] StateExport: network ping=2->0 delay=0->0 seq=8691
[efz_netplay_mod][pid=292] StateExport: network ping=0->1 delay=0->0 seq=8704
[efz_netplay_mod][pid=292] TICK_HOOK: heartbeat frameTick=3000 session=0x05417190 exeECX=0x03254850 match=0
[efz_netplay_mod][pid=292] StateExport: network ping=1->0 delay=0->0 seq=8729
[efz_netplay_mod][pid=292] StateExport: network ping=0->1 delay=0->0 seq=8755
[efz_netplay_mod][pid=292] StateExport: network ping=1->0 delay=0->0 seq=8768
[efz_netplay_mod][pid=292] StateExport: network ping=0->1 delay=0->0 seq=8793
[efz_netplay_mod][pid=292] StateExport: network ping=1->0 delay=0->0 seq=8806
[efz_netplay_mod][pid=292] StateExport: network ping=0->1 delay=0->0 seq=8832
[efz_netplay_mod][pid=292] StateExport: network ping=1->5 delay=0->0 seq=8870
[efz_netplay_mod][pid=292] StateExport: network ping=5->1 delay=0->0 seq=8883
[efz_netplay_mod][pid=292] StateExport: network ping=1->0 delay=0->0 seq=8895
[efz_netplay_mod][pid=292] StateExport: network ping=0->1 delay=0->0 seq=8908
[efz_netplay_mod][pid=292] StateExport: network ping=1->0 delay=0->0 seq=8947
[efz_netplay_mod][pid=292] StateExport: network ping=0->1 delay=0->0 seq=8972
[efz_netplay_mod][pid=292] StateExport: network ping=1->0 delay=0->0 seq=8985
[efz_netplay_mod][pid=292] StateExport: heartbeat seq=9000 activity=6 menu=0 screen=3 mode=2 phase=3 role=2 side=1 p1Wins=0 p2Wins=0 ping=0 delay=0 local='Aquatic_mod' p1='Aquatic' p2='Aquatic_mod' revival='1.02e' caps=0x2EF sessionId=1 setId=0 endReason=0
[efz_netplay_mod][pid=292] StateExport: network ping=0->1 delay=0->0 seq=9023
[efz_netplay_mod][pid=292] StateExport: network ping=1->0 delay=0->0 seq=9036
[efz_netplay_mod][pid=292] StateExport: network ping=0->1 delay=0->0 seq=9074
[efz_netplay_mod][pid=292] StateExport: network ping=1->2 delay=0->0 seq=9100
[efz_netplay_mod][pid=292] StateExport: network ping=2->0 delay=0->0 seq=9113
[efz_netplay_mod][pid=292] StateExport: network ping=0->1 delay=0->0 seq=9125
[efz_netplay_mod][pid=292] StateExport: network ping=1->0 delay=0->0 seq=9138
[efz_netplay_mod][pid=292] StateExport: network ping=0->1 delay=0->0 seq=9164
[efz_netplay_mod][pid=292] StateExport: network ping=1->0 delay=0->0 seq=9189
[efz_netplay_mod][pid=292] StateExport: network ping=0->1 delay=0->0 seq=9202
[efz_netplay_mod][pid=292] StateExport: network ping=1->0 delay=0->0 seq=9228
[efz_netplay_mod][pid=292] StateExport: network ping=0->1 delay=0->0 seq=9253
[efz_netplay_mod][pid=292] StateExport: network ping=1->0 delay=0->0 seq=9279
[efz_netplay_mod][pid=292] StateExport: network ping=0->2 delay=0->0 seq=9292
[efz_netplay_mod][pid=292] StateExport: network ping=2->0 delay=0->0 seq=9304
[efz_netplay_mod][pid=292] TICK_HOOK: heartbeat frameTick=3600 session=0x05417190 exeECX=0x03254850 match=0
[efz_netplay_mod][pid=292] StateExport: network ping=0->1 delay=0->0 seq=9330
[efz_netplay_mod][pid=292] StateExport: network ping=1->0 delay=0->0 seq=9343
[efz_netplay_mod][pid=292] StateExport: network ping=0->1 delay=0->0 seq=9356
[efz_netplay_mod][pid=292] StateExport: network ping=1->0 delay=0->0 seq=9368
[efz_netplay_mod][pid=292] StateExport: network ping=0->1 delay=0->0 seq=9381
[efz_netplay_mod][pid=292] StateExport: network ping=1->2 delay=0->0 seq=9394
[efz_netplay_mod][pid=292] StateExport: network ping=2->1 delay=0->0 seq=9407
[efz_netplay_mod][pid=292] StateExport: network ping=1->0 delay=0->0 seq=9471
[efz_netplay_mod][pid=292] StateExport: network ping=0->1 delay=0->0 seq=9483
[efz_netplay_mod][pid=292] StateExport: network ping=1->0 delay=0->0 seq=9496
[efz_netplay_mod][pid=292] StateExport: network ping=0->1 delay=0->0 seq=9509
[efz_netplay_mod][pid=292] StateExport: network ping=1->0 delay=0->0 seq=9522
[efz_netplay_mod][pid=292] StateExport: network ping=0->1 delay=0->0 seq=9535
[efz_netplay_mod][pid=292] StateExport: network ping=1->0 delay=0->0 seq=9547
[efz_netplay_mod][pid=292] StateExport: network ping=0->1 delay=0->0 seq=9560
[efz_netplay_mod][pid=292] StateExport: network ping=1->0 delay=0->0 seq=9573
[efz_netplay_mod][pid=292] StateExport: network ping=0->1 delay=0->0 seq=9586
[efz_netplay_mod][pid=292] StateExport: network ping=1->0 delay=0->0 seq=9598
[efz_netplay_mod][pid=292] StateExport: heartbeat seq=9600 activity=6 menu=0 screen=3 mode=2 phase=3 role=2 side=1 p1Wins=0 p2Wins=0 ping=0 delay=0 local='Aquatic_mod' p1='Aquatic' p2='Aquatic_mod' revival='1.02e' caps=0x2EF sessionId=1 setId=0 endReason=0
[efz_netplay_mod][pid=292] StateExport: network ping=0->1 delay=0->0 seq=9662
[efz_netplay_mod][pid=292] StateExport: network ping=1->0 delay=0->0 seq=9675
[efz_netplay_mod][pid=292] StateExport: network ping=0->1 delay=0->0 seq=9701
[efz_netplay_mod][pid=292] StateExport: network ping=1->0 delay=0->0 seq=9713
[efz_netplay_mod][pid=292] StateExport: network ping=0->1 delay=0->0 seq=9726
[efz_netplay_mod][pid=292] StateExport: network ping=1->0 delay=0->0 seq=9752
[efz_netplay_mod][pid=292] StateExport: network ping=0->2 delay=0->0 seq=9790
[efz_netplay_mod][pid=292] StateExport: network ping=2->1 delay=0->0 seq=9803
[efz_netplay_mod][pid=292] StateExport: network ping=1->0 delay=0->0 seq=9879
[efz_netplay_mod][pid=292] StateExport: network ping=0->1 delay=0->0 seq=9892
[efz_netplay_mod][pid=292] TICK_HOOK: heartbeat frameTick=4200 session=0x05417190 exeECX=0x03254850 match=0
[efz_netplay_mod][pid=292] StateExport: network ping=1->0 delay=0->0 seq=9930
[efz_netplay_mod][pid=292] StateExport: network ping=0->1 delay=0->0 seq=9956
[efz_netplay_mod][pid=292] StateExport: network ping=1->0 delay=0->0 seq=9982
[efz_netplay_mod][pid=292] StateExport: network ping=0->1 delay=0->0 seq=9995
[efz_netplay_mod][pid=292] StateExport: network ping=1->0 delay=0->0 seq=10007
[efz_netplay_mod][pid=292] StateExport: network ping=0->1 delay=0->0 seq=10020
[efz_netplay_mod][pid=292] StateExport: network ping=1->2 delay=0->0 seq=10046
[efz_netplay_mod][pid=292] StateExport: network ping=2->0 delay=0->0 seq=10058
[efz_netplay_mod][pid=292] StateExport: network ping=0->1 delay=0->0 seq=10097
[efz_netplay_mod][pid=292] StateExport: network ping=1->0 delay=0->0 seq=10109
[efz_netplay_mod][pid=292] StateExport: network ping=0->1 delay=0->0 seq=10122
[efz_netplay_mod][pid=292] StateExport: network ping=1->2 delay=0->0 seq=10148
[efz_netplay_mod][pid=292] StateExport: network ping=2->1 delay=0->0 seq=10161
[efz_netplay_mod][pid=292] StateExport: network ping=1->0 delay=0->0 seq=10173
[efz_netplay_mod][pid=292] StateExport: network ping=0->1 delay=0->0 seq=10199
[efz_netplay_mod][pid=292] StateExport: heartbeat seq=10200 activity=6 menu=0 screen=3 mode=2 phase=3 role=2 side=1 p1Wins=0 p2Wins=0 ping=1 delay=0 local='Aquatic_mod' p1='Aquatic' p2='Aquatic_mod' revival='1.02e' caps=0x2EF sessionId=1 setId=0 endReason=0
[efz_netplay_mod][pid=292] StateExport: network ping=1->0 delay=0->0 seq=10263
[efz_netplay_mod][pid=292] StateExport: network ping=0->1 delay=0->0 seq=10276
[efz_netplay_mod][pid=292] StateExport: network ping=1->0 delay=0->0 seq=10314
[efz_netplay_mod][pid=292] StateExport: network ping=0->1 delay=0->0 seq=10327
[efz_netplay_mod][pid=292] StateExport: network ping=1->0 delay=0->0 seq=10352
[efz_netplay_mod][pid=292] StateExport: network ping=0->1 delay=0->0 seq=10365
[efz_netplay_mod][pid=292] StateExport: network ping=1->0 delay=0->0 seq=10416
[efz_netplay_mod][pid=292] StateExport: network ping=0->2 delay=0->0 seq=10467
[efz_netplay_mod][pid=292] StateExport: network ping=2->0 delay=0->0 seq=10480
[efz_netplay_mod][pid=292] StateExport: network ping=0->1 delay=0->0 seq=10493
[efz_netplay_mod][pid=292] TICK_HOOK: heartbeat frameTick=4800 session=0x05417190 exeECX=0x03254850 match=0
[efz_netplay_mod][pid=292] StateExport: network ping=1->0 delay=0->0 seq=10518
[efz_netplay_mod][pid=292] StateExport: network ping=0->1 delay=0->0 seq=10531
[efz_netplay_mod][pid=292] StateExport: network ping=1->0 delay=0->0 seq=10544
[efz_netplay_mod][pid=292] StateExport: network ping=0->1 delay=0->0 seq=10557
[efz_netplay_mod][pid=292] StateExport: network ping=1->0 delay=0->0 seq=10569
[efz_netplay_mod][pid=292] StateExport: network ping=0->2 delay=0->0 seq=10582
[efz_netplay_mod][pid=292] StateExport: network ping=2->0 delay=0->0 seq=10595
[efz_netplay_mod][pid=292] StateExport: network ping=0->1 delay=0->0 seq=10608
[efz_netplay_mod][pid=292] StateExport: network ping=1->0 delay=0->0 seq=10646
[efz_netplay_mod][pid=292] StateExport: network ping=0->1 delay=0->0 seq=10659
[efz_netplay_mod][pid=292] StateExport: network ping=1->0 delay=0->0 seq=10710
[efz_netplay_mod][pid=292] StateExport: network ping=0->1 delay=0->0 seq=10723
[efz_netplay_mod][pid=292] StateExport: network ping=1->0 delay=0->0 seq=10748
[efz_netplay_mod][pid=292] StateExport: network ping=0->2 delay=0->0 seq=10774
[efz_netplay_mod][pid=292] StateExport: network ping=2->0 delay=0->0 seq=10787
[efz_netplay_mod][pid=292] StateExport: heartbeat seq=10800 activity=6 menu=0 screen=3 mode=2 phase=3 role=2 side=1 p1Wins=0 p2Wins=0 ping=0 delay=0 local='Aquatic_mod' p1='Aquatic' p2='Aquatic_mod' revival='1.02e' caps=0x2EF sessionId=1 setId=0 endReason=0
[efz_netplay_mod][pid=292] StateExport: network ping=0->1 delay=0->0 seq=10812
[efz_netplay_mod][pid=292] StateExport: network ping=1->0 delay=0->0 seq=10825
[efz_netplay_mod][pid=292] StateExport: network ping=0->1 delay=0->0 seq=10838
[efz_netplay_mod][pid=292] StateExport: network ping=1->0 delay=0->0 seq=10889
[efz_netplay_mod][pid=292] StateExport: network ping=0->2 delay=0->0 seq=10915
[efz_netplay_mod][pid=292] StateExport: network ping=2->1 delay=0->0 seq=10928
[efz_netplay_mod][pid=292] StateExport: network ping=1->0 delay=0->0 seq=10978
[efz_netplay_mod][pid=292] StateExport: network ping=0->1 delay=0->0 seq=10991
[efz_netplay_mod][pid=292] StateExport: network ping=1->0 delay=0->0 seq=11017
[efz_netplay_mod][pid=292] StateExport: network ping=0->1 delay=0->0 seq=11030
[efz_netplay_mod][pid=292] TICK_HOOK: heartbeat frameTick=5400 session=0x05417190 exeECX=0x03254850 match=0
[efz_netplay_mod][pid=292] StateExport: network ping=1->0 delay=0->0 seq=11132
[efz_netplay_mod][pid=292] StateExport: network ping=0->3 delay=0->0 seq=11145
[efz_netplay_mod][pid=292] StateExport: network ping=3->1 delay=0->0 seq=11158
[efz_netplay_mod][pid=292] StateExport: network ping=1->0 delay=0->0 seq=11209
[efz_netplay_mod][pid=292] StateExport: network ping=0->1 delay=0->0 seq=11221
[efz_netplay_mod][pid=292] StateExport: network ping=1->0 delay=0->0 seq=11260
[efz_netplay_mod][pid=292] StateExport: network ping=0->1 delay=0->0 seq=11272
[efz_netplay_mod][pid=292] StateExport: network ping=1->0 delay=0->0 seq=11311
[efz_netplay_mod][pid=292] StateExport: network ping=0->1 delay=0->0 seq=11324
[efz_netplay_mod][pid=292] StateExport: network ping=1->0 delay=0->0 seq=11336
[efz_netplay_mod][pid=292] StateExport: network ping=0->1 delay=0->0 seq=11362
[efz_netplay_mod][pid=292] StateExport: network ping=1->0 delay=0->0 seq=11375
[efz_netplay_mod][pid=292] StateExport: network ping=0->1 delay=0->0 seq=11387
[efz_netplay_mod][pid=292] StateExport: heartbeat seq=11400 activity=6 menu=0 screen=3 mode=2 phase=3 role=2 side=1 p1Wins=0 p2Wins=0 ping=1 delay=0 local='Aquatic_mod' p1='Aquatic' p2='Aquatic_mod' revival='1.02e' caps=0x2EF sessionId=1 setId=0 endReason=0
[efz_netplay_mod][pid=292] StateExport: network ping=1->0 delay=0->0 seq=11413
[efz_netplay_mod][pid=292] StateExport: network ping=0->1 delay=0->0 seq=11426
[efz_netplay_mod][pid=292] StateExport: network ping=1->0 delay=0->0 seq=11464
[efz_netplay_mod][pid=292] StateExport: network ping=0->1 delay=0->0 seq=11502
[efz_netplay_mod][pid=292] StateExport: network ping=1->0 delay=0->0 seq=11515
[efz_netplay_mod][pid=292] StateExport: network ping=0->1 delay=0->0 seq=11528
[efz_netplay_mod][pid=292] StateExport: network ping=1->0 delay=0->0 seq=11541
[efz_netplay_mod][pid=292] StateExport: network ping=0->1 delay=0->0 seq=11554
[efz_netplay_mod][pid=292] StateExport: network ping=1->2 delay=0->0 seq=11579
[efz_netplay_mod][pid=292] StateExport: network ping=2->1 delay=0->0 seq=11592
[efz_netplay_mod][pid=292] StateExport: network ping=1->4 delay=0->0 seq=11618
[efz_netplay_mod][pid=292] StateExport: network ping=4->0 delay=0->0 seq=11630
[efz_netplay_mod][pid=292] StateExport: network ping=0->1 delay=0->0 seq=11643
[efz_netplay_mod][pid=292] StateExport: network ping=1->0 delay=0->0 seq=11669
[efz_netplay_mod][pid=292] StateExport: network ping=0->1 delay=0->0 seq=11681
[efz_netplay_mod][pid=292] StateExport: network ping=1->0 delay=0->0 seq=11694
[efz_netplay_mod][pid=292] StateExport: network ping=0->1 delay=0->0 seq=11707
[efz_netplay_mod][pid=292] TICK_HOOK: heartbeat frameTick=6000 session=0x05417190 exeECX=0x03254850 match=0
[efz_netplay_mod][pid=292] StateExport: network ping=1->0 delay=0->0 seq=11720
[efz_netplay_mod][pid=292] StateExport: network ping=0->1 delay=0->0 seq=11733
[efz_netplay_mod][pid=292] StateExport: network ping=1->0 delay=0->0 seq=11745
[efz_netplay_mod][pid=292] StateExport: network ping=0->1 delay=0->0 seq=11758
[efz_netplay_mod][pid=292] StateExport: network ping=1->0 delay=0->0 seq=11822
[efz_netplay_mod][pid=292] StateExport: network ping=0->1 delay=0->0 seq=11835
[efz_netplay_mod][pid=292] StateExport: network ping=1->0 delay=0->0 seq=11847
[efz_netplay_mod][pid=292] StateExport: network ping=0->1 delay=0->0 seq=11873
[efz_netplay_mod][pid=292] StateExport: network ping=1->0 delay=0->0 seq=11924
[efz_netplay_mod][pid=292] StateExport: network ping=0->1 delay=0->0 seq=11937
[efz_netplay_mod][pid=292] StateExport: network ping=1->0 delay=0->0 seq=11950
[efz_netplay_mod][pid=292] StateExport: network ping=0->1 delay=0->0 seq=11963
[efz_netplay_mod][pid=292] StateExport: network ping=1->0 delay=0->0 seq=11975
[efz_netplay_mod][pid=292] StateExport: network ping=0->1 delay=0->0 seq=11988
[efz_netplay_mod][pid=292] StateExport: heartbeat seq=12000 activity=6 menu=0 screen=3 mode=2 phase=3 role=2 side=1 p1Wins=0 p2Wins=0 ping=1 delay=0 local='Aquatic_mod' p1='Aquatic' p2='Aquatic_mod' revival='1.02e' caps=0x2EF sessionId=1 setId=0 endReason=0
[efz_netplay_mod][pid=292] StateExport: network ping=1->0 delay=0->0 seq=12026
[efz_netplay_mod][pid=292] StateExport: network ping=0->1 delay=0->0 seq=12039
[efz_netplay_mod][pid=292] StateExport: network ping=1->0 delay=0->0 seq=12052
[efz_netplay_mod][pid=292] StateExport: network ping=0->1 delay=0->0 seq=12065
[efz_netplay_mod][pid=292] StateExport: network ping=1->0 delay=0->0 seq=12077
[efz_netplay_mod][pid=292] StateExport: network ping=0->1 delay=0->0 seq=12090
[efz_netplay_mod][pid=292] StateExport: network ping=1->0 delay=0->0 seq=12154
[efz_netplay_mod][pid=292] StateExport: network ping=0->1 delay=0->0 seq=12167
[efz_netplay_mod][pid=292] StateExport: network ping=1->0 delay=0->0 seq=12205
[efz_netplay_mod][pid=292] StateExport: network ping=0->1 delay=0->0 seq=12218
[efz_netplay_mod][pid=292] StateExport: network ping=1->0 delay=0->0 seq=12231
[efz_netplay_mod][pid=292] StateExport: network ping=0->1 delay=0->0 seq=12256
[efz_netplay_mod][pid=292] StateExport: network ping=1->0 delay=0->0 seq=12308
[efz_netplay_mod][pid=292] StateExport: network ping=0->1 delay=0->0 seq=12320
[efz_netplay_mod][pid=292] StateExport: network ping=1->2 delay=0->0 seq=12384
[efz_netplay_mod][pid=292] StateExport: network ping=2->4 delay=0->0 seq=12397
[efz_netplay_mod][pid=292] StateExport: network ping=4->1 delay=0->0 seq=12410
[efz_netplay_mod][pid=292] StateExport: network ping=1->0 delay=0->0 seq=12448
[efz_netplay_mod][pid=292] StateExport: network ping=0->1 delay=0->0 seq=12461
[efz_netplay_mod][pid=292] StateExport: network ping=1->0 delay=0->0 seq=12486
[efz_netplay_mod][pid=292] StateExport: network ping=0->1 delay=0->0 seq=12512
[efz_netplay_mod][pid=292] StateExport: network ping=1->2 delay=0->0 seq=12538
[efz_netplay_mod][pid=292] StateExport: network ping=2->1 delay=0->0 seq=12550
[efz_netplay_mod][pid=292] StateExport: network ping=1->0 delay=0->0 seq=12563
[efz_netplay_mod][pid=292] StateExport: network ping=0->1 delay=0->0 seq=12576
[efz_netplay_mod][pid=292] StateExport: heartbeat seq=12600 activity=6 menu=0 screen=3 mode=2 phase=3 role=2 side=1 p1Wins=0 p2Wins=0 ping=1 delay=0 local='Aquatic_mod' p1='Aquatic' p2='Aquatic_mod' revival='1.02e' caps=0x2EF sessionId=1 setId=0 endReason=0
[efz_netplay_mod][pid=292] StateExport: network ping=1->0 delay=0->0 seq=12678
[efz_netplay_mod][pid=292] StateExport: network ping=0->1 delay=0->0 seq=12691
[efz_netplay_mod][pid=292] StateExport: network ping=1->0 delay=0->0 seq=12717
[efz_netplay_mod][pid=292] StateExport: network ping=0->1 delay=0->0 seq=12729
[efz_netplay_mod][pid=292] StateExport: network ping=1->0 delay=0->0 seq=12742
[efz_netplay_mod][pid=292] StateExport: network ping=0->1 delay=0->0 seq=12755
[efz_netplay_mod][pid=292] StateExport: network ping=1->0 delay=0->0 seq=12793
[efz_netplay_mod][pid=292] StateExport: network ping=0->1 delay=0->0 seq=12832
[efz_netplay_mod][pid=292] StateExport: network ping=1->0 delay=0->0 seq=12844
[efz_netplay_mod][pid=292] StateExport: network ping=0->1 delay=0->0 seq=12857
[efz_netplay_mod][pid=292] StateExport: network ping=1->0 delay=0->0 seq=12895
[efz_netplay_mod][pid=292] StateExport: network ping=0->1 delay=0->0 seq=12908
[efz_netplay_mod][pid=292] StateExport: network ping=1->0 delay=0->0 seq=12921
[efz_netplay_mod][pid=292] StateExport: network ping=0->1 delay=0->0 seq=12934
[efz_netplay_mod][pid=292] StateExport: network ping=1->0 delay=0->0 seq=12947
[efz_netplay_mod][pid=292] StateExport: network ping=0->1 delay=0->0 seq=12959
[efz_netplay_mod][pid=292] StateExport: network ping=1->0 delay=0->0 seq=12972
[efz_netplay_mod][pid=292] StateExport: network ping=0->1 delay=0->0 seq=12998
[efz_netplay_mod][pid=292] StateExport: network ping=1->0 delay=0->0 seq=13074
[efz_netplay_mod][pid=292] StateExport: network ping=0->1 delay=0->0 seq=13087
[efz_netplay_mod][pid=292] StateExport: network ping=1->2 delay=0->0 seq=13100
[efz_netplay_mod][pid=292] StateExport: network ping=2->1 delay=0->0 seq=13113
[efz_netplay_mod][pid=292] StateExport: network ping=1->0 delay=0->0 seq=13177
[efz_netplay_mod][pid=292] StateExport: network ping=0->1 delay=0->0 seq=13189
[efz_netplay_mod][pid=292] StateExport: heartbeat seq=13200 activity=6 menu=0 screen=3 mode=2 phase=3 role=2 side=1 p1Wins=0 p2Wins=0 ping=1 delay=0 local='Aquatic_mod' p1='Aquatic' p2='Aquatic_mod' revival='1.02e' caps=0x2EF sessionId=1 setId=0 endReason=0
[efz_netplay_mod][pid=292] StateExport: network ping=1->2 delay=0->0 seq=13202
[efz_netplay_mod][pid=292] StateExport: network ping=2->1 delay=0->0 seq=13215
[efz_netplay_mod][pid=292] StateExport: network ping=1->0 delay=0->0 seq=13228
[efz_netplay_mod][pid=292] StateExport: network ping=0->1 delay=0->0 seq=13266
[efz_netplay_mod][pid=292] StateExport: network ping=1->0 delay=0->0 seq=13279
[efz_netplay_mod][pid=292] StateExport: network ping=0->1 delay=0->0 seq=13292
[efz_netplay_mod][pid=292] StateExport: network ping=1->0 delay=0->0 seq=13317
[efz_netplay_mod][pid=292] StateExport: network ping=0->1 delay=0->0 seq=13419
[efz_netplay_mod][pid=292] StateExport: network ping=1->0 delay=0->0 seq=13445
[efz_netplay_mod][pid=292] StateExport: network ping=0->1 delay=0->0 seq=13471
[efz_netplay_mod][pid=292] StateExport: network ping=1->0 delay=0->0 seq=13483
[efz_netplay_mod][pid=292] StateExport: network ping=0->1 delay=0->0 seq=13508
[efz_netplay_mod][pid=292] StateExport: network ping=1->2 delay=0->0 seq=13522
[efz_netplay_mod][pid=292] StateExport: network ping=2->1 delay=0->0 seq=13534
[efz_netplay_mod][pid=292] StateExport: network ping=1->0 delay=0->0 seq=13560
[efz_netplay_mod][pid=292] StateExport: network ping=0->2 delay=0->0 seq=13573
[efz_netplay_mod][pid=292] StateExport: network ping=2->0 delay=0->0 seq=13586
[efz_netplay_mod][pid=292] StateExport: network ping=0->2 delay=0->0 seq=13598
[efz_netplay_mod][pid=292] StateExport: network ping=2->0 delay=0->0 seq=13611
[efz_netplay_mod][pid=292] StateExport: network ping=0->1 delay=0->0 seq=13637
[efz_netplay_mod][pid=292] StateExport: network ping=1->2 delay=0->0 seq=13675
[efz_netplay_mod][pid=292] StateExport: network ping=2->0 delay=0->0 seq=13688
[efz_netplay_mod][pid=292] StateExport: network ping=0->1 delay=0->0 seq=13713
[efz_netplay_mod][pid=292] StateExport: network ping=1->0 delay=0->0 seq=13726
[efz_netplay_mod][pid=292] StateExport: network ping=0->1 delay=0->0 seq=13752
[efz_netplay_mod][pid=292] StateExport: network ping=1->0 delay=0->0 seq=13790
[efz_netplay_mod][pid=292] StateExport: heartbeat seq=13800 activity=6 menu=0 screen=3 mode=2 phase=3 role=2 side=1 p1Wins=0 p2Wins=0 ping=0 delay=0 local='Aquatic_mod' p1='Aquatic' p2='Aquatic_mod' revival='1.02e' caps=0x2EF sessionId=1 setId=0 endReason=0
[efz_netplay_mod][pid=292] StateExport: network ping=0->1 delay=0->0 seq=13815
[efz_netplay_mod][pid=292] StateExport: network ping=1->0 delay=0->0 seq=13841
[efz_netplay_mod][pid=292] StateExport: network ping=0->1 delay=0->0 seq=13854
[efz_netplay_mod][pid=292] StateExport: network ping=1->0 delay=0->0 seq=13867
[efz_netplay_mod][pid=292] StateExport: network ping=0->1 delay=0->0 seq=13879
[efz_netplay_mod][pid=292] StateExport: network ping=1->0 delay=0->0 seq=13905
[efz_netplay_mod][pid=292] StateExport: network ping=0->1 delay=0->0 seq=13956
[efz_netplay_mod][pid=292] StateExport: network ping=1->0 delay=0->0 seq=13994
[efz_netplay_mod][pid=292] StateExport: network ping=0->1 delay=0->0 seq=14007
[efz_netplay_mod][pid=292] StateExport: network ping=1->0 delay=0->0 seq=14071
[efz_netplay_mod][pid=292] StateExport: network ping=0->1 delay=0->0 seq=14084
[efz_netplay_mod][pid=292] StateExport: network ping=1->0 delay=0->0 seq=14097
[efz_netplay_mod][pid=292] StateExport: network ping=0->1 delay=0->0 seq=14135
[efz_netplay_mod][pid=292] StateExport: network ping=1->2 delay=0->0 seq=14173
[efz_netplay_mod][pid=292] StateExport: network ping=2->1 delay=0->0 seq=14186
[efz_netplay_mod][pid=292] StateExport: network ping=1->0 delay=0->0 seq=14212
[efz_netplay_mod][pid=292] StateExport: network ping=0->1 delay=0->0 seq=14237
[efz_netplay_mod][pid=292] StateExport: network ping=1->0 delay=0->0 seq=14250
[efz_netplay_mod][pid=292] StateExport: network ping=0->1 delay=0->0 seq=14263
[efz_netplay_mod][pid=292] StateExport: network ping=1->0 delay=0->0 seq=14288
[efz_netplay_mod][pid=292] StateExport: network ping=0->1 delay=0->0 seq=14301
[efz_netplay_mod][pid=292] StateExport: network ping=1->0 delay=0->0 seq=14327
[efz_netplay_mod][pid=292] StateExport: network ping=0->1 delay=0->0 seq=14340
[efz_netplay_mod][pid=292] StateExport: network ping=1->0 delay=0->0 seq=14352
[efz_netplay_mod][pid=292] StateExport: network ping=0->1 delay=0->0 seq=14391
[efz_netplay_mod][pid=292] StateExport: heartbeat seq=14400 activity=6 menu=0 screen=3 mode=2 phase=3 role=2 side=1 p1Wins=0 p2Wins=0 ping=1 delay=0 local='Aquatic_mod' p1='Aquatic' p2='Aquatic_mod' revival='1.02e' caps=0x2EF sessionId=1 setId=0 endReason=0
[efz_netplay_mod][pid=292] StateExport: network ping=1->0 delay=0->0 seq=14403
[efz_netplay_mod][pid=292] StateExport: network ping=0->1 delay=0->0 seq=14454
[efz_netplay_mod][pid=292] StateExport: network ping=1->0 delay=0->0 seq=14480
[efz_netplay_mod][pid=292] StateExport: network ping=0->3 delay=0->0 seq=14493
[efz_netplay_mod][pid=292] StateExport: network ping=3->0 delay=0->0 seq=14506
[efz_netplay_mod][pid=292] StateExport: network ping=0->1 delay=0->0 seq=14544
[efz_netplay_mod][pid=292] StateExport: network ping=1->0 delay=0->0 seq=14582
[efz_netplay_mod][pid=292] StateExport: network ping=0->2 delay=0->0 seq=14595
[efz_netplay_mod][pid=292] StateExport: network ping=2->1 delay=0->0 seq=14608
[efz_netplay_mod][pid=292] StateExport: network ping=1->0 delay=0->0 seq=14646
[efz_netplay_mod][pid=292] StateExport: network ping=0->1 delay=0->0 seq=14659
[efz_netplay_mod][pid=292] StateExport: network ping=1->0 delay=0->0 seq=14710
[efz_netplay_mod][pid=292] StateExport: network ping=0->1 delay=0->0 seq=14723
[efz_netplay_mod][pid=292] StateExport: network ping=1->0 delay=0->0 seq=14748
[efz_netplay_mod][pid=292] StateExport: network ping=0->1 delay=0->0 seq=14774
[efz_netplay_mod][pid=292] StateExport: network ping=1->0 delay=0->0 seq=14787
[efz_netplay_mod][pid=292] StateExport: network ping=0->1 delay=0->0 seq=14825
[efz_netplay_mod][pid=292] StateExport: network ping=1->0 delay=0->0 seq=14863
[efz_netplay_mod][pid=292] StateExport: network ping=0->1 delay=0->0 seq=14876
[efz_netplay_mod][pid=292] StateExport: network ping=1->0 delay=0->0 seq=14889
[efz_netplay_mod][pid=292] StateExport: network ping=0->1 delay=0->0 seq=14902
[efz_netplay_mod][pid=292] StateExport: network ping=1->0 delay=0->0 seq=14966
[efz_netplay_mod][pid=292] StateExport: heartbeat seq=15000 activity=6 menu=0 screen=3 mode=2 phase=3 role=2 side=1 p1Wins=0 p2Wins=0 ping=0 delay=0 local='Aquatic_mod' p1='Aquatic' p2='Aquatic_mod' revival='1.02e' caps=0x2EF sessionId=1 setId=0 endReason=0
[efz_netplay_mod][pid=292] StateExport: network ping=0->1 delay=0->0 seq=15004
[efz_netplay_mod][pid=292] StateExport: network ping=1->0 delay=0->0 seq=15017
[efz_netplay_mod][pid=292] StateExport: network ping=0->2 delay=0->0 seq=15030
[efz_netplay_mod][pid=292] StateExport: network ping=2->0 delay=0->0 seq=15042
[efz_netplay_mod][pid=292] StateExport: network ping=0->1 delay=0->0 seq=15055
[efz_netplay_mod][pid=292] StateExport: network ping=1->0 delay=0->0 seq=15068
[efz_netplay_mod][pid=292] StateExport: network ping=0->1 delay=0->0 seq=15081
[efz_netplay_mod][pid=292] StateExport: network ping=1->0 delay=0->0 seq=15119
[efz_netplay_mod][pid=292] StateExport: network ping=0->1 delay=0->0 seq=15132
[efz_netplay_mod][pid=292] StateExport: network ping=1->0 delay=0->0 seq=15144
[efz_netplay_mod][pid=292] StateExport: network ping=0->1 delay=0->0 seq=15157
[efz_netplay_mod][pid=292] StateExport: network ping=1->0 delay=0->0 seq=15221
[efz_netplay_mod][pid=292] StateExport: network ping=0->1 delay=0->0 seq=15234
[efz_netplay_mod][pid=292] StateExport: network ping=1->0 delay=0->0 seq=15247
[efz_netplay_mod][pid=292] StateExport: network ping=0->1 delay=0->0 seq=15260
[efz_netplay_mod][pid=292] StateExport: network ping=1->2 delay=0->0 seq=15285
[efz_netplay_mod][pid=292] StateExport: network ping=2->0 delay=0->0 seq=15298
[efz_netplay_mod][pid=292] StateExport: network ping=0->1 delay=0->0 seq=15336
[efz_netplay_mod][pid=292] StateExport: network ping=1->2 delay=0->0 seq=15362
[efz_netplay_mod][pid=292] StateExport: network ping=2->1 delay=0->0 seq=15375
[efz_netplay_mod][pid=292] StateExport: network ping=1->0 delay=0->0 seq=15387
[efz_netplay_mod][pid=292] StateExport: network ping=0->1 delay=0->0 seq=15426
[efz_netplay_mod][pid=292] StateExport: network ping=1->0 delay=0->0 seq=15477
[efz_netplay_mod][pid=292] StateExport: network ping=0->1 delay=0->0 seq=15515
[efz_netplay_mod][pid=292] StateExport: network ping=1->0 delay=0->0 seq=15528
[efz_netplay_mod][pid=292] StateExport: network ping=0->1 delay=0->0 seq=15541
[efz_netplay_mod][pid=292] StateExport: network ping=1->0 delay=0->0 seq=15553
[efz_netplay_mod][pid=292] StateExport: heartbeat seq=15600 activity=6 menu=0 screen=3 mode=2 phase=3 role=2 side=1 p1Wins=0 p2Wins=0 ping=0 delay=0 local='Aquatic_mod' p1='Aquatic' p2='Aquatic_mod' revival='1.02e' caps=0x2EF sessionId=1 setId=0 endReason=0
[efz_netplay_mod][pid=292] StateExport: network ping=0->1 delay=0->0 seq=15604
[efz_netplay_mod][pid=292] StateExport: network ping=1->2 delay=0->0 seq=15617
[efz_netplay_mod][pid=292] StateExport: network ping=2->1 delay=0->0 seq=15630
[efz_netplay_mod][pid=292] StateExport: network ping=1->3 delay=0->0 seq=15668
[efz_netplay_mod][pid=292] StateExport: network ping=3->1 delay=0->0 seq=15681
[efz_netplay_mod][pid=292] StateExport: network ping=1->0 delay=0->0 seq=15707
[efz_netplay_mod][pid=292] StateExport: network ping=0->1 delay=0->0 seq=15719
[efz_netplay_mod][pid=292] StateExport: network ping=1->0 delay=0->0 seq=15732
[efz_netplay_mod][pid=292] StateExport: network ping=0->1 delay=0->0 seq=15745
[efz_netplay_mod][pid=292] StateExport: network ping=1->0 delay=0->0 seq=15809
[efz_netplay_mod][pid=292] StateExport: network ping=0->1 delay=0->0 seq=15822
[efz_netplay_mod][pid=292] StateExport: network ping=1->0 delay=0->0 seq=15860
[efz_netplay_mod][pid=292] StateExport: network ping=0->1 delay=0->0 seq=15873
[efz_netplay_mod][pid=292] StateExport: network ping=1->0 delay=0->0 seq=15886
[efz_netplay_mod][pid=292] StateExport: network ping=0->2 delay=0->0 seq=15924
[efz_netplay_mod][pid=292] StateExport: network ping=2->1 delay=0->0 seq=15937
[efz_netplay_mod][pid=292] StateExport: network ping=1->0 delay=0->0 seq=15962
[efz_netplay_mod][pid=292] StateExport: network ping=0->1 delay=0->0 seq=15988
[efz_netplay_mod][pid=292] StateExport: network ping=1->0 delay=0->0 seq=16001
[efz_netplay_mod][pid=292] StateExport: network ping=0->1 delay=0->0 seq=16013
[efz_netplay_mod][pid=292] StateExport: network ping=1->0 delay=0->0 seq=16039
[efz_netplay_mod][pid=292] StateExport: network ping=0->2 delay=0->0 seq=16052
[efz_netplay_mod][pid=292] StateExport: network ping=2->0 delay=0->0 seq=16065
[efz_netplay_mod][pid=292] StateExport: network ping=0->1 delay=0->0 seq=16077
[efz_netplay_mod][pid=292] StateExport: network ping=1->0 delay=0->0 seq=16090
[efz_netplay_mod][pid=292] StateExport: network ping=0->1 delay=0->0 seq=16103
[efz_netplay_mod][pid=292] StateExport: network ping=1->0 delay=0->0 seq=16116
[efz_netplay_mod][pid=292] StateExport: network ping=0->1 delay=0->0 seq=16129
[efz_netplay_mod][pid=292] StateExport: network ping=1->0 delay=0->0 seq=16141
[efz_netplay_mod][pid=292] StateExport: network ping=0->1 delay=0->0 seq=16154
[efz_netplay_mod][pid=292] StateExport: network ping=1->0 delay=0->0 seq=16167
[efz_netplay_mod][pid=292] StateExport: network ping=0->1 delay=0->0 seq=16192
[efz_netplay_mod][pid=292] StateExport: heartbeat seq=16200 activity=6 menu=0 screen=3 mode=2 phase=3 role=2 side=1 p1Wins=0 p2Wins=0 ping=1 delay=0 local='Aquatic_mod' p1='Aquatic' p2='Aquatic_mod' revival='1.02e' caps=0x2EF sessionId=1 setId=0 endReason=0
[efz_netplay_mod][pid=292] StateExport: network ping=1->0 delay=0->0 seq=16218
[efz_netplay_mod][pid=292] StateExport: network ping=0->1 delay=0->0 seq=16231
[efz_netplay_mod][pid=292] StateExport: network ping=1->0 delay=0->0 seq=16243
[efz_netplay_mod][pid=292] StateExport: network ping=0->1 delay=0->0 seq=16256
[efz_netplay_mod][pid=292] StateExport: network ping=1->0 delay=0->0 seq=16269
[efz_netplay_mod][pid=292] StateExport: network ping=0->1 delay=0->0 seq=16282
[efz_netplay_mod][pid=292] StateExport: network ping=1->0 delay=0->0 seq=16307
[efz_netplay_mod][pid=292] StateExport: network ping=0->1 delay=0->0 seq=16333
[efz_netplay_mod][pid=292] StateExport: network ping=1->0 delay=0->0 seq=16358
[efz_netplay_mod][pid=292] StateExport: network ping=0->1 delay=0->0 seq=16371
[efz_netplay_mod][pid=292] StateExport: network ping=1->0 delay=0->0 seq=16422
[efz_netplay_mod][pid=292] StateExport: network ping=0->1 delay=0->0 seq=16448
[efz_netplay_mod][pid=292] StateExport: network ping=1->0 delay=0->0 seq=16473
[efz_netplay_mod][pid=292] StateExport: network ping=0->1 delay=0->0 seq=16486
[efz_netplay_mod][pid=292] StateExport: network ping=1->0 delay=0->0 seq=16499
[efz_netplay_mod][pid=292] StateExport: network ping=0->1 delay=0->0 seq=16512
[efz_netplay_mod][pid=292] StateExport: network ping=1->2 delay=0->0 seq=16537
[efz_netplay_mod][pid=292] StateExport: network ping=2->0 delay=0->0 seq=16550
[efz_netplay_mod][pid=292] StateExport: network ping=0->1 delay=0->0 seq=16563
[efz_netplay_mod][pid=292] StateExport: network ping=1->2 delay=0->0 seq=16614
[efz_netplay_mod][pid=292] StateExport: network ping=2->0 delay=0->0 seq=16627
[efz_netplay_mod][pid=292] StateExport: network ping=0->1 delay=0->0 seq=16640
[efz_netplay_mod][pid=292] StateExport: network ping=1->0 delay=0->0 seq=16665
[efz_netplay_mod][pid=292] StateExport: network ping=0->1 delay=0->0 seq=16678
[efz_netplay_mod][pid=292] StateExport: network ping=1->0 delay=0->0 seq=16691
[efz_netplay_mod][pid=292] StateExport: network ping=0->1 delay=0->0 seq=16716
[efz_netplay_mod][pid=292] StateExport: network ping=1->0 delay=0->0 seq=16729
[efz_netplay_mod][pid=292] StateExport: network ping=0->1 delay=0->0 seq=16755
[efz_netplay_mod][pid=292] StateExport: STALL detected — 345 ms since last update (seq=16774 phase=3)
[efz_netplay_mod][pid=292] StateExport: charsel p1CharId=255->16 locked=0->0 p2CharId=255->9 locked=0->0 cursor=9 seq=16775
[efz_netplay_mod][pid=292] StateExport: flow menu=0->0 charsel=0->1 match=1->0 screen=1 mode=2 phase=3 role=2 p1Wins=0 p2Wins=0
[efz_netplay_mod][pid=292] StateExport: activity 6->4 screen=1 mode=2 phase=3 role=2 side=1 p1='Aquatic' p2='Aquatic_mod' caps=0x1EF sessionId=1 setId=0 seq=16775
[efz_netplay_mod][pid=292] StateExport:   charsel p1CharId=16 p2CharId=9 p1Locked=0 p2Locked=0 cursorChar=9
[efz_netplay_mod][pid=292] SCREEN_MONITOR: index 3 -> 1 tick=11065 mode=4/4 screenObj=0x03253EA8 charselect(init=2 exit=0 obj=0x03253EA8)
[efz_netplay_mod][pid=292] StateExport: network ping=1->0 delay=0->1 seq=16776
[efz_netplay_mod][pid=292] StateExport: STALL detected — 355 ms since last update (seq=16777 phase=3)
[efz_netplay_mod][pid=292] StateExport: network ping=0->1 delay=1->1 seq=16779
[efz_netplay_mod][pid=292] StateExport: network ping=1->0 delay=1->1 seq=16790
[efz_netplay_mod][pid=292] StateExport: heartbeat seq=16800 activity=4 menu=0 screen=1 mode=2 phase=3 role=2 side=1 p1Wins=0 p2Wins=0 ping=0 delay=1 local='Aquatic_mod' p1='Aquatic' p2='Aquatic_mod' revival='1.02e' caps=0x1EF sessionId=1 setId=0 endReason=0
[efz_netplay_mod][pid=292] StateExport: network ping=0->1 delay=1->1 seq=16803
[efz_netplay_mod][pid=292] StateExport: network ping=1->0 delay=1->1 seq=16841
[efz_netplay_mod][pid=292] StateExport: network ping=0->1 delay=1->1 seq=16854
[efz_netplay_mod][pid=292] StateExport: network ping=1->0 delay=1->1 seq=16867
[efz_netplay_mod][pid=292] StateExport: charsel p1CharId=16->16 locked=0->0 p2CharId=9->21 locked=0->0 cursor=21 seq=16872
[efz_netplay_mod][pid=292] StateExport: network ping=0->1 delay=1->1 seq=16880
[efz_netplay_mod][pid=292] StateExport: network ping=1->0 delay=1->1 seq=16892
[efz_netplay_mod][pid=292] StateExport: charsel p1CharId=16->16 locked=0->0 p2CharId=21->18 locked=0->0 cursor=18 seq=16894
[efz_netplay_mod][pid=292] StateExport: network ping=0->1 delay=1->1 seq=16905
[efz_netplay_mod][pid=292] StateExport: charsel p1CharId=16->16 locked=0->0 p2CharId=18->13 locked=0->0 cursor=13 seq=16915
[efz_netplay_mod][pid=292] StateExport: network ping=1->0 delay=1->1 seq=16918
[efz_netplay_mod][pid=292] StateExport: charsel p1CharId=16->16 locked=0->0 p2CharId=13->19 locked=0->0 cursor=19 seq=16939
[efz_netplay_mod][pid=292] StateExport: charsel p1CharId=16->16 locked=0->0 p2CharId=19->4 locked=0->0 cursor=4 seq=16966
[efz_netplay_mod][pid=292] StateExport: network ping=0->1 delay=1->1 seq=16969
[efz_netplay_mod][pid=292] StateExport: STALL detected — 334 ms since last update (seq=17000 phase=3)
[efz_netplay_mod][pid=292] StateExport: charsel p1CharId=16->255 locked=0->0 p2CharId=4->255 locked=0->0 cursor=255 seq=17001
[efz_netplay_mod][pid=292] StateExport: flow menu=0->0 charsel=1->0 match=0->0 screen=0 mode=2 phase=3 role=2 p1Wins=0 p2Wins=0
[efz_netplay_mod][pid=292] StateExport: activity 4->0 screen=0 mode=2 phase=3 role=2 side=1 p1='Aquatic' p2='Aquatic_mod' caps=0x2F sessionId=1 setId=0 seq=17001
[efz_netplay_mod][pid=292] SCREEN_MONITOR: index 1 -> 0 tick=11291 mode=4/4 screenObj=0x03253A50 charselect(init=1 exit=0 obj=0x03253EA8)
[efz_netplay_mod][pid=292] CrashHandler: TOCTOU recovery guard reset
[efz_netplay_mod][pid=292] HookedTitleUpdateImpl: post-match return, cancelling session and re-entering netplay menu
[efz_netplay_mod][pid=292] SessionBridge: CancelSession reason='match_ended'
[efz_netplay_mod][pid=292] DIAG[CancelSession_entry]: dllExitPatchesSaved=1 tournamentPatchesSaved=0 renderContextSaved=1 savedRenderCtx=0x79C26BC8
[efz_netplay_mod][pid=292] DIAG[CancelSession_entry]: dllBase=0x753C0000 roleFlag=0 sessionPtr=0x05417190 renderCtx=0x79C26BC8 globalState=0x029E0020
[efz_netplay_mod][pid=292] DIAG[CancelSession_entry]: session vtable=0x754502C0 initComplete=1 activePlayer=1
[efz_netplay_mod][pid=292] DIAG[CancelSession_entry]: exitPatch[0] RVA=0x7909D byte=0xEB expected=0x74
[efz_netplay_mod][pid=292] DIAG[CancelSession_entry]: exitPatch[1] RVA=0x7215D byte=0xEB expected=0x75
[efz_netplay_mod][pid=292] DIAG[CancelSession_entry]: exitPatch[2] RVA=0x7231F byte=0xEB expected=0x74
[efz_netplay_mod][pid=292] DIAG[CancelSession_entry]: nearJccPatch[0] RVA=0x7251B bytes=90 90
[efz_netplay_mod][pid=292] DIAG[CancelSession_entry]: nearJccPatch[1] RVA=0x7252E bytes=90 90
[efz_netplay_mod][pid=292] DIAG[CancelSession_entry]: nearJccPatch[2] RVA=0x742E1 bytes=90 90
[efz_netplay_mod][pid=292] DIAG[CancelSession_entry]: nearJccPatch[3] RVA=0x742F4 bytes=90 90
[efz_netplay_mod][pid=292] DIAG[CancelSession_entry]: nearJccPatch[4] RVA=0x74301 bytes=90 90
[efz_netplay_mod][pid=292] DIAG[CancelSession_entry]: localRoleFlag=0 localInitApplied=1 exitIntercepted=0 exitMode=-1 frameHookInstalled=1 frameRecoveryPending=0 forceLocalPlayInitCount=0
[efz_netplay_mod][pid=292] DIAG[CancelSession_entry]: revivalProcess=0x00000154 revivalPid=352 lastValidatedSession=0x05417190 lastSessionPtrOffset=0xA02CC
[efz_netplay_mod][pid=292] DIAG[CancelSession]: reason='match_ended' forceLocalPlayInitCount=0
[efz_netplay_mod][pid=292] Takeover: closing child job object handle=0000014C
[efz_netplay_mod][pid=292] RestoreDllExitProcessPatches: will restore site[0] RVA=0x7909D savedByte=0x74
[efz_netplay_mod][pid=292] RestoreDllExitProcessPatches: will restore site[1] RVA=0x7215D savedByte=0x75
[efz_netplay_mod][pid=292] RestoreDllExitProcessPatches: will restore site[2] RVA=0x7231F savedByte=0x74
[efz_netplay_mod][pid=292] RestoreDllExitProcessPatches: will restore nearJcc[0] RVA=0x7251B savedBytes=0F 84 B6 02 00 00
[efz_netplay_mod][pid=292] RestoreDllExitProcessPatches: will restore nearJcc[1] RVA=0x7252E savedBytes=0F 84 A3 02 00 00
[efz_netplay_mod][pid=292] RestoreDllExitProcessPatches: will restore nearJcc[2] RVA=0x742E1 savedBytes=0F 84 A9 01 00 00
[efz_netplay_mod][pid=292] RestoreDllExitProcessPatches: will restore nearJcc[3] RVA=0x742F4 savedBytes=0F 84 96 01 00 00
[efz_netplay_mod][pid=292] RestoreDllExitProcessPatches: will restore nearJcc[4] RVA=0x74301 savedBytes=0F 84 89 01 00 00
[efz_netplay_mod][pid=292] RestoreDllExitProcessPatches: restored 3/3 single-byte + 5/5 near-Jcc patches
[efz_netplay_mod][pid=292] Takeover: local re-init deferred (from role=0 -> local play, no init call)
[efz_netplay_mod][pid=292] Takeover: direct role flag 0 -> 2 (wrote 3 globals) reason=reinit_local_play
[efz_netplay_mod][pid=292] Takeover: cancel cleanup — DEFERRED (inside frame tick, ForceLocalPlayInit would destroy active session)
[efz_netplay_mod][pid=292] Takeover: phase Connected -> SessionEnded reason=''
[efz_netplay_mod][pid=292] Takeover: cancel reason='match_ended' hadProcess=1
[efz_netplay_mod][pid=292] DIAG[CancelSession_exit]: dllExitPatchesSaved=0 tournamentPatchesSaved=0 renderContextSaved=1 savedRenderCtx=0x79C26BC8
[efz_netplay_mod][pid=292] DIAG[CancelSession_exit]: dllBase=0x753C0000 roleFlag=2 sessionPtr=0x05417190 renderCtx=0x79C26BC8 globalState=0x029E0020
[efz_netplay_mod][pid=292] DIAG[CancelSession_exit]: session vtable=0x754502C0 initComplete=1 activePlayer=1
[efz_netplay_mod][pid=292] DIAG[CancelSession_exit]: exitPatch[0] RVA=0x7909D byte=0x74 expected=0x74
[efz_netplay_mod][pid=292] DIAG[CancelSession_exit]: exitPatch[1] RVA=0x7215D byte=0x75 expected=0x75
[efz_netplay_mod][pid=292] DIAG[CancelSession_exit]: exitPatch[2] RVA=0x7231F byte=0x74 expected=0x74
[efz_netplay_mod][pid=292] DIAG[CancelSession_exit]: nearJccPatch[0] RVA=0x7251B bytes=0F 84
[efz_netplay_mod][pid=292] DIAG[CancelSession_exit]: nearJccPatch[1] RVA=0x7252E bytes=0F 84
[efz_netplay_mod][pid=292] DIAG[CancelSession_exit]: nearJccPatch[2] RVA=0x742E1 bytes=0F 84
[efz_netplay_mod][pid=292] DIAG[CancelSession_exit]: nearJccPatch[3] RVA=0x742F4 bytes=0F 84
[efz_netplay_mod][pid=292] DIAG[CancelSession_exit]: nearJccPatch[4] RVA=0x74301 bytes=0F 84
[efz_netplay_mod][pid=292] DIAG[CancelSession_exit]: localRoleFlag=2 localInitApplied=0 exitIntercepted=0 exitMode=-1 frameHookInstalled=1 frameRecoveryPending=0 forceLocalPlayInitCount=0
[efz_netplay_mod][pid=292] DIAG[CancelSession_exit]: revivalProcess=0x00000000 revivalPid=0 lastValidatedSession=0x05417190 lastSessionPtrOffset=0xA02CC
[efz_netplay_mod][pid=292] EnterNetplayMenu: request active=0 skipFadeOut=1
[efz_netplay_mod][pid=292] EnterNetplayMenu: skipping fade-out (disconnect recovery)
[efz_netplay_mod][pid=292] LoadNetplayAssets: begin (screenContext=0x03253A50)
[efz_netplay_mod][pid=292] ResolveNetplayBackgroundPath: searching for netplay_bg.dat
[efz_netplay_mod][pid=292] ResolveNetplayBackgroundPath: [DLL dir] probing 'Z:\mnt\shared\EFZ - Copy\mods\efz_netplay_mod\assets\netplay_bg.dat'
[efz_netplay_mod][pid=292] ResolveNetplayBackgroundPath: using 'Z:\mnt\shared\EFZ - Copy\mods\efz_netplay_mod\assets\netplay_bg.dat'
[efz_netplay_mod][pid=292] ResolveNetplayObjectsPath: searching for netplay objects
[efz_netplay_mod][pid=292] ResolveNetplayObjectsPath: [DLL dir] probing 'Z:\mnt\shared\EFZ - Copy\mods\efz_netplay_mod\assets\netplay_ob.dat'
[efz_netplay_mod][pid=292] ResolveNetplayObjectsPath: using 'Z:\mnt\shared\EFZ - Copy\mods\efz_netplay_mod\assets\netplay_ob.dat'
[efz_netplay_mod][pid=292] ParseEfzDatImage: parsed 'Z:\mnt\shared\EFZ - Copy\mods\efz_netplay_mod\assets\netplay_ob.dat' size=154370 firstByte=255 headerOffset=766 width=320 height=480 transparentSrc=20 hasTransparent=1 method=near_magenta exact=0 near=1
[efz_netplay_mod][pid=292] LoadNetplayAssets: derived source transparent index=20 from netplay_ob.dat
[efz_netplay_mod][pid=292] LoadNetplayAssets: derived netplay_ob layout srcY[261..387] dstY[95..221] rowH=14 width=320
[efz_netplay_mod][pid=292] LoadNetplayAssets: forcing transparent color=213 (src=20 + offset=193)
[efz_netplay_mod][pid=292] LoadNetplayAssets: done bg='Z:\mnt\shared\EFZ - Copy\mods\efz_netplay_mod\assets\netplay_bg.dat' obj='Z:\mnt\shared\EFZ - Copy\mods\efz_netplay_mod\assets\netplay_ob.dat' (palette bg=1 obj=1 transparent=213)
[efz_netplay_mod][pid=292] LoadNetplayAssets: object profile colorOffset=193 paletteStart=193 paletteCount=48 configStyle=1 optionCount=5 backIndex=4
[efz_netplay_mod][pid=292] LoadNetplaySpriteFont: no sprite font map found (runtime text disabled)
[efz_netplay_mod][pid=292] LoadNetplayAssets: sprite font unavailable, using object-sheet-only rendering
[efz_netplay_mod][pid=292] LoadNetplayMenuSettingsFromIni: loaded Network.Name='Aquatic_mod'
[efz_netplay_mod][pid=292] LoadNetplayMenuSettingsFromIni: loaded Network.Port=10800
[efz_netplay_mod][pid=292] ResetTitleMenuState: selection=0 menuState=0 initState=0 exitState=0
[efz_netplay_mod][pid=292] NetplayMenuSwitch: menu=Main selection=0 count=5 row=0(ROW_HOST) entry=HOST
[efz_netplay_mod][pid=292] InstallNetplayWindowHook: hwnd=0x0001005A originalProc=0x79B8C600
[efz_netplay_mod][pid=292] EnterNetplayMenu: disconnect recovery — rendered initial clean frame
[efz_netplay_mod][pid=292] RunTransitionFadeIn: begin palette=52771454
[efz_netplay_mod][pid=292] RunTransitionFadeIn: complete result=1
[efz_netplay_mod][pid=292] EnterNetplayMenu: active menu=Main selection=0 bgmTrack=8 configStyle=1 optionCount=5 backIndex=4 skipFadeOut=1
[efz_netplay_mod][pid=292] TICK_HOOK: executing deferred cancel cleanup (ForceLocalPlayInit was unsafe mid-tick)
[efz_netplay_mod][pid=292] INIT_SNAP[ForceLocalPlayInit_pre]: roleFlag=2 sessionPtr=0x05417190 initFlag=0 initByte=0x00 renderCtx=0x79C26BC8 renderCtxBase=0x00000000 initOnceGuard=0x00000101 timerPtr=0x79C26AD0 globalStatePtr=0x029E0020
[efz_netplay_mod][pid=292] INIT_SNAP[ForceLocalPlayInit_pre]: roleFlag[1]=0xA05F0 val=2
[efz_netplay_mod][pid=292] INIT_SNAP[ForceLocalPlayInit_pre]: roleFlag[2]=0xA15FC val=2
[efz_netplay_mod][pid=292] INIT_SNAP[ForceLocalPlayInit_pre]: sessionPtr[1]=0xA02EC val=0x00000000
[efz_netplay_mod][pid=292] INIT_SNAP[ForceLocalPlayInit_pre]: session vtable=0x754502C0 initComplete=1 activePlayer=1 queuePlayer=0 inputDelay=1
[efz_netplay_mod][pid=292] INIT_SNAP[ForceLocalPlayInit_pre]: session currentFrame=10963 gameModeSnap=0 matchId=1 sentinel=2147482647 helperHandle=0x00000000
[efz_netplay_mod][pid=292] INIT_SNAP[ForceLocalPlayInit_pre]: session histPrimary=0x054174B0 histSecondary=0x054174A4 histPrimaryVec=0x054174A4 histSecondaryVec=0x054174B0
[efz_netplay_mod][pid=292] INIT_SNAP[ForceLocalPlayInit_pre]: session +4=1 +8=1 +12=16 +16=9 +36=480
[efz_netplay_mod][pid=292] INIT_SNAP[ForceLocalPlayInit_pre]: g_localRoleFlag=2 g_localInitApplied=0 g_dllExitPatchesSaved=0 g_tournamentPatchesSaved=0 g_renderContextSaved=1 g_savedRenderCtx=0x79C26BC8 g_frameHookInstalled=1 initCount=1
[efz_netplay_mod][pid=292] ReverseInputSwapIfClient: swap reversed OK (fn=0x7542CAD0 this=0x75460760 result=2621493)
[efz_netplay_mod][pid=292] ForceLocalPlayInit: DestroyCurrentSession starting session=0x05417190 role=2
[efz_netplay_mod][pid=292] ForceLocalPlayInit: DestroyCurrentSession vtable=0x754502C0 (RVA 0x000902C0)
[efz_netplay_mod][pid=292] ForceLocalPlayInit: DestroyCurrentSession calling dtor vtable[0]=0x753E20A0 session=0x05417190 role=2
[efz_netplay_mod][pid=292] ForceLocalPlayInit: DestroyCurrentSession destructor completed
[efz_netplay_mod][pid=292] ResetModeConstructorTrampolineCache: cleared 2 entries
[efz_netplay_mod][pid=292] ForceLocalPlayInit: DestroyCurrentSession done session=0x05417190 role=2 globalsZeroed=2
[efz_netplay_mod][pid=292] ForceLocalPlayInit: about to save EXE hook bytes before init() oldSession=0x05417190 callCount=1
[efz_netplay_mod][pid=292] SaveExeFrameHookBytes: saved 10 bytes at 0x00401582 [E9 79 F7 25 01 90 90 90 90 90]
[efz_netplay_mod][pid=292] RestoreModeCtorOriginalBytes: restored 0x00763E50=[C6 40 2D 00 8B 4D D0] 0x00763F04=[8B 4D D0 C6 41 2D 00]
[efz_netplay_mod][pid=292] ResetModeConstructorTrampolineCache: cleared 2 entries
[efz_netplay_mod][pid=292] ForceLocalPlayInit: 0x401582 pre-init  [E9 79 F7 25 01 90 90 90 90 90]
[efz_netplay_mod][pid=292] ForceLocalPlayInit: calling init(mode=2, magic=102)
[efz_netplay_mod][pid=292] ForceLocalPlayInit: 0x401582 post-init [E9 E9 E2 93 0B 90 90 90 90 90]
[efz_netplay_mod][pid=292] ForceLocalPlayInit: restoring saved EXE hook bytes
[efz_netplay_mod][pid=292] RestoreExeFrameHookBytes: restored 10 bytes at 0x00401582 [E9 79 F7 25 01 90 90 90 90 90]
[efz_netplay_mod][pid=292] ForceLocalPlayInit: 0x401582 restored  [E9 79 F7 25 01 90 90 90 90 90]
[efz_netplay_mod][pid=292] ForceLocalPlayInit: modeCtorFixup 0x00763E50 not hooked (byte=0xC6), skip
[efz_netplay_mod][pid=292] ForceLocalPlayInit: modeCtorFixup 0x00763F04 not hooked (byte=0x8B), skip
[efz_netplay_mod][pid=292] INIT_SNAP[ForceLocalPlayInit_post_init]: roleFlag=2 sessionPtr=0x01665580 initFlag=0 initByte=0x00 renderCtx=0x79C26BC8 renderCtxBase=0x00000000 initOnceGuard=0x00000101 timerPtr=0x79C26AD0 globalStatePtr=0x029E0020
[efz_netplay_mod][pid=292] INIT_SNAP[ForceLocalPlayInit_post_init]: roleFlag[1]=0xA05F0 val=2
[efz_netplay_mod][pid=292] INIT_SNAP[ForceLocalPlayInit_post_init]: roleFlag[2]=0xA15FC val=2
[efz_netplay_mod][pid=292] INIT_SNAP[ForceLocalPlayInit_post_init]: sessionPtr[1]=0xA02EC val=0x00000000
[efz_netplay_mod][pid=292] INIT_SNAP[ForceLocalPlayInit_post_init]: session vtable=0x75450404 initComplete=-2139815924 activePlayer=0 queuePlayer=0 inputDelay=15
[efz_netplay_mod][pid=292] INIT_SNAP[ForceLocalPlayInit_post_init]: session currentFrame=0 gameModeSnap=21364743 matchId=12 sentinel=1767853127 helperHandle=0x00000000
[efz_netplay_mod][pid=292] INIT_SNAP[ForceLocalPlayInit_post_init]: session histPrimary=0x00000006 histSecondary=0x00000000 histPrimaryVec=0x01665894 histSecondaryVec=0x016658A0
[efz_netplay_mod][pid=292] INIT_SNAP[ForceLocalPlayInit_post_init]: session +4=1114616 +8=269486859 +12=387389200 +16=488249882 +36=1
[efz_netplay_mod][pid=292] INIT_SNAP[ForceLocalPlayInit_post_init]: g_localRoleFlag=2 g_localInitApplied=0 g_dllExitPatchesSaved=0 g_tournamentPatchesSaved=0 g_renderContextSaved=1 g_savedRenderCtx=0x79C26BC8 g_frameHookInstalled=1 initCount=1
[efz_netplay_mod][pid=292] ForceLocalPlayInit: init(2,102) result=2292440 callCount=1 oldSession=0x05417190 newSession=0x01665580
[efz_netplay_mod][pid=292] ForceLocalPlayInit: InvokeSessionVtableInit vtable[1] 0x75435D30 called on session 0x01665580
[efz_netplay_mod][pid=292] INIT_SNAP[ForceLocalPlayInit_post_vtable1]: roleFlag=2 sessionPtr=0x01665580 initFlag=0 initByte=0x00 renderCtx=0x79C26BC8 renderCtxBase=0x00000000 initOnceGuard=0x00000101 timerPtr=0x79C26AD0 globalStatePtr=0x029E0020
[efz_netplay_mod][pid=292] INIT_SNAP[ForceLocalPlayInit_post_vtable1]: roleFlag[1]=0xA05F0 val=2
[efz_netplay_mod][pid=292] INIT_SNAP[ForceLocalPlayInit_post_vtable1]: roleFlag[2]=0xA15FC val=2
[efz_netplay_mod][pid=292] INIT_SNAP[ForceLocalPlayInit_post_vtable1]: sessionPtr[1]=0xA02EC val=0x00000000
[efz_netplay_mod][pid=292] INIT_SNAP[ForceLocalPlayInit_post_vtable1]: session vtable=0x75450404 initComplete=-2139815924 activePlayer=0 queuePlayer=0 inputDelay=15
[efz_netplay_mod][pid=292] INIT_SNAP[ForceLocalPlayInit_post_vtable1]: session currentFrame=0 gameModeSnap=21364743 matchId=12 sentinel=1767853127 helperHandle=0x00000000
[efz_netplay_mod][pid=292] INIT_SNAP[ForceLocalPlayInit_post_vtable1]: session histPrimary=0x00000006 histSecondary=0x00000000 histPrimaryVec=0x01665894 histSecondaryVec=0x016658A0
[efz_netplay_mod][pid=292] INIT_SNAP[ForceLocalPlayInit_post_vtable1]: session +4=13304013 +8=13107408 +12=2031646 +16=1114144 +36=1
[efz_netplay_mod][pid=292] INIT_SNAP[ForceLocalPlayInit_post_vtable1]: g_localRoleFlag=2 g_localInitApplied=0 g_dllExitPatchesSaved=0 g_tournamentPatchesSaved=0 g_renderContextSaved=1 g_savedRenderCtx=0x79C26BC8 g_frameHookInstalled=1 initCount=1
[efz_netplay_mod][pid=292] TICK_HOOK: deferred ForceLocalPlayInit result=1
[efz_netplay_mod][pid=292] RestoreRenderContext: restored EfzRender* 0x79C26BC8 (was 0x79C26BC8, unchanged)
[efz_netplay_mod][pid=292] RestoreRenderContext: restored EfzRender* 0x79C26BC8 (was 0x79C26BC8, unchanged)
[efz_netplay_mod][pid=292] RestoreRenderContext: restored EfzRender* 0x79C26BC8 (was 0x79C26BC8, unchanged)
[efz_netplay_mod][pid=292] DisableRevivalTextRendering: text rendering disabled
[efz_netplay_mod][pid=292] CrashHandler: TOCTOU recovery guard reset
[efz_netplay_mod][pid=292] TICK_HOOK: deferred cancel cleanup complete
[efz_netplay_mod][pid=292] StateExport: session ended endReason=1 err=''
[efz_netplay_mod][pid=292] StateExport: nicknames local='Aquatic_mod'->'Aquatic_mod' p1='Aquatic'->'' p2='Aquatic_mod'->'' seq=17003
[efz_netplay_mod][pid=292] StateExport: network ping=1->-1 delay=1->-1 seq=17003
[efz_netplay_mod][pid=292] StateExport: flow menu=0->1 charsel=0->0 match=0->0 screen=0 mode=2 phase=5 role=0 p1Wins=0 p2Wins=0
[efz_netplay_mod][pid=292] StateExport: activity 0->1 screen=0 mode=2 phase=5 role=0 side=1 p1='' p2='' caps=0xB7 sessionId=1 setId=0 seq=17003
[efz_netplay_mod][pid=292] TICK_HOOK: *** ECX MISMATCH *** frameTick=1 exeECX=0x03253A50 dllSession=0x01665580 — overriding ECX with current session
[efz_netplay_mod][pid=292] TICK_HOOK: current session vtable=0x75450404 (RVA=0x90404)
[efz_netplay_mod][pid=292] DIAG[tick_ecx_mismatch]: dllExitPatchesSaved=0 tournamentPatchesSaved=0 renderContextSaved=1 savedRenderCtx=0x79C26BC8
[efz_netplay_mod][pid=292] DIAG[tick_ecx_mismatch]: dllBase=0x753C0000 roleFlag=2 sessionPtr=0x01665580 renderCtx=0x79C26BC8 globalState=0x029E0020
[efz_netplay_mod][pid=292] DIAG[tick_ecx_mismatch]: session vtable=0x75450404 initComplete=-2139815924 activePlayer=0
[efz_netplay_mod][pid=292] DIAG[tick_ecx_mismatch]: exitPatch[0] RVA=0x7909D byte=0x74 expected=0x74
[efz_netplay_mod][pid=292] DIAG[tick_ecx_mismatch]: exitPatch[1] RVA=0x7215D byte=0x75 expected=0x75
[efz_netplay_mod][pid=292] DIAG[tick_ecx_mismatch]: exitPatch[2] RVA=0x7231F byte=0x74 expected=0x74
[efz_netplay_mod][pid=292] DIAG[tick_ecx_mismatch]: nearJccPatch[0] RVA=0x7251B bytes=0F 84
[efz_netplay_mod][pid=292] DIAG[tick_ecx_mismatch]: nearJccPatch[1] RVA=0x7252E bytes=0F 84
[efz_netplay_mod][pid=292] DIAG[tick_ecx_mismatch]: nearJccPatch[2] RVA=0x742E1 bytes=0F 84
[efz_netplay_mod][pid=292] DIAG[tick_ecx_mismatch]: nearJccPatch[3] RVA=0x742F4 bytes=0F 84
[efz_netplay_mod][pid=292] DIAG[tick_ecx_mismatch]: nearJccPatch[4] RVA=0x74301 bytes=0F 84
[efz_netplay_mod][pid=292] DIAG[tick_ecx_mismatch]: localRoleFlag=2 localInitApplied=0 exitIntercepted=0 exitMode=-1 frameHookInstalled=1 frameRecoveryPending=0 forceLocalPlayInitCount=1
[efz_netplay_mod][pid=292] DIAG[tick_ecx_mismatch]: revivalProcess=0x00000000 revivalPid=0 lastValidatedSession=0x01665580 lastSessionPtrOffset=0xA02CC
[efz_netplay_mod][pid=292] TICK_HOOK: heartbeat frameTick=1 session=0x01665580 exeECX=0x03253A50 match=0
[efz_netplay_mod][pid=292] RestoreRenderContext: restored EfzRender* 0x79C26BC8 (was 0x79C26BC8, unchanged)
[efz_netplay_mod][pid=292] RestoreRenderContext: restored EfzRender* 0x79C26BC8 (was 0x79C26BC8, unchanged)
[efz_netplay_mod][pid=292] DisableRevivalTextRendering: text rendering disabled
[efz_netplay_mod][pid=292] NetplayInput: P1(h=0 v=0 c=0 b=0) P2(h=0 v=0 c=0 b=0)
[efz_netplay_mod][pid=292] NetplayFrame: updates=1924 menu=Main selection=0 row=0(ROW_HOST) inactivity=0 slide=0 nativeSlideRaw=0 nativeSlideScaled=0
[efz_netplay_mod][pid=292] SessionBridge: CancelSession reason='no_overlay_session_ended'
[efz_netplay_mod][pid=292] DIAG[CancelSession_entry]: dllExitPatchesSaved=0 tournamentPatchesSaved=0 renderContextSaved=1 savedRenderCtx=0x79C26BC8
[efz_netplay_mod][pid=292] DIAG[CancelSession_entry]: dllBase=0x753C0000 roleFlag=2 sessionPtr=0x01665580 renderCtx=0x79C26BC8 globalState=0x029E0020
[efz_netplay_mod][pid=292] DIAG[CancelSession_entry]: session vtable=0x75450404 initComplete=-2139815924 activePlayer=0
[efz_netplay_mod][pid=292] DIAG[CancelSession_entry]: exitPatch[0] RVA=0x7909D byte=0x74 expected=0x74
[efz_netplay_mod][pid=292] DIAG[CancelSession_entry]: exitPatch[1] RVA=0x7215D byte=0x75 expected=0x75
[efz_netplay_mod][pid=292] DIAG[CancelSession_entry]: exitPatch[2] RVA=0x7231F byte=0x74 expected=0x74
[efz_netplay_mod][pid=292] DIAG[CancelSession_entry]: nearJccPatch[0] RVA=0x7251B bytes=0F 84
[efz_netplay_mod][pid=292] DIAG[CancelSession_entry]: nearJccPatch[1] RVA=0x7252E bytes=0F 84
[efz_netplay_mod][pid=292] DIAG[CancelSession_entry]: nearJccPatch[2] RVA=0x742E1 bytes=0F 84
[efz_netplay_mod][pid=292] DIAG[CancelSession_entry]: nearJccPatch[3] RVA=0x742F4 bytes=0F 84
[efz_netplay_mod][pid=292] DIAG[CancelSession_entry]: nearJccPatch[4] RVA=0x74301 bytes=0F 84
[efz_netplay_mod][pid=292] DIAG[CancelSession_entry]: localRoleFlag=2 localInitApplied=0 exitIntercepted=0 exitMode=-1 frameHookInstalled=1 frameRecoveryPending=0 forceLocalPlayInitCount=1
[efz_netplay_mod][pid=292] DIAG[CancelSession_entry]: revivalProcess=0x00000000 revivalPid=0 lastValidatedSession=0x01665580 lastSessionPtrOffset=0xA02CC
[efz_netplay_mod][pid=292] DIAG[CancelSession]: reason='no_overlay_session_ended' forceLocalPlayInitCount=1
[efz_netplay_mod][pid=292] RestoreDllExitProcessPatches: SKIPPED (saved=0 profile=757EC6B0)
[efz_netplay_mod][pid=292] Takeover: local re-init skipped (already local play)
[efz_netplay_mod][pid=292] Takeover: cancel cleanup — DEFERRED (inside frame tick, ForceLocalPlayInit would destroy active session)
[efz_netplay_mod][pid=292] Takeover: phase SessionEnded -> Idle reason=''
[efz_netplay_mod][pid=292] Takeover: cancel reason='no_overlay_session_ended' hadProcess=0
[efz_netplay_mod][pid=292] DIAG[CancelSession_exit]: dllExitPatchesSaved=0 tournamentPatchesSaved=0 renderContextSaved=1 savedRenderCtx=0x79C26BC8
[efz_netplay_mod][pid=292] DIAG[CancelSession_exit]: dllBase=0x753C0000 roleFlag=2 sessionPtr=0x01665580 renderCtx=0x79C26BC8 globalState=0x029E0020
[efz_netplay_mod][pid=292] DIAG[CancelSession_exit]: session vtable=0x75450404 initComplete=-2139815924 activePlayer=0
[efz_netplay_mod][pid=292] DIAG[CancelSession_exit]: exitPatch[0] RVA=0x7909D byte=0x74 expected=0x74
[efz_netplay_mod][pid=292] DIAG[CancelSession_exit]: exitPatch[1] RVA=0x7215D byte=0x75 expected=0x75
[efz_netplay_mod][pid=292] DIAG[CancelSession_exit]: exitPatch[2] RVA=0x7231F byte=0x74 expected=0x74
[efz_netplay_mod][pid=292] DIAG[CancelSession_exit]: nearJccPatch[0] RVA=0x7251B bytes=0F 84
[efz_netplay_mod][pid=292] DIAG[CancelSession_exit]: nearJccPatch[1] RVA=0x7252E bytes=0F 84
[efz_netplay_mod][pid=292] DIAG[CancelSession_exit]: nearJccPatch[2] RVA=0x742E1 bytes=0F 84
[efz_netplay_mod][pid=292] DIAG[CancelSession_exit]: nearJccPatch[3] RVA=0x742F4 bytes=0F 84
[efz_netplay_mod][pid=292] DIAG[CancelSession_exit]: nearJccPatch[4] RVA=0x74301 bytes=0F 84
[efz_netplay_mod][pid=292] DIAG[CancelSession_exit]: localRoleFlag=2 localInitApplied=0 exitIntercepted=0 exitMode=-1 frameHookInstalled=1 frameRecoveryPending=0 forceLocalPlayInitCount=1
[efz_netplay_mod][pid=292] DIAG[CancelSession_exit]: revivalProcess=0x00000000 revivalPid=0 lastValidatedSession=0x01665580 lastSessionPtrOffset=0xA02CC
[efz_netplay_mod][pid=292] TICK_HOOK: executing deferred cancel cleanup (ForceLocalPlayInit was unsafe mid-tick)
[efz_netplay_mod][pid=292] INIT_SNAP[ForceLocalPlayInit_pre]: roleFlag=2 sessionPtr=0x01665580 initFlag=0 initByte=0x00 renderCtx=0x79C26BC8 renderCtxBase=0x00000000 initOnceGuard=0x00000101 timerPtr=0x79C26AD0 globalStatePtr=0x029E0020
[efz_netplay_mod][pid=292] INIT_SNAP[ForceLocalPlayInit_pre]: roleFlag[1]=0xA05F0 val=2
[efz_netplay_mod][pid=292] INIT_SNAP[ForceLocalPlayInit_pre]: roleFlag[2]=0xA15FC val=2
[efz_netplay_mod][pid=292] INIT_SNAP[ForceLocalPlayInit_pre]: sessionPtr[1]=0xA02EC val=0x00000000
[efz_netplay_mod][pid=292] INIT_SNAP[ForceLocalPlayInit_pre]: session vtable=0x75450404 initComplete=-2139815924 activePlayer=0 queuePlayer=0 inputDelay=15
[efz_netplay_mod][pid=292] INIT_SNAP[ForceLocalPlayInit_pre]: session currentFrame=0 gameModeSnap=21364743 matchId=12 sentinel=1767853127 helperHandle=0x00000000
[efz_netplay_mod][pid=292] INIT_SNAP[ForceLocalPlayInit_pre]: session histPrimary=0x00000006 histSecondary=0x00000000 histPrimaryVec=0x01665894 histSecondaryVec=0x016658A0
[efz_netplay_mod][pid=292] INIT_SNAP[ForceLocalPlayInit_pre]: session +4=13304013 +8=13107408 +12=2031646 +16=1114144 +36=1
[efz_netplay_mod][pid=292] INIT_SNAP[ForceLocalPlayInit_pre]: g_localRoleFlag=2 g_localInitApplied=0 g_dllExitPatchesSaved=0 g_tournamentPatchesSaved=0 g_renderContextSaved=1 g_savedRenderCtx=0x79C26BC8 g_frameHookInstalled=1 initCount=2
[efz_netplay_mod][pid=292] ForceLocalPlayInit: DestroyCurrentSession starting session=0x01665580 role=2
[efz_netplay_mod][pid=292] ForceLocalPlayInit: DestroyCurrentSession vtable=0x75450404 (RVA 0x00090404)
[efz_netplay_mod][pid=292] ForceLocalPlayInit: DestroyCurrentSession calling dtor vtable[0]=0x753E8B90 session=0x01665580 role=2
[efz_netplay_mod][pid=292] ForceLocalPlayInit: DestroyCurrentSession destructor completed
[efz_netplay_mod][pid=292] ResetModeConstructorTrampolineCache: cleared 2 entries
[efz_netplay_mod][pid=292] ForceLocalPlayInit: DestroyCurrentSession done session=0x01665580 role=2 globalsZeroed=2
[efz_netplay_mod][pid=292] ForceLocalPlayInit: about to save EXE hook bytes before init() oldSession=0x01665580 callCount=2
[efz_netplay_mod][pid=292] SaveExeFrameHookBytes: saved 10 bytes at 0x00401582 [E9 79 F7 25 01 90 90 90 90 90]
[efz_netplay_mod][pid=292] RestoreModeCtorOriginalBytes: restored 0x00763E50=[C6 40 2D 00 8B 4D D0] 0x00763F04=[8B 4D D0 C6 41 2D 00]
[efz_netplay_mod][pid=292] ResetModeConstructorTrampolineCache: cleared 2 entries
[efz_netplay_mod][pid=292] ForceLocalPlayInit: 0x401582 pre-init  [E9 79 F7 25 01 90 90 90 90 90]
[efz_netplay_mod][pid=292] ForceLocalPlayInit: calling init(mode=2, magic=102)
[efz_netplay_mod][pid=292] ForceLocalPlayInit: 0x401582 post-init [E9 89 58 01 05 90 90 90 90 90]
[efz_netplay_mod][pid=292] ForceLocalPlayInit: restoring saved EXE hook bytes
[efz_netplay_mod][pid=292] RestoreExeFrameHookBytes: restored 10 bytes at 0x00401582 [E9 79 F7 25 01 90 90 90 90 90]
[efz_netplay_mod][pid=292] ForceLocalPlayInit: 0x401582 restored  [E9 79 F7 25 01 90 90 90 90 90]
[efz_netplay_mod][pid=292] ForceLocalPlayInit: modeCtorFixup 0x00763E50 not hooked (byte=0xC6), skip
[efz_netplay_mod][pid=292] ForceLocalPlayInit: modeCtorFixup 0x00763F04 not hooked (byte=0x8B), skip
[efz_netplay_mod][pid=292] INIT_SNAP[ForceLocalPlayInit_post_init]: roleFlag=2 sessionPtr=0x01665580 initFlag=0 initByte=0x00 renderCtx=0x79C26BC8 renderCtxBase=0x00000000 initOnceGuard=0x00000101 timerPtr=0x79C26AD0 globalStatePtr=0x029E0020
[efz_netplay_mod][pid=292] INIT_SNAP[ForceLocalPlayInit_post_init]: roleFlag[1]=0xA05F0 val=2
[efz_netplay_mod][pid=292] INIT_SNAP[ForceLocalPlayInit_post_init]: roleFlag[2]=0xA15FC val=2
[efz_netplay_mod][pid=292] INIT_SNAP[ForceLocalPlayInit_post_init]: sessionPtr[1]=0xA02EC val=0x00000000
[efz_netplay_mod][pid=292] INIT_SNAP[ForceLocalPlayInit_post_init]: session vtable=0x75450404 initComplete=-2139815924 activePlayer=0 queuePlayer=0 inputDelay=15
[efz_netplay_mod][pid=292] INIT_SNAP[ForceLocalPlayInit_post_init]: session currentFrame=0 gameModeSnap=21364743 matchId=12 sentinel=1767853127 helperHandle=0x00000000
[efz_netplay_mod][pid=292] INIT_SNAP[ForceLocalPlayInit_post_init]: session histPrimary=0x00000006 histSecondary=0x00000000 histPrimaryVec=0x01665894 histSecondaryVec=0x016658A0
[efz_netplay_mod][pid=292] INIT_SNAP[ForceLocalPlayInit_post_init]: session +4=1114616 +8=13107408 +12=2031646 +16=1114144 +36=1
[efz_netplay_mod][pid=292] INIT_SNAP[ForceLocalPlayInit_post_init]: g_localRoleFlag=2 g_localInitApplied=0 g_dllExitPatchesSaved=0 g_tournamentPatchesSaved=0 g_renderContextSaved=1 g_savedRenderCtx=0x79C26BC8 g_frameHookInstalled=1 initCount=2
[efz_netplay_mod][pid=292] ForceLocalPlayInit: init(2,102) result=2292440 callCount=2 oldSession=0x01665580 newSession=0x01665580
[efz_netplay_mod][pid=292] ForceLocalPlayInit: InvokeSessionVtableInit vtable[1] 0x75435D30 called on session 0x01665580
[efz_netplay_mod][pid=292] INIT_SNAP[ForceLocalPlayInit_post_vtable1]: roleFlag=2 sessionPtr=0x01665580 initFlag=0 initByte=0x00 renderCtx=0x79C26BC8 renderCtxBase=0x00000000 initOnceGuard=0x00000101 timerPtr=0x79C26AD0 globalStatePtr=0x029E0020
[efz_netplay_mod][pid=292] INIT_SNAP[ForceLocalPlayInit_post_vtable1]: roleFlag[1]=0xA05F0 val=2
[efz_netplay_mod][pid=292] INIT_SNAP[ForceLocalPlayInit_post_vtable1]: roleFlag[2]=0xA15FC val=2
[efz_netplay_mod][pid=292] INIT_SNAP[ForceLocalPlayInit_post_vtable1]: sessionPtr[1]=0xA02EC val=0x00000000
[efz_netplay_mod][pid=292] INIT_SNAP[ForceLocalPlayInit_post_vtable1]: session vtable=0x75450404 initComplete=-2139815924 activePlayer=0 queuePlayer=0 inputDelay=15
[efz_netplay_mod][pid=292] INIT_SNAP[ForceLocalPlayInit_post_vtable1]: session currentFrame=0 gameModeSnap=21364743 matchId=12 sentinel=1767853127 helperHandle=0x00000000
[efz_netplay_mod][pid=292] INIT_SNAP[ForceLocalPlayInit_post_vtable1]: session histPrimary=0x00000006 histSecondary=0x00000000 histPrimaryVec=0x01665894 histSecondaryVec=0x016658A0
[efz_netplay_mod][pid=292] INIT_SNAP[ForceLocalPlayInit_post_vtable1]: session +4=13304013 +8=13107408 +12=2031646 +16=1114144 +36=1
[efz_netplay_mod][pid=292] INIT_SNAP[ForceLocalPlayInit_post_vtable1]: g_localRoleFlag=2 g_localInitApplied=0 g_dllExitPatchesSaved=0 g_tournamentPatchesSaved=0 g_renderContextSaved=1 g_savedRenderCtx=0x79C26BC8 g_frameHookInstalled=1 initCount=2
[efz_netplay_mod][pid=292] TICK_HOOK: deferred ForceLocalPlayInit result=1
[efz_netplay_mod][pid=292] RestoreRenderContext: restored EfzRender* 0x79C26BC8 (was 0x79C26BC8, unchanged)
[efz_netplay_mod][pid=292] RestoreRenderContext: restored EfzRender* 0x79C26BC8 (was 0x79C26BC8, unchanged)
[efz_netplay_mod][pid=292] RestoreRenderContext: restored EfzRender* 0x79C26BC8 (was 0x79C26BC8, unchanged)
[efz_netplay_mod][pid=292] DisableRevivalTextRendering: text rendering disabled
[efz_netplay_mod][pid=292] CrashHandler: TOCTOU recovery guard reset
[efz_netplay_mod][pid=292] TICK_HOOK: deferred cancel cleanup complete
[efz_netplay_mod][pid=292] TICK_HOOK: *** ECX MISMATCH *** frameTick=1 exeECX=0x03253A50 dllSession=0x01665580 — overriding ECX with current session
[efz_netplay_mod][pid=292] TICK_HOOK: current session vtable=0x75450404 (RVA=0x90404)
[efz_netplay_mod][pid=292] DIAG[tick_ecx_mismatch]: dllExitPatchesSaved=0 tournamentPatchesSaved=0 renderContextSaved=1 savedRenderCtx=0x79C26BC8
[efz_netplay_mod][pid=292] DIAG[tick_ecx_mismatch]: dllBase=0x753C0000 roleFlag=2 sessionPtr=0x01665580 renderCtx=0x79C26BC8 globalState=0x029E0020
[efz_netplay_mod][pid=292] DIAG[tick_ecx_mismatch]: session vtable=0x75450404 initComplete=-2139815924 activePlayer=0
[efz_netplay_mod][pid=292] DIAG[tick_ecx_mismatch]: exitPatch[0] RVA=0x7909D byte=0x74 expected=0x74
[efz_netplay_mod][pid=292] DIAG[tick_ecx_mismatch]: exitPatch[1] RVA=0x7215D byte=0x75 expected=0x75
[efz_netplay_mod][pid=292] DIAG[tick_ecx_mismatch]: exitPatch[2] RVA=0x7231F byte=0x74 expected=0x74
[efz_netplay_mod][pid=292] DIAG[tick_ecx_mismatch]: nearJccPatch[0] RVA=0x7251B bytes=0F 84
[efz_netplay_mod][pid=292] DIAG[tick_ecx_mismatch]: nearJccPatch[1] RVA=0x7252E bytes=0F 84
[efz_netplay_mod][pid=292] DIAG[tick_ecx_mismatch]: nearJccPatch[2] RVA=0x742E1 bytes=0F 84
[efz_netplay_mod][pid=292] DIAG[tick_ecx_mismatch]: nearJccPatch[3] RVA=0x742F4 bytes=0F 84
[efz_netplay_mod][pid=292] DIAG[tick_ecx_mismatch]: nearJccPatch[4] RVA=0x74301 bytes=0F 84
[efz_netplay_mod][pid=292] DIAG[tick_ecx_mismatch]: localRoleFlag=2 localInitApplied=0 exitIntercepted=0 exitMode=-1 frameHookInstalled=1 frameRecoveryPending=0 forceLocalPlayInitCount=2
[efz_netplay_mod][pid=292] DIAG[tick_ecx_mismatch]: revivalProcess=0x00000000 revivalPid=0 lastValidatedSession=0x01665580 lastSessionPtrOffset=0xA02CC
[efz_netplay_mod][pid=292] TICK_HOOK: heartbeat frameTick=1 session=0x01665580 exeECX=0x03253A50 match=0
[efz_netplay_mod][pid=292] RestoreRenderContext: restored EfzRender* 0x79C26BC8 (was 0x79C26BC8, unchanged)
[efz_netplay_mod][pid=292] RestoreRenderContext: restored EfzRender* 0x79C26BC8 (was 0x79C26BC8, unchanged)
[efz_netplay_mod][pid=292] DisableRevivalTextRendering: text rendering disabled
[efz_netplay_mod][pid=292] RestoreRenderContext: restored EfzRender* 0x79C26BC8 (was 0x79C26BC8, unchanged)
[efz_netplay_mod][pid=292] RestoreRenderContext: restored EfzRender* 0x79C26BC8 (was 0x79C26BC8, unchanged)
[efz_netplay_mod][pid=292] DisableRevivalTextRendering: text rendering disabled
[efz_netplay_mod][pid=292] RestoreRenderContext: restored EfzRender* 0x79C26BC8 (was 0x79C26BC8, unchanged)
[efz_netplay_mod][pid=292] RestoreRenderContext: restored EfzRender* 0x79C26BC8 (was 0x79C26BC8, unchanged)
[efz_netplay_mod][pid=292] DisableRevivalTextRendering: text rendering disabled
[efz_netplay_mod][pid=292] RestoreRenderContext: restored EfzRender* 0x79C26BC8 (was 0x79C26BC8, unchanged)
[efz_netplay_mod][pid=292] RestoreRenderContext: restored EfzRender* 0x79C26BC8 (was 0x79C26BC8, unchanged)
[efz_netplay_mod][pid=292] DisableRevivalTextRendering: text rendering disabled
[efz_netplay_mod][pid=292] NetplayFrame: updates=2041 menu=Main selection=0 row=0(ROW_HOST) inactivity=117 slide=0 nativeSlideRaw=0 nativeSlideScaled=0
[efz_netplay_mod][pid=292] StateExport: heartbeat seq=17400 activity=1 menu=1 screen=0 mode=2 phase=0 role=0 side=1 p1Wins=0 p2Wins=0 ping=-1 delay=-1 local='Aquatic_mod' p1='' p2='' revival='1.02e' caps=0xB7 sessionId=1 setId=0 endReason=1
[efz_netplay_mod][pid=292] NetplayFrame: updates=2169 menu=Main selection=0 row=0(ROW_HOST) inactivity=245 slide=0 nativeSlideRaw=0 nativeSlideScaled=0
[efz_netplay_mod][pid=292] HookedTitleUpdateImpl: calls=3300 netplayActive=1
[efz_netplay_mod][pid=292] NetplayFrame: updates=2297 menu=Main selection=0 row=0(ROW_HOST) inactivity=373 slide=0 nativeSlideRaw=0 nativeSlideScaled=0
[efz_netplay_mod][pid=292] StateExport: heartbeat seq=18000 activity=1 menu=1 screen=0 mode=2 phase=0 role=0 side=1 p1Wins=0 p2Wins=0 ping=-1 delay=-1 local='Aquatic_mod' p1='' p2='' revival='1.02e' caps=0xB7 sessionId=1 setId=0 endReason=1
[efz_netplay_mod][pid=292] NetplayFrame: updates=2425 menu=Main selection=0 row=0(ROW_HOST) inactivity=501 slide=0 nativeSlideRaw=0 nativeSlideScaled=0
[efz_netplay_mod][pid=292] HookedTitleUpdateImpl: calls=3600 netplayActive=1
[efz_netplay_mod][pid=292] TICK_HOOK: heartbeat frameTick=600 session=0x01665580 exeECX=0x03253A50 match=0
[efz_netplay_mod][pid=292] NetplayFrame: updates=2553 menu=Main selection=0 row=0(ROW_HOST) inactivity=629 slide=0 nativeSlideRaw=0 nativeSlideScaled=0
[efz_netplay_mod][pid=292] NetplayFrame: updates=2681 menu=Main selection=0 row=0(ROW_HOST) inactivity=757 slide=0 nativeSlideRaw=0 nativeSlideScaled=0
[efz_netplay_mod][pid=292] StateExport: heartbeat seq=18600 activity=1 menu=1 screen=0 mode=2 phase=0 role=0 side=1 p1Wins=0 p2Wins=0 ping=-1 delay=-1 local='Aquatic_mod' p1='' p2='' revival='1.02e' caps=0xB7 sessionId=1 setId=0 endReason=1
[efz_netplay_mod][pid=292] HookedTitleUpdateImpl: calls=3900 netplayActive=1
[efz_netplay_mod][pid=292] NetplayFrame: updates=2809 menu=Main selection=0 row=0(ROW_HOST) inactivity=885 slide=0 nativeSlideRaw=0 nativeSlideScaled=0
[efz_netplay_mod][pid=292] NetplayFrame: updates=2937 menu=Main selection=0 row=0(ROW_HOST) inactivity=1013 slide=0 nativeSlideRaw=0 nativeSlideScaled=0
[efz_netplay_mod][pid=292] StateExport: heartbeat seq=19200 activity=1 menu=1 screen=0 mode=2 phase=0 role=0 side=1 p1Wins=0 p2Wins=0 ping=-1 delay=-1 local='Aquatic_mod' p1='' p2='' revival='1.02e' caps=0xB7 sessionId=1 setId=0 endReason=1
[efz_netplay_mod][pid=292] NetplayFrame: updates=3065 menu=Main selection=0 row=0(ROW_HOST) inactivity=1141 slide=0 nativeSlideRaw=0 nativeSlideScaled=0
[efz_netplay_mod][pid=292] HookedTitleUpdateImpl: calls=4200 netplayActive=1
[efz_netplay_mod][pid=292] TICK_HOOK: heartbeat frameTick=1200 session=0x01665580 exeECX=0x03253A50 match=0
[efz_netplay_mod][pid=292] NetplayFrame: updates=3193 menu=Main selection=0 row=0(ROW_HOST) inactivity=1269 slide=0 nativeSlideRaw=0 nativeSlideScaled=0
[efz_netplay_mod][pid=292] NetplayFrame: updates=3321 menu=Main selection=0 row=0(ROW_HOST) inactivity=1397 slide=0 nativeSlideRaw=0 nativeSlideScaled=0
[efz_netplay_mod][pid=292] StateExport: heartbeat seq=19800 activity=1 menu=1 screen=0 mode=2 phase=0 role=0 side=1 p1Wins=0 p2Wins=0 ping=-1 delay=-1 local='Aquatic_mod' p1='' p2='' revival='1.02e' caps=0xB7 sessionId=1 setId=0 endReason=1
[efz_netplay_mod][pid=292] HookedTitleUpdateImpl: calls=4500 netplayActive=1
[efz_netplay_mod][pid=292] NetplayFrame: updates=3449 menu=Main selection=0 row=0(ROW_HOST) inactivity=1525 slide=0 nativeSlideRaw=0 nativeSlideScaled=0
[efz_netplay_mod][pid=292] NetplayFrame: updates=3577 menu=Main selection=0 row=0(ROW_HOST) inactivity=1653 slide=0 nativeSlideRaw=0 nativeSlideScaled=0
[efz_netplay_mod][pid=292] StateExport: heartbeat seq=20400 activity=1 menu=1 screen=0 mode=2 phase=0 role=0 side=1 p1Wins=0 p2Wins=0 ping=-1 delay=-1 local='Aquatic_mod' p1='' p2='' revival='1.02e' caps=0xB7 sessionId=1 setId=0 endReason=1
[efz_netplay_mod][pid=292] HookedTitleUpdateImpl: calls=4800 netplayActive=1
[efz_netplay_mod][pid=292] NetplayFrame: updates=3705 menu=Main selection=0 row=0(ROW_HOST) inactivity=1781 slide=0 nativeSlideRaw=0 nativeSlideScaled=0
[efz_netplay_mod][pid=292] TICK_HOOK: heartbeat frameTick=1800 session=0x01665580 exeECX=0x03253A50 match=0
[efz_netplay_mod][pid=292] NetplayFrame: updates=3833 menu=Main selection=0 row=0(ROW_HOST) inactivity=1909 slide=0 nativeSlideRaw=0 nativeSlideScaled=0
[efz_netplay_mod][pid=292] StateExport: heartbeat seq=21000 activity=1 menu=1 screen=0 mode=2 phase=0 role=0 side=1 p1Wins=0 p2Wins=0 ping=-1 delay=-1 local='Aquatic_mod' p1='' p2='' revival='1.02e' caps=0xB7 sessionId=1 setId=0 endReason=1
[efz_netplay_mod][pid=292] NetplayFrame: updates=3961 menu=Main selection=0 row=0(ROW_HOST) inactivity=2037 slide=0 nativeSlideRaw=0 nativeSlideScaled=0
[efz_netplay_mod][pid=292] HookedTitleUpdateImpl: calls=5100 netplayActive=1
[efz_netplay_mod][pid=292] NetplayFrame: updates=4089 menu=Main selection=0 row=0(ROW_HOST) inactivity=2165 slide=0 nativeSlideRaw=0 nativeSlideScaled=0
[efz_netplay_mod][pid=292] NetplayFrame: updates=4217 menu=Main selection=0 row=0(ROW_HOST) inactivity=2293 slide=0 nativeSlideRaw=0 nativeSlideScaled=0
[efz_netplay_mod][pid=292] StateExport: heartbeat seq=21600 activity=1 menu=1 screen=0 mode=2 phase=0 role=0 side=1 p1Wins=0 p2Wins=0 ping=-1 delay=-1 local='Aquatic_mod' p1='' p2='' revival='1.02e' caps=0xB7 sessionId=1 setId=0 endReason=1
[efz_netplay_mod][pid=292] HookedTitleUpdateImpl: calls=5400 netplayActive=1
[efz_netplay_mod][pid=292] TICK_HOOK: heartbeat frameTick=2400 session=0x01665580 exeECX=0x03253A50 match=0
[efz_netplay_mod][pid=292] NetplayFrame: updates=4345 menu=Main selection=0 row=0(ROW_HOST) inactivity=2421 slide=0 nativeSlideRaw=0 nativeSlideScaled=0
[efz_netplay_mod][pid=292] NetplayFrame: updates=4473 menu=Main selection=0 row=0(ROW_HOST) inactivity=2549 slide=0 nativeSlideRaw=0 nativeSlideScaled=0
[efz_netplay_mod][pid=292] StateExport: heartbeat seq=22200 activity=1 menu=1 screen=0 mode=2 phase=0 role=0 side=1 p1Wins=0 p2Wins=0 ping=-1 delay=-1 local='Aquatic_mod' p1='' p2='' revival='1.02e' caps=0xB7 sessionId=1 setId=0 endReason=1
[efz_netplay_mod][pid=292] HookedTitleUpdateImpl: calls=5700 netplayActive=1
[efz_netplay_mod][pid=292] NetplayFrame: updates=4601 menu=Main selection=0 row=0(ROW_HOST) inactivity=2677 slide=0 nativeSlideRaw=0 nativeSlideScaled=0
[efz_netplay_mod][pid=292] NetplayFrame: updates=4729 menu=Main selection=0 row=0(ROW_HOST) inactivity=2805 slide=0 nativeSlideRaw=0 nativeSlideScaled=0
[efz_netplay_mod][pid=292] StateExport: heartbeat seq=22800 activity=1 menu=1 screen=0 mode=2 phase=0 role=0 side=1 p1Wins=0 p2Wins=0 ping=-1 delay=-1 local='Aquatic_mod' p1='' p2='' revival='1.02e' caps=0xB7 sessionId=1 setId=0 endReason=1
[efz_netplay_mod][pid=292] NetplayFrame: updates=4857 menu=Main selection=0 row=0(ROW_HOST) inactivity=2933 slide=0 nativeSlideRaw=0 nativeSlideScaled=0
[efz_netplay_mod][pid=292] HookedTitleUpdateImpl: calls=6000 netplayActive=1
[efz_netplay_mod][pid=292] TICK_HOOK: heartbeat frameTick=3000 session=0x01665580 exeECX=0x03253A50 match=0
[efz_netplay_mod][pid=292] NetplayFrame: updates=4985 menu=Main selection=0 row=0(ROW_HOST) inactivity=3061 slide=0 nativeSlideRaw=0 nativeSlideScaled=0
[efz_netplay_mod][pid=292] NetplayFrame: updates=5113 menu=Main selection=0 row=0(ROW_HOST) inactivity=3189 slide=0 nativeSlideRaw=0 nativeSlideScaled=0
[efz_netplay_mod][pid=292] StateExport: heartbeat seq=23400 activity=1 menu=1 screen=0 mode=2 phase=0 role=0 side=1 p1Wins=0 p2Wins=0 ping=-1 delay=-1 local='Aquatic_mod' p1='' p2='' revival='1.02e' caps=0xB7 sessionId=1 setId=0 endReason=1
[efz_netplay_mod][pid=292] HookedTitleUpdateImpl: calls=6300 netplayActive=1
[efz_netplay_mod][pid=292] NetplayFrame: updates=5241 menu=Main selection=0 row=0(ROW_HOST) inactivity=3317 slide=0 nativeSlideRaw=0 nativeSlideScaled=0
[efz_netplay_mod][pid=292] NetplayFrame: updates=5369 menu=Main selection=0 row=0(ROW_HOST) inactivity=3445 slide=0 nativeSlideRaw=0 nativeSlideScaled=0
[efz_netplay_mod][pid=292] StateExport: heartbeat seq=24000 activity=1 menu=1 screen=0 mode=2 phase=0 role=0 side=1 p1Wins=0 p2Wins=0 ping=-1 delay=-1 local='Aquatic_mod' p1='' p2='' revival='1.02e' caps=0xB7 sessionId=1 setId=0 endReason=1
[efz_netplay_mod][pid=292] HookedTitleUpdateImpl: calls=6600 netplayActive=1
[efz_netplay_mod][pid=292] NetplayFrame: updates=5497 menu=Main selection=0 row=0(ROW_HOST) inactivity=3573 slide=0 nativeSlideRaw=0 nativeSlideScaled=0
[efz_netplay_mod][pid=292] TICK_HOOK: heartbeat frameTick=3600 session=0x01665580 exeECX=0x03253A50 match=0
[efz_netplay_mod][pid=292] NetplayFrame: updates=5625 menu=Main selection=0 row=0(ROW_HOST) inactivity=3701 slide=0 nativeSlideRaw=0 nativeSlideScaled=0
[efz_netplay_mod][pid=292] StateExport: heartbeat seq=24600 activity=1 menu=1 screen=0 mode=2 phase=0 role=0 side=1 p1Wins=0 p2Wins=0 ping=-1 delay=-1 local='Aquatic_mod' p1='' p2='' revival='1.02e' caps=0xB7 sessionId=1 setId=0 endReason=1
[efz_netplay_mod][pid=292] NetplayFrame: updates=5753 menu=Main selection=0 row=0(ROW_HOST) inactivity=3829 slide=0 nativeSlideRaw=0 nativeSlideScaled=0
[efz_netplay_mod][pid=292] HookedTitleUpdateImpl: calls=6900 netplayActive=1
[efz_netplay_mod][pid=292] NetplayFrame: updates=5881 menu=Main selection=0 row=0(ROW_HOST) inactivity=3957 slide=0 nativeSlideRaw=0 nativeSlideScaled=0
[efz_netplay_mod][pid=292] NetplayFrame: updates=6009 menu=Main selection=0 row=0(ROW_HOST) inactivity=4085 slide=0 nativeSlideRaw=0 nativeSlideScaled=0
[efz_netplay_mod][pid=292] StateExport: heartbeat seq=25200 activity=1 menu=1 screen=0 mode=2 phase=0 role=0 side=1 p1Wins=0 p2Wins=0 ping=-1 delay=-1 local='Aquatic_mod' p1='' p2='' revival='1.02e' caps=0xB7 sessionId=1 setId=0 endReason=1
[efz_netplay_mod][pid=292] HookedTitleUpdateImpl: calls=7200 netplayActive=1
[efz_netplay_mod][pid=292] TICK_HOOK: heartbeat frameTick=4200 session=0x01665580 exeECX=0x03253A50 match=0
[efz_netplay_mod][pid=292] NetplayFrame: updates=6137 menu=Main selection=0 row=0(ROW_HOST) inactivity=4213 slide=0 nativeSlideRaw=0 nativeSlideScaled=0
[efz_netplay_mod][pid=292] NetplayFrame: updates=6265 menu=Main selection=0 row=0(ROW_HOST) inactivity=4341 slide=0 nativeSlideRaw=0 nativeSlideScaled=0
[efz_netplay_mod][pid=292] StateExport: heartbeat seq=25800 activity=1 menu=1 screen=0 mode=2 phase=0 role=0 side=1 p1Wins=0 p2Wins=0 ping=-1 delay=-1 local='Aquatic_mod' p1='' p2='' revival='1.02e' caps=0xB7 sessionId=1 setId=0 endReason=1
[efz_netplay_mod][pid=292] HookedTitleUpdateImpl: calls=7500 netplayActive=1
[efz_netplay_mod][pid=292] NetplayFrame: updates=6393 menu=Main selection=0 row=0(ROW_HOST) inactivity=4469 slide=0 nativeSlideRaw=0 nativeSlideScaled=0
[efz_netplay_mod][pid=292] NetplayFrame: updates=6521 menu=Main selection=0 row=0(ROW_HOST) inactivity=4597 slide=0 nativeSlideRaw=0 nativeSlideScaled=0
[efz_netplay_mod][pid=292] StateExport: heartbeat seq=26400 activity=1 menu=1 screen=0 mode=2 phase=0 role=0 side=1 p1Wins=0 p2Wins=0 ping=-1 delay=-1 local='Aquatic_mod' p1='' p2='' revival='1.02e' caps=0xB7 sessionId=1 setId=0 endReason=1
[efz_netplay_mod][pid=292] NetplayFrame: updates=6649 menu=Main selection=0 row=0(ROW_HOST) inactivity=4725 slide=0 nativeSlideRaw=0 nativeSlideScaled=0
[efz_netplay_mod][pid=292] HookedTitleUpdateImpl: calls=7800 netplayActive=1
[efz_netplay_mod][pid=292] TICK_HOOK: heartbeat frameTick=4800 session=0x01665580 exeECX=0x03253A50 match=0
[efz_netplay_mod][pid=292] NetplayFrame: updates=6777 menu=Main selection=0 row=0(ROW_HOST) inactivity=4853 slide=0 nativeSlideRaw=0 nativeSlideScaled=0
[efz_netplay_mod][pid=292] NetplayFrame: updates=6905 menu=Main selection=0 row=0(ROW_HOST) inactivity=4981 slide=0 nativeSlideRaw=0 nativeSlideScaled=0
[efz_netplay_mod][pid=292] StateExport: heartbeat seq=27000 activity=1 menu=1 screen=0 mode=2 phase=0 role=0 side=1 p1Wins=0 p2Wins=0 ping=-1 delay=-1 local='Aquatic_mod' p1='' p2='' revival='1.02e' caps=0xB7 sessionId=1 setId=0 endReason=1
[efz_netplay_mod][pid=292] HookedTitleUpdateImpl: calls=8100 netplayActive=1
[efz_netplay_mod][pid=292] NetplayFrame: updates=7033 menu=Main selection=0 row=0(ROW_HOST) inactivity=5109 slide=0 nativeSlideRaw=0 nativeSlideScaled=0
[efz_netplay_mod][pid=292] NetplayFrame: updates=7161 menu=Main selection=0 row=0(ROW_HOST) inactivity=5237 slide=0 nativeSlideRaw=0 nativeSlideScaled=0
[efz_netplay_mod][pid=292] StateExport: heartbeat seq=27600 activity=1 menu=1 screen=0 mode=2 phase=0 role=0 side=1 p1Wins=0 p2Wins=0 ping=-1 delay=-1 local='Aquatic_mod' p1='' p2='' revival='1.02e' caps=0xB7 sessionId=1 setId=0 endReason=1
[efz_netplay_mod][pid=292] HookedTitleUpdateImpl: calls=8400 netplayActive=1
[efz_netplay_mod][pid=292] NetplayFrame: updates=7289 menu=Main selection=0 row=0(ROW_HOST) inactivity=5365 slide=0 nativeSlideRaw=0 nativeSlideScaled=0
[efz_netplay_mod][pid=292] TICK_HOOK: heartbeat frameTick=5400 session=0x01665580 exeECX=0x03253A50 match=0
[efz_netplay_mod][pid=292] NetplayFrame: updates=7417 menu=Main selection=0 row=0(ROW_HOST) inactivity=5493 slide=0 nativeSlideRaw=0 nativeSlideScaled=0
[efz_netplay_mod][pid=292] StateExport: heartbeat seq=28200 activity=1 menu=1 screen=0 mode=2 phase=0 role=0 side=1 p1Wins=0 p2Wins=0 ping=-1 delay=-1 local='Aquatic_mod' p1='' p2='' revival='1.02e' caps=0xB7 sessionId=1 setId=0 endReason=1
[efz_netplay_mod][pid=292] NetplayFrame: updates=7545 menu=Main selection=0 row=0(ROW_HOST) inactivity=5621 slide=0 nativeSlideRaw=0 nativeSlideScaled=0
[efz_netplay_mod][pid=292] HookedTitleUpdateImpl: calls=8700 netplayActive=1
[efz_netplay_mod][pid=292] NetplayFrame: updates=7673 menu=Main selection=0 row=0(ROW_HOST) inactivity=5749 slide=0 nativeSlideRaw=0 nativeSlideScaled=0
[efz_netplay_mod][pid=292] NetplayFrame: updates=7801 menu=Main selection=0 row=0(ROW_HOST) inactivity=5877 slide=0 nativeSlideRaw=0 nativeSlideScaled=0
[efz_netplay_mod][pid=292] StateExport: heartbeat seq=28800 activity=1 menu=1 screen=0 mode=2 phase=0 role=0 side=1 p1Wins=0 p2Wins=0 ping=-1 delay=-1 local='Aquatic_mod' p1='' p2='' revival='1.02e' caps=0xB7 sessionId=1 setId=0 endReason=1
[efz_netplay_mod][pid=292] HookedTitleUpdateImpl: calls=9000 netplayActive=1
[efz_netplay_mod][pid=292] TICK_HOOK: heartbeat frameTick=6000 session=0x01665580 exeECX=0x03253A50 match=0
[efz_netplay_mod][pid=292] NetplayFrame: updates=7929 menu=Main selection=0 row=0(ROW_HOST) inactivity=6005 slide=0 nativeSlideRaw=0 nativeSlideScaled=0
[efz_netplay_mod][pid=292] NetplayFrame: updates=8057 menu=Main selection=0 row=0(ROW_HOST) inactivity=6133 slide=0 nativeSlideRaw=0 nativeSlideScaled=0
[efz_netplay_mod][pid=292] StateExport: heartbeat seq=29400 activity=1 menu=1 screen=0 mode=2 phase=0 role=0 side=1 p1Wins=0 p2Wins=0 ping=-1 delay=-1 local='Aquatic_mod' p1='' p2='' revival='1.02e' caps=0xB7 sessionId=1 setId=0 endReason=1
[efz_netplay_mod][pid=292] HookedTitleUpdateImpl: calls=9300 netplayActive=1
[efz_netplay_mod][pid=292] NetplayFrame: updates=8185 menu=Main selection=0 row=0(ROW_HOST) inactivity=6261 slide=0 nativeSlideRaw=0 nativeSlideScaled=0
[efz_netplay_mod][pid=292] NetplayFrame: updates=8313 menu=Main selection=0 row=0(ROW_HOST) inactivity=6389 slide=0 nativeSlideRaw=0 nativeSlideScaled=0
[efz_netplay_mod][pid=292] StateExport: heartbeat seq=30000 activity=1 menu=1 screen=0 mode=2 phase=0 role=0 side=1 p1Wins=0 p2Wins=0 ping=-1 delay=-1 local='Aquatic_mod' p1='' p2='' revival='1.02e' caps=0xB7 sessionId=1 setId=0 endReason=1
[efz_netplay_mod][pid=292] NetplayFrame: updates=8441 menu=Main selection=0 row=0(ROW_HOST) inactivity=6517 slide=0 nativeSlideRaw=0 nativeSlideScaled=0
[efz_netplay_mod][pid=292] HookedTitleUpdateImpl: calls=9600 netplayActive=1
[efz_netplay_mod][pid=292] NetplayFrame: updates=8569 menu=Main selection=0 row=0(ROW_HOST) inactivity=6645 slide=0 nativeSlideRaw=0 nativeSlideScaled=0
[efz_netplay_mod][pid=292] NetplayFrame: updates=8697 menu=Main selection=0 row=0(ROW_HOST) inactivity=6773 slide=0 nativeSlideRaw=0 nativeSlideScaled=0
[efz_netplay_mod][pid=292] StateExport: heartbeat seq=30600 activity=1 menu=1 screen=0 mode=2 phase=0 role=0 side=1 p1Wins=0 p2Wins=0 ping=-1 delay=-1 local='Aquatic_mod' p1='' p2='' revival='1.02e' caps=0xB7 sessionId=1 setId=0 endReason=1
[efz_netplay_mod][pid=292] HookedTitleUpdateImpl: calls=9900 netplayActive=1
[efz_netplay_mod][pid=292] NetplayFrame: updates=8825 menu=Main selection=0 row=0(ROW_HOST) inactivity=6901 slide=0 nativeSlideRaw=0 nativeSlideScaled=0
[efz_netplay_mod][pid=292] NetplayFrame: updates=8953 menu=Main selection=0 row=0(ROW_HOST) inactivity=7029 slide=0 nativeSlideRaw=0 nativeSlideScaled=0
[efz_netplay_mod][pid=292] StateExport: heartbeat seq=31200 activity=1 menu=1 screen=0 mode=2 phase=0 role=0 side=1 p1Wins=0 p2Wins=0 ping=-1 delay=-1 local='Aquatic_mod' p1='' p2='' revival='1.02e' caps=0xB7 sessionId=1 setId=0 endReason=1
[efz_netplay_mod][pid=292] HookedTitleUpdateImpl: calls=10200 netplayActive=1
[efz_netplay_mod][pid=292] NetplayFrame: updates=9081 menu=Main selection=0 row=0(ROW_HOST) inactivity=7157 slide=0 nativeSlideRaw=0 nativeSlideScaled=0
[efz_netplay_mod][pid=292] NetplayFrame: updates=9209 menu=Main selection=0 row=0(ROW_HOST) inactivity=7285 slide=0 nativeSlideRaw=0 nativeSlideScaled=0
[efz_netplay_mod][pid=292] StateExport: heartbeat seq=31800 activity=1 menu=1 screen=0 mode=2 phase=0 role=0 side=1 p1Wins=0 p2Wins=0 ping=-1 delay=-1 local='Aquatic_mod' p1='' p2='' revival='1.02e' caps=0xB7 sessionId=1 setId=0 endReason=1
[efz_netplay_mod][pid=292] NetplayFrame: updates=9337 menu=Main selection=0 row=0(ROW_HOST) inactivity=7413 slide=0 nativeSlideRaw=0 nativeSlideScaled=0
[efz_netplay_mod][pid=292] HookedTitleUpdateImpl: calls=10500 netplayActive=1
[efz_netplay_mod][pid=292] NetplayFrame: updates=9465 menu=Main selection=0 row=0(ROW_HOST) inactivity=7541 slide=0 nativeSlideRaw=0 nativeSlideScaled=0
[efz_netplay_mod][pid=292] NetplayFrame: updates=9593 menu=Main selection=0 row=0(ROW_HOST) inactivity=7669 slide=0 nativeSlideRaw=0 nativeSlideScaled=0
[efz_netplay_mod][pid=292] StateExport: heartbeat seq=32400 activity=1 menu=1 screen=0 mode=2 phase=0 role=0 side=1 p1Wins=0 p2Wins=0 ping=-1 delay=-1 local='Aquatic_mod' p1='' p2='' revival='1.02e' caps=0xB7 sessionId=1 setId=0 endReason=1
[efz_netplay_mod][pid=292] HookedTitleUpdateImpl: calls=10800 netplayActive=1
[efz_netplay_mod][pid=292] NetplayFrame: updates=9721 menu=Main selection=0 row=0(ROW_HOST) inactivity=7797 slide=0 nativeSlideRaw=0 nativeSlideScaled=0
[efz_netplay_mod][pid=292] NetplayFrame: updates=9849 menu=Main selection=0 row=0(ROW_HOST) inactivity=7925 slide=0 nativeSlideRaw=0 nativeSlideScaled=0
[efz_netplay_mod][pid=292] StateExport: heartbeat seq=33000 activity=1 menu=1 screen=0 mode=2 phase=0 role=0 side=1 p1Wins=0 p2Wins=0 ping=-1 delay=-1 local='Aquatic_mod' p1='' p2='' revival='1.02e' caps=0xB7 sessionId=1 setId=0 endReason=1
[efz_netplay_mod][pid=292] NetplayFrame: updates=9977 menu=Main selection=0 row=0(ROW_HOST) inactivity=8053 slide=0 nativeSlideRaw=0 nativeSlideScaled=0
[efz_netplay_mod][pid=292] HookedTitleUpdateImpl: calls=11100 netplayActive=1
[efz_netplay_mod][pid=292] NetplayFrame: updates=10105 menu=Main selection=0 row=0(ROW_HOST) inactivity=8181 slide=0 nativeSlideRaw=0 nativeSlideScaled=0
[efz_netplay_mod][pid=292] StateExport: heartbeat seq=33600 activity=1 menu=1 screen=0 mode=2 phase=0 role=0 side=1 p1Wins=0 p2Wins=0 ping=-1 delay=-1 local='Aquatic_mod' p1='' p2='' revival='1.02e' caps=0xB7 sessionId=1 setId=0 endReason=1
[efz_netplay_mod][pid=292] NetplayFrame: updates=10233 menu=Main selection=0 row=0(ROW_HOST) inactivity=8309 slide=0 nativeSlideRaw=0 nativeSlideScaled=0
[efz_netplay_mod][pid=292] HookedTitleUpdateImpl: calls=11400 netplayActive=1
[efz_netplay_mod][pid=292] NetplayFrame: updates=10361 menu=Main selection=0 row=0(ROW_HOST) inactivity=8437 slide=0 nativeSlideRaw=0 nativeSlideScaled=0
[efz_netplay_mod][pid=292] NetplayFrame: updates=10489 menu=Main selection=0 row=0(ROW_HOST) inactivity=8565 slide=0 nativeSlideRaw=0 nativeSlideScaled=0
[efz_netplay_mod][pid=292] StateExport: heartbeat seq=34200 activity=1 menu=1 screen=0 mode=2 phase=0 role=0 side=1 p1Wins=0 p2Wins=0 ping=-1 delay=-1 local='Aquatic_mod' p1='' p2='' revival='1.02e' caps=0xB7 sessionId=1 setId=0 endReason=1
[efz_netplay_mod][pid=292] HookedTitleUpdateImpl: calls=11700 netplayActive=1
[efz_netplay_mod][pid=292] NetplayFrame: updates=10617 menu=Main selection=0 row=0(ROW_HOST) inactivity=8693 slide=0 nativeSlideRaw=0 nativeSlideScaled=0
[efz_netplay_mod][pid=292] NetplayFrame: updates=10745 menu=Main selection=0 row=0(ROW_HOST) inactivity=8821 slide=0 nativeSlideRaw=0 nativeSlideScaled=0
[efz_netplay_mod][pid=292] StateExport: heartbeat seq=34800 activity=1 menu=1 screen=0 mode=2 phase=0 role=0 side=1 p1Wins=0 p2Wins=0 ping=-1 delay=-1 local='Aquatic_mod' p1='' p2='' revival='1.02e' caps=0xB7 sessionId=1 setId=0 endReason=1
[efz_netplay_mod][pid=292] NetplayFrame: updates=10873 menu=Main selection=0 row=0(ROW_HOST) inactivity=8949 slide=0 nativeSlideRaw=0 nativeSlideScaled=0
[efz_netplay_mod][pid=292] HookedTitleUpdateImpl: calls=12000 netplayActive=1
[efz_netplay_mod][pid=292] NetplayFrame: updates=11001 menu=Main selection=0 row=0(ROW_HOST) inactivity=9077 slide=0 nativeSlideRaw=0 nativeSlideScaled=0
[efz_netplay_mod][pid=292] StateExport: heartbeat seq=35400 activity=1 menu=1 screen=0 mode=2 phase=0 role=0 side=1 p1Wins=0 p2Wins=0 ping=-1 delay=-1 local='Aquatic_mod' p1='' p2='' revival='1.02e' caps=0xB7 sessionId=1 setId=0 endReason=1
[efz_netplay_mod][pid=292] NetplayFrame: updates=11129 menu=Main selection=0 row=0(ROW_HOST) inactivity=9205 slide=0 nativeSlideRaw=0 nativeSlideScaled=0
[efz_netplay_mod][pid=292] HookedTitleUpdateImpl: calls=12300 netplayActive=1
[efz_netplay_mod][pid=292] NetplayFrame: updates=11257 menu=Main selection=0 row=0(ROW_HOST) inactivity=9333 slide=0 nativeSlideRaw=0 nativeSlideScaled=0
[efz_netplay_mod][pid=292] NetplayFrame: updates=11385 menu=Main selection=0 row=0(ROW_HOST) inactivity=9461 slide=0 nativeSlideRaw=0 nativeSlideScaled=0
[efz_netplay_mod][pid=292] StateExport: heartbeat seq=36000 activity=1 menu=1 screen=0 mode=2 phase=0 role=0 side=1 p1Wins=0 p2Wins=0 ping=-1 delay=-1 local='Aquatic_mod' p1='' p2='' revival='1.02e' caps=0xB7 sessionId=1 setId=0 endReason=1
[efz_netplay_mod][pid=292] HookedTitleUpdateImpl: calls=12600 netplayActive=1
[efz_netplay_mod][pid=292] NetplayFrame: updates=11513 menu=Main selection=0 row=0(ROW_HOST) inactivity=9589 slide=0 nativeSlideRaw=0 nativeSlideScaled=0
[efz_netplay_mod][pid=292] NetplayFrame: updates=11641 menu=Main selection=0 row=0(ROW_HOST) inactivity=9717 slide=0 nativeSlideRaw=0 nativeSlideScaled=0
[efz_netplay_mod][pid=292] StateExport: heartbeat seq=36600 activity=1 menu=1 screen=0 mode=2 phase=0 role=0 side=1 p1Wins=0 p2Wins=0 ping=-1 delay=-1 local='Aquatic_mod' p1='' p2='' revival='1.02e' caps=0xB7 sessionId=1 setId=0 endReason=1
[efz_netplay_mod][pid=292] NetplayFrame: updates=11769 menu=Main selection=0 row=0(ROW_HOST) inactivity=9845 slide=0 nativeSlideRaw=0 nativeSlideScaled=0
[efz_netplay_mod][pid=292] HookedTitleUpdateImpl: calls=12900 netplayActive=1
[efz_netplay_mod][pid=292] NetplayFrame: updates=11897 menu=Main selection=0 row=0(ROW_HOST) inactivity=9973 slide=0 nativeSlideRaw=0 nativeSlideScaled=0
[efz_netplay_mod][pid=292] StateExport: heartbeat seq=37200 activity=1 menu=1 screen=0 mode=2 phase=0 role=0 side=1 p1Wins=0 p2Wins=0 ping=-1 delay=-1 local='Aquatic_mod' p1='' p2='' revival='1.02e' caps=0xB7 sessionId=1 setId=0 endReason=1
[efz_netplay_mod][pid=292] NetplayFrame: updates=12025 menu=Main selection=0 row=0(ROW_HOST) inactivity=10101 slide=0 nativeSlideRaw=0 nativeSlideScaled=0
[efz_netplay_mod][pid=292] HookedTitleUpdateImpl: calls=13200 netplayActive=1
[efz_netplay_mod][pid=292] NetplayFrame: updates=12153 menu=Main selection=0 row=0(ROW_HOST) inactivity=10229 slide=0 nativeSlideRaw=0 nativeSlideScaled=0
[efz_netplay_mod][pid=292] NetplayFrame: updates=12281 menu=Main selection=0 row=0(ROW_HOST) inactivity=10357 slide=0 nativeSlideRaw=0 nativeSlideScaled=0
[efz_netplay_mod][pid=292] StateExport: heartbeat seq=37800 activity=1 menu=1 screen=0 mode=2 phase=0 role=0 side=1 p1Wins=0 p2Wins=0 ping=-1 delay=-1 local='Aquatic_mod' p1='' p2='' revival='1.02e' caps=0xB7 sessionId=1 setId=0 endReason=1
[efz_netplay_mod][pid=292] HookedTitleUpdateImpl: calls=13500 netplayActive=1
[efz_netplay_mod][pid=292] NetplayFrame: updates=12409 menu=Main selection=0 row=0(ROW_HOST) inactivity=10485 slide=0 nativeSlideRaw=0 nativeSlideScaled=0
[efz_netplay_mod][pid=292] NetplayFrame: updates=12537 menu=Main selection=0 row=0(ROW_HOST) inactivity=10613 slide=0 nativeSlideRaw=0 nativeSlideScaled=0
[efz_netplay_mod][pid=292] StateExport: heartbeat seq=38400 activity=1 menu=1 screen=0 mode=2 phase=0 role=0 side=1 p1Wins=0 p2Wins=0 ping=-1 delay=-1 local='Aquatic_mod' p1='' p2='' revival='1.02e' caps=0xB7 sessionId=1 setId=0 endReason=1
[efz_netplay_mod][pid=292] NetplayFrame: updates=12665 menu=Main selection=0 row=0(ROW_HOST) inactivity=10741 slide=0 nativeSlideRaw=0 nativeSlideScaled=0
[efz_netplay_mod][pid=292] HookedTitleUpdateImpl: calls=13800 netplayActive=1
[efz_netplay_mod][pid=292] NetplayFrame: updates=12793 menu=Main selection=0 row=0(ROW_HOST) inactivity=10869 slide=0 nativeSlideRaw=0 nativeSlideScaled=0
[efz_netplay_mod][pid=292] NetplayFrame: updates=12921 menu=Main selection=0 row=0(ROW_HOST) inactivity=10997 slide=0 nativeSlideRaw=0 nativeSlideScaled=0
[efz_netplay_mod][pid=292] StateExport: heartbeat seq=39000 activity=1 menu=1 screen=0 mode=2 phase=0 role=0 side=1 p1Wins=0 p2Wins=0 ping=-1 delay=-1 local='Aquatic_mod' p1='' p2='' revival='1.02e' caps=0xB7 sessionId=1 setId=0 endReason=1
[efz_netplay_mod][pid=292] HookedTitleUpdateImpl: calls=14100 netplayActive=1
[efz_netplay_mod][pid=292] NetplayFrame: updates=13049 menu=Main selection=0 row=0(ROW_HOST) inactivity=11125 slide=0 nativeSlideRaw=0 nativeSlideScaled=0
[efz_netplay_mod][pid=292] NetplayFrame: updates=13177 menu=Main selection=0 row=0(ROW_HOST) inactivity=11253 slide=0 nativeSlideRaw=0 nativeSlideScaled=0
[efz_netplay_mod][pid=292] StateExport: heartbeat seq=39600 activity=1 menu=1 screen=0 mode=2 phase=0 role=0 side=1 p1Wins=0 p2Wins=0 ping=-1 delay=-1 local='Aquatic_mod' p1='' p2='' revival='1.02e' caps=0xB7 sessionId=1 setId=0 endReason=1
[efz_netplay_mod][pid=292] HookedTitleUpdateImpl: calls=14400 netplayActive=1
[efz_netplay_mod][pid=292] NetplayFrame: updates=13305 menu=Main selection=0 row=0(ROW_HOST) inactivity=11381 slide=0 nativeSlideRaw=0 nativeSlideScaled=0
[efz_netplay_mod][pid=292] NetplayFrame: updates=13433 menu=Main selection=0 row=0(ROW_HOST) inactivity=11509 slide=0 nativeSlideRaw=0 nativeSlideScaled=0
[efz_netplay_mod][pid=292] StateExport: heartbeat seq=40200 activity=1 menu=1 screen=0 mode=2 phase=0 role=0 side=1 p1Wins=0 p2Wins=0 ping=-1 delay=-1 local='Aquatic_mod' p1='' p2='' revival='1.02e' caps=0xB7 sessionId=1 setId=0 endReason=1
[efz_netplay_mod][pid=292] NetplayFrame: updates=13561 menu=Main selection=0 row=0(ROW_HOST) inactivity=11637 slide=0 nativeSlideRaw=0 nativeSlideScaled=0
[efz_netplay_mod][pid=292] HookedTitleUpdateImpl: calls=14700 netplayActive=1
[efz_netplay_mod][pid=292] NetplayFrame: updates=13689 menu=Main selection=0 row=0(ROW_HOST) inactivity=11765 slide=0 nativeSlideRaw=0 nativeSlideScaled=0
[efz_netplay_mod][pid=292] NetplayFrame: updates=13817 menu=Main selection=0 row=0(ROW_HOST) inactivity=11893 slide=0 nativeSlideRaw=0 nativeSlideScaled=0
[efz_netplay_mod][pid=292] StateExport: heartbeat seq=40800 activity=1 menu=1 screen=0 mode=2 phase=0 role=0 side=1 p1Wins=0 p2Wins=0 ping=-1 delay=-1 local='Aquatic_mod' p1='' p2='' revival='1.02e' caps=0xB7 sessionId=1 setId=0 endReason=1
[efz_netplay_mod][pid=292] HookedTitleUpdateImpl: calls=15000 netplayActive=1
[efz_netplay_mod][pid=292] NetplayFrame: updates=13945 menu=Main selection=0 row=0(ROW_HOST) inactivity=12021 slide=0 nativeSlideRaw=0 nativeSlideScaled=0
[efz_netplay_mod][pid=292] NetplayFrame: updates=14073 menu=Main selection=0 row=0(ROW_HOST) inactivity=12149 slide=0 nativeSlideRaw=0 nativeSlideScaled=0
[efz_netplay_mod][pid=292] StateExport: heartbeat seq=41400 activity=1 menu=1 screen=0 mode=2 phase=0 role=0 side=1 p1Wins=0 p2Wins=0 ping=-1 delay=-1 local='Aquatic_mod' p1='' p2='' revival='1.02e' caps=0xB7 sessionId=1 setId=0 endReason=1
[efz_netplay_mod][pid=292] HookedTitleUpdateImpl: calls=15300 netplayActive=1
[efz_netplay_mod][pid=292] NetplayFrame: updates=14201 menu=Main selection=0 row=0(ROW_HOST) inactivity=12277 slide=0 nativeSlideRaw=0 nativeSlideScaled=0
[efz_netplay_mod][pid=292] NetplayFrame: updates=14329 menu=Main selection=0 row=0(ROW_HOST) inactivity=12405 slide=0 nativeSlideRaw=0 nativeSlideScaled=0
[efz_netplay_mod][pid=292] StateExport: heartbeat seq=42000 activity=1 menu=1 screen=0 mode=2 phase=0 role=0 side=1 p1Wins=0 p2Wins=0 ping=-1 delay=-1 local='Aquatic_mod' p1='' p2='' revival='1.02e' caps=0xB7 sessionId=1 setId=0 endReason=1
[efz_netplay_mod][pid=292] NetplayFrame: updates=14457 menu=Main selection=0 row=0(ROW_HOST) inactivity=12533 slide=0 nativeSlideRaw=0 nativeSlideScaled=0
[efz_netplay_mod][pid=292] HookedTitleUpdateImpl: calls=15600 netplayActive=1
[efz_netplay_mod][pid=292] NetplayFrame: updates=14585 menu=Main selection=0 row=0(ROW_HOST) inactivity=12661 slide=0 nativeSlideRaw=0 nativeSlideScaled=0
[efz_netplay_mod][pid=292] NetplayFrame: updates=14713 menu=Main selection=0 row=0(ROW_HOST) inactivity=12789 slide=0 nativeSlideRaw=0 nativeSlideScaled=0
[efz_netplay_mod][pid=292] StateExport: heartbeat seq=42600 activity=1 menu=1 screen=0 mode=2 phase=0 role=0 side=1 p1Wins=0 p2Wins=0 ping=-1 delay=-1 local='Aquatic_mod' p1='' p2='' revival='1.02e' caps=0xB7 sessionId=1 setId=0 endReason=1
[efz_netplay_mod][pid=292] HookedTitleUpdateImpl: calls=15900 netplayActive=1
[efz_netplay_mod][pid=292] NetplayFrame: updates=14841 menu=Main selection=0 row=0(ROW_HOST) inactivity=12917 slide=0 nativeSlideRaw=0 nativeSlideScaled=0
[efz_netplay_mod][pid=292] NetplayFrame: updates=14969 menu=Main selection=0 row=0(ROW_HOST) inactivity=13045 slide=0 nativeSlideRaw=0 nativeSlideScaled=0
[efz_netplay_mod][pid=292] StateExport: heartbeat seq=43200 activity=1 menu=1 screen=0 mode=2 phase=0 role=0 side=1 p1Wins=0 p2Wins=0 ping=-1 delay=-1 local='Aquatic_mod' p1='' p2='' revival='1.02e' caps=0xB7 sessionId=1 setId=0 endReason=1
[efz_netplay_mod][pid=292] HookedTitleUpdateImpl: calls=16200 netplayActive=1
[efz_netplay_mod][pid=292] NetplayFrame: updates=15097 menu=Main selection=0 row=0(ROW_HOST) inactivity=13173 slide=0 nativeSlideRaw=0 nativeSlideScaled=0
[efz_netplay_mod][pid=292] NetplayFrame: updates=15225 menu=Main selection=0 row=0(ROW_HOST) inactivity=13301 slide=0 nativeSlideRaw=0 nativeSlideScaled=0
[efz_netplay_mod][pid=292] StateExport: heartbeat seq=43800 activity=1 menu=1 screen=0 mode=2 phase=0 role=0 side=1 p1Wins=0 p2Wins=0 ping=-1 delay=-1 local='Aquatic_mod' p1='' p2='' revival='1.02e' caps=0xB7 sessionId=1 setId=0 endReason=1
[efz_netplay_mod][pid=292] NetplayFrame: updates=15353 menu=Main selection=0 row=0(ROW_HOST) inactivity=13429 slide=0 nativeSlideRaw=0 nativeSlideScaled=0
[efz_netplay_mod][pid=292] HookedTitleUpdateImpl: calls=16500 netplayActive=1
[efz_netplay_mod][pid=292] NetplayFrame: updates=15481 menu=Main selection=0 row=0(ROW_HOST) inactivity=13557 slide=0 nativeSlideRaw=0 nativeSlideScaled=0
[efz_netplay_mod][pid=292] NetplayFrame: updates=15609 menu=Main selection=0 row=0(ROW_HOST) inactivity=13685 slide=0 nativeSlideRaw=0 nativeSlideScaled=0
[efz_netplay_mod][pid=292] StateExport: heartbeat seq=44400 activity=1 menu=1 screen=0 mode=2 phase=0 role=0 side=1 p1Wins=0 p2Wins=0 ping=-1 delay=-1 local='Aquatic_mod' p1='' p2='' revival='1.02e' caps=0xB7 sessionId=1 setId=0 endReason=1
[efz_netplay_mod][pid=292] HookedTitleUpdateImpl: calls=16800 netplayActive=1
[efz_netplay_mod][pid=292] NetplayFrame: updates=15737 menu=Main selection=0 row=0(ROW_HOST) inactivity=13813 slide=0 nativeSlideRaw=0 nativeSlideScaled=0
[efz_netplay_mod][pid=292] NetplayFrame: updates=15865 menu=Main selection=0 row=0(ROW_HOST) inactivity=13941 slide=0 nativeSlideRaw=0 nativeSlideScaled=0
[efz_netplay_mod][pid=292] StateExport: heartbeat seq=45000 activity=1 menu=1 screen=0 mode=2 phase=0 role=0 side=1 p1Wins=0 p2Wins=0 ping=-1 delay=-1 local='Aquatic_mod' p1='' p2='' revival='1.02e' caps=0xB7 sessionId=1 setId=0 endReason=1
[efz_netplay_mod][pid=292] HookedTitleUpdateImpl: calls=17100 netplayActive=1
[efz_netplay_mod][pid=292] NetplayFrame: updates=15993 menu=Main selection=0 row=0(ROW_HOST) inactivity=14069 slide=0 nativeSlideRaw=0 nativeSlideScaled=0
[efz_netplay_mod][pid=292] NetplayFrame: updates=16121 menu=Main selection=0 row=0(ROW_HOST) inactivity=14197 slide=0 nativeSlideRaw=0 nativeSlideScaled=0
[efz_netplay_mod][pid=292] StateExport: heartbeat seq=45600 activity=1 menu=1 screen=0 mode=2 phase=0 role=0 side=1 p1Wins=0 p2Wins=0 ping=-1 delay=-1 local='Aquatic_mod' p1='' p2='' revival='1.02e' caps=0xB7 sessionId=1 setId=0 endReason=1
[efz_netplay_mod][pid=292] NetplayFrame: updates=16249 menu=Main selection=0 row=0(ROW_HOST) inactivity=14325 slide=0 nativeSlideRaw=0 nativeSlideScaled=0
[efz_netplay_mod][pid=292] HookedTitleUpdateImpl: calls=17400 netplayActive=1
[efz_netplay_mod][pid=292] NetplayFrame: updates=16377 menu=Main selection=0 row=0(ROW_HOST) inactivity=14453 slide=0 nativeSlideRaw=0 nativeSlideScaled=0
[efz_netplay_mod][pid=292] NetplayFrame: updates=16505 menu=Main selection=0 row=0(ROW_HOST) inactivity=14581 slide=0 nativeSlideRaw=0 nativeSlideScaled=0
[efz_netplay_mod][pid=292] StateExport: heartbeat seq=46200 activity=1 menu=1 screen=0 mode=2 phase=0 role=0 side=1 p1Wins=0 p2Wins=0 ping=-1 delay=-1 local='Aquatic_mod' p1='' p2='' revival='1.02e' caps=0xB7 sessionId=1 setId=0 endReason=1
[efz_netplay_mod][pid=292] HookedTitleUpdateImpl: calls=17700 netplayActive=1
[efz_netplay_mod][pid=292] NetplayFrame: updates=16633 menu=Main selection=0 row=0(ROW_HOST) inactivity=14709 slide=0 nativeSlideRaw=0 nativeSlideScaled=0
[efz_netplay_mod][pid=292] NetplayFrame: updates=16761 menu=Main selection=0 row=0(ROW_HOST) inactivity=14837 slide=0 nativeSlideRaw=0 nativeSlideScaled=0
[efz_netplay_mod][pid=292] StateExport: heartbeat seq=46800 activity=1 menu=1 screen=0 mode=2 phase=0 role=0 side=1 p1Wins=0 p2Wins=0 ping=-1 delay=-1 local='Aquatic_mod' p1='' p2='' revival='1.02e' caps=0xB7 sessionId=1 setId=0 endReason=1
[efz_netplay_mod][pid=292] HookedTitleUpdateImpl: calls=18000 netplayActive=1
[efz_netplay_mod][pid=292] NetplayFrame: updates=16889 menu=Main selection=0 row=0(ROW_HOST) inactivity=14965 slide=0 nativeSlideRaw=0 nativeSlideScaled=0
[efz_netplay_mod][pid=292] NetplayFrame: updates=17017 menu=Main selection=0 row=0(ROW_HOST) inactivity=15093 slide=0 nativeSlideRaw=0 nativeSlideScaled=0
[efz_netplay_mod][pid=292] StateExport: heartbeat seq=47400 activity=1 menu=1 screen=0 mode=2 phase=0 role=0 side=1 p1Wins=0 p2Wins=0 ping=-1 delay=-1 local='Aquatic_mod' p1='' p2='' revival='1.02e' caps=0xB7 sessionId=1 setId=0 endReason=1
[efz_netplay_mod][pid=292] NetplayFrame: updates=17145 menu=Main selection=0 row=0(ROW_HOST) inactivity=15221 slide=0 nativeSlideRaw=0 nativeSlideScaled=0
[efz_netplay_mod][pid=292] HookedTitleUpdateImpl: calls=18300 netplayActive=1
[efz_netplay_mod][pid=292] NetplayFrame: updates=17273 menu=Main selection=0 row=0(ROW_HOST) inactivity=15349 slide=0 nativeSlideRaw=0 nativeSlideScaled=0
[efz_netplay_mod][pid=292] NetplayFrame: updates=17401 menu=Main selection=0 row=0(ROW_HOST) inactivity=15477 slide=0 nativeSlideRaw=0 nativeSlideScaled=0
[efz_netplay_mod][pid=292] StateExport: heartbeat seq=48000 activity=1 menu=1 screen=0 mode=2 phase=0 role=0 side=1 p1Wins=0 p2Wins=0 ping=-1 delay=-1 local='Aquatic_mod' p1='' p2='' revival='1.02e' caps=0xB7 sessionId=1 setId=0 endReason=1
[efz_netplay_mod][pid=292] HookedTitleUpdateImpl: calls=18600 netplayActive=1
[efz_netplay_mod][pid=292] NetplayFrame: updates=17529 menu=Main selection=0 row=0(ROW_HOST) inactivity=15605 slide=0 nativeSlideRaw=0 nativeSlideScaled=0
[efz_netplay_mod][pid=292] NetplayFrame: updates=17657 menu=Main selection=0 row=0(ROW_HOST) inactivity=15733 slide=0 nativeSlideRaw=0 nativeSlideScaled=0
[efz_netplay_mod][pid=292] StateExport: heartbeat seq=48600 activity=1 menu=1 screen=0 mode=2 phase=0 role=0 side=1 p1Wins=0 p2Wins=0 ping=-1 delay=-1 local='Aquatic_mod' p1='' p2='' revival='1.02e' caps=0xB7 sessionId=1 setId=0 endReason=1
[efz_netplay_mod][pid=292] HookedTitleUpdateImpl: calls=18900 netplayActive=1
[efz_netplay_mod][pid=292] NetplayFrame: updates=17785 menu=Main selection=0 row=0(ROW_HOST) inactivity=15861 slide=0 nativeSlideRaw=0 nativeSlideScaled=0
[efz_netplay_mod][pid=292] NetplayFrame: updates=17913 menu=Main selection=0 row=0(ROW_HOST) inactivity=15989 slide=0 nativeSlideRaw=0 nativeSlideScaled=0
[efz_netplay_mod][pid=292] StateExport: heartbeat seq=49200 activity=1 menu=1 screen=0 mode=2 phase=0 role=0 side=1 p1Wins=0 p2Wins=0 ping=-1 delay=-1 local='Aquatic_mod' p1='' p2='' revival='1.02e' caps=0xB7 sessionId=1 setId=0 endReason=1
[efz_netplay_mod][pid=292] NetplayFrame: updates=18041 menu=Main selection=0 row=0(ROW_HOST) inactivity=16117 slide=0 nativeSlideRaw=0 nativeSlideScaled=0
[efz_netplay_mod][pid=292] HookedTitleUpdateImpl: calls=19200 netplayActive=1
[efz_netplay_mod][pid=292] NetplayFrame: updates=18169 menu=Main selection=0 row=0(ROW_HOST) inactivity=16245 slide=0 nativeSlideRaw=0 nativeSlideScaled=0
[efz_netplay_mod][pid=292] NetplayFrame: updates=18297 menu=Main selection=0 row=0(ROW_HOST) inactivity=16373 slide=0 nativeSlideRaw=0 nativeSlideScaled=0
[efz_netplay_mod][pid=292] StateExport: heartbeat seq=49800 activity=1 menu=1 screen=0 mode=2 phase=0 role=0 side=1 p1Wins=0 p2Wins=0 ping=-1 delay=-1 local='Aquatic_mod' p1='' p2='' revival='1.02e' caps=0xB7 sessionId=1 setId=0 endReason=1
[efz_netplay_mod][pid=292] HookedTitleUpdateImpl: calls=19500 netplayActive=1
[efz_netplay_mod][pid=292] NetplayFrame: updates=18425 menu=Main selection=0 row=0(ROW_HOST) inactivity=16501 slide=0 nativeSlideRaw=0 nativeSlideScaled=0
[efz_netplay_mod][pid=292] NetplayFrame: updates=18553 menu=Main selection=0 row=0(ROW_HOST) inactivity=16629 slide=0 nativeSlideRaw=0 nativeSlideScaled=0
[efz_netplay_mod][pid=292] StateExport: heartbeat seq=50400 activity=1 menu=1 screen=0 mode=2 phase=0 role=0 side=1 p1Wins=0 p2Wins=0 ping=-1 delay=-1 local='Aquatic_mod' p1='' p2='' revival='1.02e' caps=0xB7 sessionId=1 setId=0 endReason=1
[efz_netplay_mod][pid=292] HookedTitleUpdateImpl: calls=19800 netplayActive=1
[efz_netplay_mod][pid=292] NetplayFrame: updates=18681 menu=Main selection=0 row=0(ROW_HOST) inactivity=16757 slide=0 nativeSlideRaw=0 nativeSlideScaled=0
[efz_netplay_mod][pid=292] NetplayFrame: updates=18809 menu=Main selection=0 row=0(ROW_HOST) inactivity=16885 slide=0 nativeSlideRaw=0 nativeSlideScaled=0
[efz_netplay_mod][pid=292] StateExport: heartbeat seq=51000 activity=1 menu=1 screen=0 mode=2 phase=0 role=0 side=1 p1Wins=0 p2Wins=0 ping=-1 delay=-1 local='Aquatic_mod' p1='' p2='' revival='1.02e' caps=0xB7 sessionId=1 setId=0 endReason=1
[efz_netplay_mod][pid=292] NetplayFrame: updates=18937 menu=Main selection=0 row=0(ROW_HOST) inactivity=17013 slide=0 nativeSlideRaw=0 nativeSlideScaled=0
[efz_netplay_mod][pid=292] HookedTitleUpdateImpl: calls=20100 netplayActive=1
[efz_netplay_mod][pid=292] NetplayFrame: updates=19065 menu=Main selection=0 row=0(ROW_HOST) inactivity=17141 slide=0 nativeSlideRaw=0 nativeSlideScaled=0
[efz_netplay_mod][pid=292] NetplayFrame: updates=19193 menu=Main selection=0 row=0(ROW_HOST) inactivity=17269 slide=0 nativeSlideRaw=0 nativeSlideScaled=0
[efz_netplay_mod][pid=292] StateExport: heartbeat seq=51600 activity=1 menu=1 screen=0 mode=2 phase=0 role=0 side=1 p1Wins=0 p2Wins=0 ping=-1 delay=-1 local='Aquatic_mod' p1='' p2='' revival='1.02e' caps=0xB7 sessionId=1 setId=0 endReason=1
[efz_netplay_mod][pid=292] HookedTitleUpdateImpl: calls=20400 netplayActive=1
[efz_netplay_mod][pid=292] NetplayFrame: updates=19321 menu=Main selection=0 row=0(ROW_HOST) inactivity=17397 slide=0 nativeSlideRaw=0 nativeSlideScaled=0
[efz_netplay_mod][pid=292] NetplayFrame: updates=19449 menu=Main selection=0 row=0(ROW_HOST) inactivity=17525 slide=0 nativeSlideRaw=0 nativeSlideScaled=0
[efz_netplay_mod][pid=292] StateExport: heartbeat seq=52200 activity=1 menu=1 screen=0 mode=2 phase=0 role=0 side=1 p1Wins=0 p2Wins=0 ping=-1 delay=-1 local='Aquatic_mod' p1='' p2='' revival='1.02e' caps=0xB7 sessionId=1 setId=0 endReason=1
[efz_netplay_mod][pid=292] NetplayFrame: updates=19577 menu=Main selection=0 row=0(ROW_HOST) inactivity=17653 slide=0 nativeSlideRaw=0 nativeSlideScaled=0
[efz_netplay_mod][pid=292] HookedTitleUpdateImpl: calls=20700 netplayActive=1
[efz_netplay_mod][pid=292] NetplayFrame: updates=19705 menu=Main selection=0 row=0(ROW_HOST) inactivity=17781 slide=0 nativeSlideRaw=0 nativeSlideScaled=0
[efz_netplay_mod][pid=292] StateExport: heartbeat seq=52800 activity=1 menu=1 screen=0 mode=2 phase=0 role=0 side=1 p1Wins=0 p2Wins=0 ping=-1 delay=-1 local='Aquatic_mod' p1='' p2='' revival='1.02e' caps=0xB7 sessionId=1 setId=0 endReason=1
[efz_netplay_mod][pid=292] NetplayFrame: updates=19833 menu=Main selection=0 row=0(ROW_HOST) inactivity=17909 slide=0 nativeSlideRaw=0 nativeSlideScaled=0
[efz_netplay_mod][pid=292] HookedTitleUpdateImpl: calls=21000 netplayActive=1
[efz_netplay_mod][pid=292] NetplayFrame: updates=19961 menu=Main selection=0 row=0(ROW_HOST) inactivity=18037 slide=0 nativeSlideRaw=0 nativeSlideScaled=0
[efz_netplay_mod][pid=292] NetplayFrame: updates=20089 menu=Main selection=0 row=0(ROW_HOST) inactivity=18165 slide=0 nativeSlideRaw=0 nativeSlideScaled=0
[efz_netplay_mod][pid=292] StateExport: heartbeat seq=53400 activity=1 menu=1 screen=0 mode=2 phase=0 role=0 side=1 p1Wins=0 p2Wins=0 ping=-1 delay=-1 local='Aquatic_mod' p1='' p2='' revival='1.02e' caps=0xB7 sessionId=1 setId=0 endReason=1
[efz_netplay_mod][pid=292] HookedTitleUpdateImpl: calls=21300 netplayActive=1
[efz_netplay_mod][pid=292] NetplayFrame: updates=20217 menu=Main selection=0 row=0(ROW_HOST) inactivity=18293 slide=0 nativeSlideRaw=0 nativeSlideScaled=0
[efz_netplay_mod][pid=292] NetplayFrame: updates=20345 menu=Main selection=0 row=0(ROW_HOST) inactivity=18421 slide=0 nativeSlideRaw=0 nativeSlideScaled=0
[efz_netplay_mod][pid=292] StateExport: heartbeat seq=54000 activity=1 menu=1 screen=0 mode=2 phase=0 role=0 side=1 p1Wins=0 p2Wins=0 ping=-1 delay=-1 local='Aquatic_mod' p1='' p2='' revival='1.02e' caps=0xB7 sessionId=1 setId=0 endReason=1
[efz_netplay_mod][pid=292] NetplayFrame: updates=20473 menu=Main selection=0 row=0(ROW_HOST) inactivity=18549 slide=0 nativeSlideRaw=0 nativeSlideScaled=0
[efz_netplay_mod][pid=292] HookedTitleUpdateImpl: calls=21600 netplayActive=1
[efz_netplay_mod][pid=292] NetplayFrame: updates=20601 menu=Main selection=0 row=0(ROW_HOST) inactivity=18677 slide=0 nativeSlideRaw=0 nativeSlideScaled=0
[efz_netplay_mod][pid=292] StateExport: heartbeat seq=54600 activity=1 menu=1 screen=0 mode=2 phase=0 role=0 side=1 p1Wins=0 p2Wins=0 ping=-1 delay=-1 local='Aquatic_mod' p1='' p2='' revival='1.02e' caps=0xB7 sessionId=1 setId=0 endReason=1
[efz_netplay_mod][pid=292] NetplayFrame: updates=20729 menu=Main selection=0 row=0(ROW_HOST) inactivity=18805 slide=0 nativeSlideRaw=0 nativeSlideScaled=0
[efz_netplay_mod][pid=292] HookedTitleUpdateImpl: calls=21900 netplayActive=1
[efz_netplay_mod][pid=292] NetplayFrame: updates=20857 menu=Main selection=0 row=0(ROW_HOST) inactivity=18933 slide=0 nativeSlideRaw=0 nativeSlideScaled=0
[efz_netplay_mod][pid=292] NetplayFrame: updates=20985 menu=Main selection=0 row=0(ROW_HOST) inactivity=19061 slide=0 nativeSlideRaw=0 nativeSlideScaled=0
[efz_netplay_mod][pid=292] StateExport: heartbeat seq=55200 activity=1 menu=1 screen=0 mode=2 phase=0 role=0 side=1 p1Wins=0 p2Wins=0 ping=-1 delay=-1 local='Aquatic_mod' p1='' p2='' revival='1.02e' caps=0xB7 sessionId=1 setId=0 endReason=1
[efz_netplay_mod][pid=292] HookedTitleUpdateImpl: calls=22200 netplayActive=1
[efz_netplay_mod][pid=292] NetplayFrame: updates=21113 menu=Main selection=0 row=0(ROW_HOST) inactivity=19189 slide=0 nativeSlideRaw=0 nativeSlideScaled=0
[efz_netplay_mod][pid=292] NetplayFrame: updates=21241 menu=Main selection=0 row=0(ROW_HOST) inactivity=19317 slide=0 nativeSlideRaw=0 nativeSlideScaled=0
[efz_netplay_mod][pid=292] StateExport: heartbeat seq=55800 activity=1 menu=1 screen=0 mode=2 phase=0 role=0 side=1 p1Wins=0 p2Wins=0 ping=-1 delay=-1 local='Aquatic_mod' p1='' p2='' revival='1.02e' caps=0xB7 sessionId=1 setId=0 endReason=1
[efz_netplay_mod][pid=292] NetplayFrame: updates=21369 menu=Main selection=0 row=0(ROW_HOST) inactivity=19445 slide=0 nativeSlideRaw=0 nativeSlideScaled=0
[efz_netplay_mod][pid=292] HookedTitleUpdateImpl: calls=22500 netplayActive=1
[efz_netplay_mod][pid=292] NetplayFrame: updates=21497 menu=Main selection=0 row=0(ROW_HOST) inactivity=19573 slide=0 nativeSlideRaw=0 nativeSlideScaled=0
[efz_netplay_mod][pid=292] StateExport: heartbeat seq=56400 activity=1 menu=1 screen=0 mode=2 phase=0 role=0 side=1 p1Wins=0 p2Wins=0 ping=-1 delay=-1 local='Aquatic_mod' p1='' p2='' revival='1.02e' caps=0xB7 sessionId=1 setId=0 endReason=1
[efz_netplay_mod][pid=292] NetplayFrame: updates=21625 menu=Main selection=0 row=0(ROW_HOST) inactivity=19701 slide=0 nativeSlideRaw=0 nativeSlideScaled=0
[efz_netplay_mod][pid=292] HookedTitleUpdateImpl: calls=22800 netplayActive=1
[efz_netplay_mod][pid=292] NetplayFrame: updates=21753 menu=Main selection=0 row=0(ROW_HOST) inactivity=19829 slide=0 nativeSlideRaw=0 nativeSlideScaled=0
[efz_netplay_mod][pid=292] NetplayFrame: updates=21881 menu=Main selection=0 row=0(ROW_HOST) inactivity=19957 slide=0 nativeSlideRaw=0 nativeSlideScaled=0
[efz_netplay_mod][pid=292] StateExport: heartbeat seq=57000 activity=1 menu=1 screen=0 mode=2 phase=0 role=0 side=1 p1Wins=0 p2Wins=0 ping=-1 delay=-1 local='Aquatic_mod' p1='' p2='' revival='1.02e' caps=0xB7 sessionId=1 setId=0 endReason=1
[efz_netplay_mod][pid=292] HookedTitleUpdateImpl: calls=23100 netplayActive=1
[efz_netplay_mod][pid=292] NetplayFrame: updates=22009 menu=Main selection=0 row=0(ROW_HOST) inactivity=20085 slide=0 nativeSlideRaw=0 nativeSlideScaled=0
[efz_netplay_mod][pid=292] NetplayFrame: updates=22137 menu=Main selection=0 row=0(ROW_HOST) inactivity=20213 slide=0 nativeSlideRaw=0 nativeSlideScaled=0
[efz_netplay_mod][pid=292] StateExport: heartbeat seq=57600 activity=1 menu=1 screen=0 mode=2 phase=0 role=0 side=1 p1Wins=0 p2Wins=0 ping=-1 delay=-1 local='Aquatic_mod' p1='' p2='' revival='1.02e' caps=0xB7 sessionId=1 setId=0 endReason=1
[efz_netplay_mod][pid=292] NetplayFrame: updates=22265 menu=Main selection=0 row=0(ROW_HOST) inactivity=20341 slide=0 nativeSlideRaw=0 nativeSlideScaled=0
[efz_netplay_mod][pid=292] HookedTitleUpdateImpl: calls=23400 netplayActive=1
[efz_netplay_mod][pid=292] NetplayFrame: updates=22393 menu=Main selection=0 row=0(ROW_HOST) inactivity=20469 slide=0 nativeSlideRaw=0 nativeSlideScaled=0
[efz_netplay_mod][pid=292] NetplayFrame: updates=22521 menu=Main selection=0 row=0(ROW_HOST) inactivity=20597 slide=0 nativeSlideRaw=0 nativeSlideScaled=0
[efz_netplay_mod][pid=292] StateExport: heartbeat seq=58200 activity=1 menu=1 screen=0 mode=2 phase=0 role=0 side=1 p1Wins=0 p2Wins=0 ping=-1 delay=-1 local='Aquatic_mod' p1='' p2='' revival='1.02e' caps=0xB7 sessionId=1 setId=0 endReason=1
[efz_netplay_mod][pid=292] HookedTitleUpdateImpl: calls=23700 netplayActive=1
[efz_netplay_mod][pid=292] NetplayFrame: updates=22649 menu=Main selection=0 row=0(ROW_HOST) inactivity=20725 slide=0 nativeSlideRaw=0 nativeSlideScaled=0
[efz_netplay_mod][pid=292] NetplayFrame: updates=22777 menu=Main selection=0 row=0(ROW_HOST) inactivity=20853 slide=0 nativeSlideRaw=0 nativeSlideScaled=0
[efz_netplay_mod][pid=292] StateExport: heartbeat seq=58800 activity=1 menu=1 screen=0 mode=2 phase=0 role=0 side=1 p1Wins=0 p2Wins=0 ping=-1 delay=-1 local='Aquatic_mod' p1='' p2='' revival='1.02e' caps=0xB7 sessionId=1 setId=0 endReason=1
[efz_netplay_mod][pid=292] HookedTitleUpdateImpl: calls=24000 netplayActive=1
[efz_netplay_mod][pid=292] NetplayFrame: updates=22905 menu=Main selection=0 row=0(ROW_HOST) inactivity=20981 slide=0 nativeSlideRaw=0 nativeSlideScaled=0
[efz_netplay_mod][pid=292] NetplayFrame: updates=23033 menu=Main selection=0 row=0(ROW_HOST) inactivity=21109 slide=0 nativeSlideRaw=0 nativeSlideScaled=0
[efz_netplay_mod][pid=292] StateExport: heartbeat seq=59400 activity=1 menu=1 screen=0 mode=2 phase=0 role=0 side=1 p1Wins=0 p2Wins=0 ping=-1 delay=-1 local='Aquatic_mod' p1='' p2='' revival='1.02e' caps=0xB7 sessionId=1 setId=0 endReason=1
[efz_netplay_mod][pid=292] NetplayFrame: updates=23161 menu=Main selection=0 row=0(ROW_HOST) inactivity=21237 slide=0 nativeSlideRaw=0 nativeSlideScaled=0
[efz_netplay_mod][pid=292] HookedTitleUpdateImpl: calls=24300 netplayActive=1
[efz_netplay_mod][pid=292] NetplayFrame: updates=23289 menu=Main selection=0 row=0(ROW_HOST) inactivity=21365 slide=0 nativeSlideRaw=0 nativeSlideScaled=0
[efz_netplay_mod][pid=292] NetplayFrame: updates=23417 menu=Main selection=0 row=0(ROW_HOST) inactivity=21493 slide=0 nativeSlideRaw=0 nativeSlideScaled=0
[efz_netplay_mod][pid=292] StateExport: heartbeat seq=60000 activity=1 menu=1 screen=0 mode=2 phase=0 role=0 side=1 p1Wins=0 p2Wins=0 ping=-1 delay=-1 local='Aquatic_mod' p1='' p2='' revival='1.02e' caps=0xB7 sessionId=1 setId=0 endReason=1
[efz_netplay_mod][pid=292] HookedTitleUpdateImpl: calls=24600 netplayActive=1
[efz_netplay_mod][pid=292] NetplayFrame: updates=23545 menu=Main selection=0 row=0(ROW_HOST) inactivity=21621 slide=0 nativeSlideRaw=0 nativeSlideScaled=0
[efz_netplay_mod][pid=292] NetplayFrame: updates=23673 menu=Main selection=0 row=0(ROW_HOST) inactivity=21749 slide=0 nativeSlideRaw=0 nativeSlideScaled=0
[efz_netplay_mod][pid=292] StateExport: heartbeat seq=60600 activity=1 menu=1 screen=0 mode=2 phase=0 role=0 side=1 p1Wins=0 p2Wins=0 ping=-1 delay=-1 local='Aquatic_mod' p1='' p2='' revival='1.02e' caps=0xB7 sessionId=1 setId=0 endReason=1
[efz_netplay_mod][pid=292] HookedTitleUpdateImpl: calls=24900 netplayActive=1
[efz_netplay_mod][pid=292] NetplayFrame: updates=23801 menu=Main selection=0 row=0(ROW_HOST) inactivity=21877 slide=0 nativeSlideRaw=0 nativeSlideScaled=0
[efz_netplay_mod][pid=292] NetplayFrame: updates=23929 menu=Main selection=0 row=0(ROW_HOST) inactivity=22005 slide=0 nativeSlideRaw=0 nativeSlideScaled=0
[efz_netplay_mod][pid=292] StateExport: heartbeat seq=61200 activity=1 menu=1 screen=0 mode=2 phase=0 role=0 side=1 p1Wins=0 p2Wins=0 ping=-1 delay=-1 local='Aquatic_mod' p1='' p2='' revival='1.02e' caps=0xB7 sessionId=1 setId=0 endReason=1
[efz_netplay_mod][pid=292] NetplayFrame: updates=24057 menu=Main selection=0 row=0(ROW_HOST) inactivity=22133 slide=0 nativeSlideRaw=0 nativeSlideScaled=0
[efz_netplay_mod][pid=292] HookedTitleUpdateImpl: calls=25200 netplayActive=1
[efz_netplay_mod][pid=292] NetplayFrame: updates=24185 menu=Main selection=0 row=0(ROW_HOST) inactivity=22261 slide=0 nativeSlideRaw=0 nativeSlideScaled=0
[efz_netplay_mod][pid=292] NetplayFrame: updates=24313 menu=Main selection=0 row=0(ROW_HOST) inactivity=22389 slide=0 nativeSlideRaw=0 nativeSlideScaled=0
[efz_netplay_mod][pid=292] StateExport: heartbeat seq=61800 activity=1 menu=1 screen=0 mode=2 phase=0 role=0 side=1 p1Wins=0 p2Wins=0 ping=-1 delay=-1 local='Aquatic_mod' p1='' p2='' revival='1.02e' caps=0xB7 sessionId=1 setId=0 endReason=1
[efz_netplay_mod][pid=292] HookedTitleUpdateImpl: calls=25500 netplayActive=1
[efz_netplay_mod][pid=292] NetplayFrame: updates=24441 menu=Main selection=0 row=0(ROW_HOST) inactivity=22517 slide=0 nativeSlideRaw=0 nativeSlideScaled=0
[efz_netplay_mod][pid=292] NetplayFrame: updates=24569 menu=Main selection=0 row=0(ROW_HOST) inactivity=22645 slide=0 nativeSlideRaw=0 nativeSlideScaled=0
[efz_netplay_mod][pid=292] StateExport: heartbeat seq=62400 activity=1 menu=1 screen=0 mode=2 phase=0 role=0 side=1 p1Wins=0 p2Wins=0 ping=-1 delay=-1 local='Aquatic_mod' p1='' p2='' revival='1.02e' caps=0xB7 sessionId=1 setId=0 endReason=1
[efz_netplay_mod][pid=292] HookedTitleUpdateImpl: calls=25800 netplayActive=1
[efz_netplay_mod][pid=292] NetplayFrame: updates=24697 menu=Main selection=0 row=0(ROW_HOST) inactivity=22773 slide=0 nativeSlideRaw=0 nativeSlideScaled=0
[efz_netplay_mod][pid=292] NetplayFrame: updates=24825 menu=Main selection=0 row=0(ROW_HOST) inactivity=22901 slide=0 nativeSlideRaw=0 nativeSlideScaled=0
[efz_netplay_mod][pid=292] StateExport: heartbeat seq=63000 activity=1 menu=1 screen=0 mode=2 phase=0 role=0 side=1 p1Wins=0 p2Wins=0 ping=-1 delay=-1 local='Aquatic_mod' p1='' p2='' revival='1.02e' caps=0xB7 sessionId=1 setId=0 endReason=1
[efz_netplay_mod][pid=292] NetplayFrame: updates=24953 menu=Main selection=0 row=0(ROW_HOST) inactivity=23029 slide=0 nativeSlideRaw=0 nativeSlideScaled=0
[efz_netplay_mod][pid=292] HookedTitleUpdateImpl: calls=26100 netplayActive=1
[efz_netplay_mod][pid=292] NetplayFrame: updates=25081 menu=Main selection=0 row=0(ROW_HOST) inactivity=23157 slide=0 nativeSlideRaw=0 nativeSlideScaled=0
[efz_netplay_mod][pid=292] NetplayFrame: updates=25209 menu=Main selection=0 row=0(ROW_HOST) inactivity=23285 slide=0 nativeSlideRaw=0 nativeSlideScaled=0
[efz_netplay_mod][pid=292] StateExport: heartbeat seq=63600 activity=1 menu=1 screen=0 mode=2 phase=0 role=0 side=1 p1Wins=0 p2Wins=0 ping=-1 delay=-1 local='Aquatic_mod' p1='' p2='' revival='1.02e' caps=0xB7 sessionId=1 setId=0 endReason=1
[efz_netplay_mod][pid=292] HookedTitleUpdateImpl: calls=26400 netplayActive=1
[efz_netplay_mod][pid=292] NetplayFrame: updates=25337 menu=Main selection=0 row=0(ROW_HOST) inactivity=23413 slide=0 nativeSlideRaw=0 nativeSlideScaled=0
[efz_netplay_mod][pid=292] NetplayFrame: updates=25465 menu=Main selection=0 row=0(ROW_HOST) inactivity=23541 slide=0 nativeSlideRaw=0 nativeSlideScaled=0
[efz_netplay_mod][pid=292] StateExport: heartbeat seq=64200 activity=1 menu=1 screen=0 mode=2 phase=0 role=0 side=1 p1Wins=0 p2Wins=0 ping=-1 delay=-1 local='Aquatic_mod' p1='' p2='' revival='1.02e' caps=0xB7 sessionId=1 setId=0 endReason=1
[efz_netplay_mod][pid=292] HookedTitleUpdateImpl: calls=26700 netplayActive=1
[efz_netplay_mod][pid=292] NetplayFrame: updates=25593 menu=Main selection=0 row=0(ROW_HOST) inactivity=23669 slide=0 nativeSlideRaw=0 nativeSlideScaled=0
[efz_netplay_mod][pid=292] NetplayFrame: updates=25721 menu=Main selection=0 row=0(ROW_HOST) inactivity=23797 slide=0 nativeSlideRaw=0 nativeSlideScaled=0
[efz_netplay_mod][pid=292] StateExport: heartbeat seq=64800 activity=1 menu=1 screen=0 mode=2 phase=0 role=0 side=1 p1Wins=0 p2Wins=0 ping=-1 delay=-1 local='Aquatic_mod' p1='' p2='' revival='1.02e' caps=0xB7 sessionId=1 setId=0 endReason=1
[efz_netplay_mod][pid=292] NetplayFrame: updates=25849 menu=Main selection=0 row=0(ROW_HOST) inactivity=23925 slide=0 nativeSlideRaw=0 nativeSlideScaled=0
[efz_netplay_mod][pid=292] HookedTitleUpdateImpl: calls=27000 netplayActive=1
[efz_netplay_mod][pid=292] NetplayFrame: updates=25977 menu=Main selection=0 row=0(ROW_HOST) inactivity=24053 slide=0 nativeSlideRaw=0 nativeSlideScaled=0
[efz_netplay_mod][pid=292] NetplayFrame: updates=26105 menu=Main selection=0 row=0(ROW_HOST) inactivity=24181 slide=0 nativeSlideRaw=0 nativeSlideScaled=0
[efz_netplay_mod][pid=292] StateExport: heartbeat seq=65400 activity=1 menu=1 screen=0 mode=2 phase=0 role=0 side=1 p1Wins=0 p2Wins=0 ping=-1 delay=-1 local='Aquatic_mod' p1='' p2='' revival='1.02e' caps=0xB7 sessionId=1 setId=0 endReason=1
[efz_netplay_mod][pid=292] HookedTitleUpdateImpl: calls=27300 netplayActive=1
[efz_netplay_mod][pid=292] NetplayFrame: updates=26233 menu=Main selection=0 row=0(ROW_HOST) inactivity=24309 slide=0 nativeSlideRaw=0 nativeSlideScaled=0
[efz_netplay_mod][pid=292] NetplayFrame: updates=26361 menu=Main selection=0 row=0(ROW_HOST) inactivity=24437 slide=0 nativeSlideRaw=0 nativeSlideScaled=0
[efz_netplay_mod][pid=292] StateExport: heartbeat seq=66000 activity=1 menu=1 screen=0 mode=2 phase=0 role=0 side=1 p1Wins=0 p2Wins=0 ping=-1 delay=-1 local='Aquatic_mod' p1='' p2='' revival='1.02e' caps=0xB7 sessionId=1 setId=0 endReason=1
[efz_netplay_mod][pid=292] HookedTitleUpdateImpl: calls=27600 netplayActive=1
[efz_netplay_mod][pid=292] NetplayFrame: updates=26489 menu=Main selection=0 row=0(ROW_HOST) inactivity=24565 slide=0 nativeSlideRaw=0 nativeSlideScaled=0
[efz_netplay_mod][pid=292] NetplayFrame: updates=26617 menu=Main selection=0 row=0(ROW_HOST) inactivity=24693 slide=0 nativeSlideRaw=0 nativeSlideScaled=0
[efz_netplay_mod][pid=292] StateExport: heartbeat seq=66600 activity=1 menu=1 screen=0 mode=2 phase=0 role=0 side=1 p1Wins=0 p2Wins=0 ping=-1 delay=-1 local='Aquatic_mod' p1='' p2='' revival='1.02e' caps=0xB7 sessionId=1 setId=0 endReason=1
[efz_netplay_mod][pid=292] NetplayFrame: updates=26745 menu=Main selection=0 row=0(ROW_HOST) inactivity=24821 slide=0 nativeSlideRaw=0 nativeSlideScaled=0
[efz_netplay_mod][pid=292] HookedTitleUpdateImpl: calls=27900 netplayActive=1
[efz_netplay_mod][pid=292] NetplayFrame: updates=26873 menu=Main selection=0 row=0(ROW_HOST) inactivity=24949 slide=0 nativeSlideRaw=0 nativeSlideScaled=0
[efz_netplay_mod][pid=292] NetplayFrame: updates=27001 menu=Main selection=0 row=0(ROW_HOST) inactivity=25077 slide=0 nativeSlideRaw=0 nativeSlideScaled=0
[efz_netplay_mod][pid=292] StateExport: heartbeat seq=67200 activity=1 menu=1 screen=0 mode=2 phase=0 role=0 side=1 p1Wins=0 p2Wins=0 ping=-1 delay=-1 local='Aquatic_mod' p1='' p2='' revival='1.02e' caps=0xB7 sessionId=1 setId=0 endReason=1
[efz_netplay_mod][pid=292] HookedTitleUpdateImpl: calls=28200 netplayActive=1
[efz_netplay_mod][pid=292] NetplayFrame: updates=27129 menu=Main selection=0 row=0(ROW_HOST) inactivity=25205 slide=0 nativeSlideRaw=0 nativeSlideScaled=0
[efz_netplay_mod][pid=292] NetplayFrame: updates=27257 menu=Main selection=0 row=0(ROW_HOST) inactivity=25333 slide=0 nativeSlideRaw=0 nativeSlideScaled=0
[efz_netplay_mod][pid=292] StateExport: heartbeat seq=67800 activity=1 menu=1 screen=0 mode=2 phase=0 role=0 side=1 p1Wins=0 p2Wins=0 ping=-1 delay=-1 local='Aquatic_mod' p1='' p2='' revival='1.02e' caps=0xB7 sessionId=1 setId=0 endReason=1
[efz_netplay_mod][pid=292] HookedTitleUpdateImpl: calls=28500 netplayActive=1
[efz_netplay_mod][pid=292] NetplayFrame: updates=27385 menu=Main selection=0 row=0(ROW_HOST) inactivity=25461 slide=0 nativeSlideRaw=0 nativeSlideScaled=0
[efz_netplay_mod][pid=292] NetplayFrame: updates=27513 menu=Main selection=0 row=0(ROW_HOST) inactivity=25589 slide=0 nativeSlideRaw=0 nativeSlideScaled=0
[efz_netplay_mod][pid=292] StateExport: heartbeat seq=68400 activity=1 menu=1 screen=0 mode=2 phase=0 role=0 side=1 p1Wins=0 p2Wins=0 ping=-1 delay=-1 local='Aquatic_mod' p1='' p2='' revival='1.02e' caps=0xB7 sessionId=1 setId=0 endReason=1
[efz_netplay_mod][pid=292] NetplayFrame: updates=27641 menu=Main selection=0 row=0(ROW_HOST) inactivity=25717 slide=0 nativeSlideRaw=0 nativeSlideScaled=0
[efz_netplay_mod][pid=292] HookedTitleUpdateImpl: calls=28800 netplayActive=1
[efz_netplay_mod][pid=292] NetplayFrame: updates=27769 menu=Main selection=0 row=0(ROW_HOST) inactivity=25845 slide=0 nativeSlideRaw=0 nativeSlideScaled=0
[efz_netplay_mod][pid=292] NetplayFrame: updates=27897 menu=Main selection=0 row=0(ROW_HOST) inactivity=25973 slide=0 nativeSlideRaw=0 nativeSlideScaled=0
[efz_netplay_mod][pid=292] StateExport: heartbeat seq=69000 activity=1 menu=1 screen=0 mode=2 phase=0 role=0 side=1 p1Wins=0 p2Wins=0 ping=-1 delay=-1 local='Aquatic_mod' p1='' p2='' revival='1.02e' caps=0xB7 sessionId=1 setId=0 endReason=1
[efz_netplay_mod][pid=292] HookedTitleUpdateImpl: calls=29100 netplayActive=1
[efz_netplay_mod][pid=292] NetplayFrame: updates=28025 menu=Main selection=0 row=0(ROW_HOST) inactivity=26101 slide=0 nativeSlideRaw=0 nativeSlideScaled=0
[efz_netplay_mod][pid=292] NetplayFrame: updates=28153 menu=Main selection=0 row=0(ROW_HOST) inactivity=26229 slide=0 nativeSlideRaw=0 nativeSlideScaled=0
[efz_netplay_mod][pid=292] StateExport: heartbeat seq=69600 activity=1 menu=1 screen=0 mode=2 phase=0 role=0 side=1 p1Wins=0 p2Wins=0 ping=-1 delay=-1 local='Aquatic_mod' p1='' p2='' revival='1.02e' caps=0xB7 sessionId=1 setId=0 endReason=1
[efz_netplay_mod][pid=292] HookedTitleUpdateImpl: calls=29400 netplayActive=1
[efz_netplay_mod][pid=292] NetplayFrame: updates=28281 menu=Main selection=0 row=0(ROW_HOST) inactivity=26357 slide=0 nativeSlideRaw=0 nativeSlideScaled=0
[efz_netplay_mod][pid=292] NetplayFrame: updates=28409 menu=Main selection=0 row=0(ROW_HOST) inactivity=26485 slide=0 nativeSlideRaw=0 nativeSlideScaled=0
[efz_netplay_mod][pid=292] StateExport: heartbeat seq=70200 activity=1 menu=1 screen=0 mode=2 phase=0 role=0 side=1 p1Wins=0 p2Wins=0 ping=-1 delay=-1 local='Aquatic_mod' p1='' p2='' revival='1.02e' caps=0xB7 sessionId=1 setId=0 endReason=1
[efz_netplay_mod][pid=292] NetplayFrame: updates=28537 menu=Main selection=0 row=0(ROW_HOST) inactivity=26613 slide=0 nativeSlideRaw=0 nativeSlideScaled=0
[efz_netplay_mod][pid=292] HookedTitleUpdateImpl: calls=29700 netplayActive=1
[efz_netplay_mod][pid=292] NetplayFrame: updates=28665 menu=Main selection=0 row=0(ROW_HOST) inactivity=26741 slide=0 nativeSlideRaw=0 nativeSlideScaled=0
[efz_netplay_mod][pid=292] NetplayFrame: updates=28793 menu=Main selection=0 row=0(ROW_HOST) inactivity=26869 slide=0 nativeSlideRaw=0 nativeSlideScaled=0
[efz_netplay_mod][pid=292] StateExport: heartbeat seq=70800 activity=1 menu=1 screen=0 mode=2 phase=0 role=0 side=1 p1Wins=0 p2Wins=0 ping=-1 delay=-1 local='Aquatic_mod' p1='' p2='' revival='1.02e' caps=0xB7 sessionId=1 setId=0 endReason=1
[efz_netplay_mod][pid=292] HookedTitleUpdateImpl: calls=30000 netplayActive=1
[efz_netplay_mod][pid=292] NetplayFrame: updates=28921 menu=Main selection=0 row=0(ROW_HOST) inactivity=26997 slide=0 nativeSlideRaw=0 nativeSlideScaled=0
[efz_netplay_mod][pid=292] NetplayFrame: updates=29049 menu=Main selection=0 row=0(ROW_HOST) inactivity=27125 slide=0 nativeSlideRaw=0 nativeSlideScaled=0
[efz_netplay_mod][pid=292] StateExport: heartbeat seq=71400 activity=1 menu=1 screen=0 mode=2 phase=0 role=0 side=1 p1Wins=0 p2Wins=0 ping=-1 delay=-1 local='Aquatic_mod' p1='' p2='' revival='1.02e' caps=0xB7 sessionId=1 setId=0 endReason=1
[efz_netplay_mod][pid=292] NetplayFrame: updates=29177 menu=Main selection=0 row=0(ROW_HOST) inactivity=27253 slide=0 nativeSlideRaw=0 nativeSlideScaled=0
[efz_netplay_mod][pid=292] HookedTitleUpdateImpl: calls=30300 netplayActive=1
[efz_netplay_mod][pid=292] NetplayFrame: updates=29305 menu=Main selection=0 row=0(ROW_HOST) inactivity=27381 slide=0 nativeSlideRaw=0 nativeSlideScaled=0
[efz_netplay_mod][pid=292] StateExport: heartbeat seq=72000 activity=1 menu=1 screen=0 mode=2 phase=0 role=0 side=1 p1Wins=0 p2Wins=0 ping=-1 delay=-1 local='Aquatic_mod' p1='' p2='' revival='1.02e' caps=0xB7 sessionId=1 setId=0 endReason=1
[efz_netplay_mod][pid=292] NetplayFrame: updates=29433 menu=Main selection=0 row=0(ROW_HOST) inactivity=27509 slide=0 nativeSlideRaw=0 nativeSlideScaled=0
[efz_netplay_mod][pid=292] HookedTitleUpdateImpl: calls=30600 netplayActive=1
[efz_netplay_mod][pid=292] NetplayFrame: updates=29561 menu=Main selection=0 row=0(ROW_HOST) inactivity=27637 slide=0 nativeSlideRaw=0 nativeSlideScaled=0
[efz_netplay_mod][pid=292] NetplayFrame: updates=29689 menu=Main selection=0 row=0(ROW_HOST) inactivity=27765 slide=0 nativeSlideRaw=0 nativeSlideScaled=0
[efz_netplay_mod][pid=292] StateExport: heartbeat seq=72600 activity=1 menu=1 screen=0 mode=2 phase=0 role=0 side=1 p1Wins=0 p2Wins=0 ping=-1 delay=-1 local='Aquatic_mod' p1='' p2='' revival='1.02e' caps=0xB7 sessionId=1 setId=0 endReason=1
[efz_netplay_mod][pid=292] HookedTitleUpdateImpl: calls=30900 netplayActive=1
[efz_netplay_mod][pid=292] NetplayFrame: updates=29817 menu=Main selection=0 row=0(ROW_HOST) inactivity=27893 slide=0 nativeSlideRaw=0 nativeSlideScaled=0
[efz_netplay_mod][pid=292] NetplayFrame: updates=29945 menu=Main selection=0 row=0(ROW_HOST) inactivity=28021 slide=0 nativeSlideRaw=0 nativeSlideScaled=0
[efz_netplay_mod][pid=292] StateExport: heartbeat seq=73200 activity=1 menu=1 screen=0 mode=2 phase=0 role=0 side=1 p1Wins=0 p2Wins=0 ping=-1 delay=-1 local='Aquatic_mod' p1='' p2='' revival='1.02e' caps=0xB7 sessionId=1 setId=0 endReason=1
[efz_netplay_mod][pid=292] NetplayFrame: updates=30073 menu=Main selection=0 row=0(ROW_HOST) inactivity=28149 slide=0 nativeSlideRaw=0 nativeSlideScaled=0
[efz_netplay_mod][pid=292] HookedTitleUpdateImpl: calls=31200 netplayActive=1
[efz_netplay_mod][pid=292] NetplayFrame: updates=30201 menu=Main selection=0 row=0(ROW_HOST) inactivity=28277 slide=0 nativeSlideRaw=0 nativeSlideScaled=0
[efz_netplay_mod][pid=292] StateExport: heartbeat seq=73800 activity=1 menu=1 screen=0 mode=2 phase=0 role=0 side=1 p1Wins=0 p2Wins=0 ping=-1 delay=-1 local='Aquatic_mod' p1='' p2='' revival='1.02e' caps=0xB7 sessionId=1 setId=0 endReason=1
[efz_netplay_mod][pid=292] NetplayFrame: updates=30329 menu=Main selection=0 row=0(ROW_HOST) inactivity=28405 slide=0 nativeSlideRaw=0 nativeSlideScaled=0
[efz_netplay_mod][pid=292] HookedTitleUpdateImpl: calls=31500 netplayActive=1
[efz_netplay_mod][pid=292] NetplayFrame: updates=30457 menu=Main selection=0 row=0(ROW_HOST) inactivity=28533 slide=0 nativeSlideRaw=0 nativeSlideScaled=0
[efz_netplay_mod][pid=292] NetplayFrame: updates=30585 menu=Main selection=0 row=0(ROW_HOST) inactivity=28661 slide=0 nativeSlideRaw=0 nativeSlideScaled=0
[efz_netplay_mod][pid=292] StateExport: heartbeat seq=74400 activity=1 menu=1 screen=0 mode=2 phase=0 role=0 side=1 p1Wins=0 p2Wins=0 ping=-1 delay=-1 local='Aquatic_mod' p1='' p2='' revival='1.02e' caps=0xB7 sessionId=1 setId=0 endReason=1
[efz_netplay_mod][pid=292] HookedTitleUpdateImpl: calls=31800 netplayActive=1
[efz_netplay_mod][pid=292] NetplayFrame: updates=30713 menu=Main selection=0 row=0(ROW_HOST) inactivity=28789 slide=0 nativeSlideRaw=0 nativeSlideScaled=0
[efz_netplay_mod][pid=292] NetplayFrame: updates=30841 menu=Main selection=0 row=0(ROW_HOST) inactivity=28917 slide=0 nativeSlideRaw=0 nativeSlideScaled=0
[efz_netplay_mod][pid=292] StateExport: heartbeat seq=75000 activity=1 menu=1 screen=0 mode=2 phase=0 role=0 side=1 p1Wins=0 p2Wins=0 ping=-1 delay=-1 local='Aquatic_mod' p1='' p2='' revival='1.02e' caps=0xB7 sessionId=1 setId=0 endReason=1
[efz_netplay_mod][pid=292] NetplayFrame: updates=30969 menu=Main selection=0 row=0(ROW_HOST) inactivity=29045 slide=0 nativeSlideRaw=0 nativeSlideScaled=0
[efz_netplay_mod][pid=292] HookedTitleUpdateImpl: calls=32100 netplayActive=1
[efz_netplay_mod][pid=292] CrashHandler: uninstalled
[efz_netplay_mod] logger shutting down
[efz_netplay_mod] logger initialized
[efz_netplay_mod][pid=25612] CrashHandler: installed (mode=host dir='F:\EFZ - Copy\mods\efz_netplay_mod' vectored=00A6AF30)
[efz_netplay_mod][pid=25612] Module attached at 713D0000
[efz_netplay_mod][pid=25612] DetectRevivalVersion: matched timestamp 0x5EA876B0 → 1.02e
[efz_netplay_mod][pid=25612] Takeover: host revival base=0x6CA60000
[efz_netplay_mod][pid=25612] Takeover: patched EfzRevival.dll null-guard at +0x21E0
[efz_netplay_mod][pid=25612] Takeover: local init(2,102) result=43383544
[efz_netplay_mod][pid=25612] PatchRevivalDllExitProcess: patched IAT entry orig=0x76BC6A20 stub=0x713EFA00
[efz_netplay_mod][pid=25612] InstallNetplayFrameHook: installed at DLL RVA 0x6E590, trampoline at 714DBCF4
[efz_netplay_mod][pid=25612] InstallNetplayFrameHook: fixed up trampoline E8/E9 at +1: origDisp=0xFFFFF29A newDisp=0xFB5F1AD2 absTarget=6CACD810
[efz_netplay_mod][pid=25612] InstallNetplayFrameHook: per-frame tick hook installed at DLL RVA 0x6E570, trampoline at 714DBD38
[efz_netplay_mod][pid=25612] Takeover: host initialized
[efz_netplay_mod][pid=25612] SessionBridge: initialized (role=host, reason=startup)
[efz_netplay_mod][pid=25612] StateExport: initialized (shm=ok, view=08840000)
[efz_netplay_mod][pid=25612] InstallHooks: module directory 'F:\EFZ - Copy\mods\efz_netplay_mod'
[efz_netplay_mod][pid=25612] ResolveNetplayBackgroundPath: searching for netplay_bg.dat
[efz_netplay_mod][pid=25612] ResolveNetplayBackgroundPath: [DLL dir] probing 'F:\EFZ - Copy\mods\efz_netplay_mod\assets\netplay_bg.dat'
[efz_netplay_mod][pid=25612] ResolveNetplayBackgroundPath: using 'F:\EFZ - Copy\mods\efz_netplay_mod\assets\netplay_bg.dat'
[efz_netplay_mod][pid=25612] InstallHooks: netplay assets verified at 'F:\EFZ - Copy\mods\efz_netplay_mod\assets\netplay_bg.dat'
[efz_netplay_mod][pid=25612] ValidateMenuSpecs: row-slot map valid
[efz_netplay_mod][pid=25612] Patched 'wrap compare 6->7' at 0x0077612E
[efz_netplay_mod][pid=25612] Patched 'wrap clamp 6->7' at 0x0077614B
[efz_netplay_mod][pid=25612] Patched 'switch compare 6->7' at 0x007761D5
[efz_netplay_mod][pid=25612] Patched 'panel dest height 98->112' at 0x00776578
[efz_netplay_mod][pid=25612] Patched 'panel src height 98->112' at 0x007765A3
[efz_netplay_mod][pid=25612] Patched 'panel dest top 130->123' at 0x007765A7
[efz_netplay_mod][pid=25612] Patched 'highlight src base 98->112' at 0x0077664A
[efz_netplay_mod][pid=25612] Patched 'highlight screen base 130->123' at 0x00776696
[efz_netplay_mod][pid=25612] Patched 'switch dispatch table -> custom' at 0x007761E5
[efz_netplay_mod][pid=25612] Patched 'title vtable render -> hook' at 0x00789980
[efz_netplay_mod][pid=25612] Patched 'title vtable update -> hook' at 0x00789984
[efz_netplay_mod][pid=25612] InstallHooks: success (title update=0x00775FB0 netplayAssets=1)
[efz_netplay_mod][pid=25612] InstallHooks succeeded
[efz_netplay_mod][pid=25612] SCREEN_MONITOR: index 255 -> 0 tick=1 mode=0/4 screenObj=0x11C86888 charselect(init=1 exit=0 obj=0x11C86CE0)
[efz_netplay_mod][pid=25612] TICK_HOOK: *** ECX MISMATCH *** frameTick=1 exeECX=0x11C86888 dllSession=0x047D3A10 — overriding ECX with current session
[efz_netplay_mod][pid=25612] TICK_HOOK: current session vtable=0x6CAF0404 (RVA=0x90404)
[efz_netplay_mod][pid=25612] DIAG[tick_ecx_mismatch]: dllExitPatchesSaved=0 tournamentPatchesSaved=0 renderContextSaved=0 savedRenderCtx=0x00000000
[efz_netplay_mod][pid=25612] DIAG[tick_ecx_mismatch]: dllBase=0x6CA60000 roleFlag=2 sessionPtr=0x047D3A10 renderCtx=0x725C6BC8 globalState=0x11890048
[efz_netplay_mod][pid=25612] DIAG[tick_ecx_mismatch]: session vtable=0x6CAF0404 initComplete=75316968 activePlayer=0
[efz_netplay_mod][pid=25612] DIAG[tick_ecx_mismatch]: exitPatch[0] RVA=0x7909D byte=0x74 expected=0x74
[efz_netplay_mod][pid=25612] DIAG[tick_ecx_mismatch]: exitPatch[1] RVA=0x7215D byte=0x75 expected=0x75
[efz_netplay_mod][pid=25612] DIAG[tick_ecx_mismatch]: exitPatch[2] RVA=0x7231F byte=0x74 expected=0x74
[efz_netplay_mod][pid=25612] DIAG[tick_ecx_mismatch]: nearJccPatch[0] RVA=0x7251B bytes=0F 84
[efz_netplay_mod][pid=25612] DIAG[tick_ecx_mismatch]: nearJccPatch[1] RVA=0x7252E bytes=0F 84
[efz_netplay_mod][pid=25612] DIAG[tick_ecx_mismatch]: nearJccPatch[2] RVA=0x742E1 bytes=0F 84
[efz_netplay_mod][pid=25612] DIAG[tick_ecx_mismatch]: nearJccPatch[3] RVA=0x742F4 bytes=0F 84
[efz_netplay_mod][pid=25612] DIAG[tick_ecx_mismatch]: nearJccPatch[4] RVA=0x74301 bytes=0F 84
[efz_netplay_mod][pid=25612] DIAG[tick_ecx_mismatch]: localRoleFlag=2 localInitApplied=0 exitIntercepted=0 exitMode=-1 frameHookInstalled=1 frameRecoveryPending=0 forceLocalPlayInitCount=0
[efz_netplay_mod][pid=25612] DIAG[tick_ecx_mismatch]: revivalProcess=0x00000000 revivalPid=0 lastValidatedSession=0x047D3A10 lastSessionPtrOffset=0xA02CC
[efz_netplay_mod][pid=25612] TICK_HOOK: heartbeat frameTick=1 session=0x047D3A10 exeECX=0x11C86888 match=0
[efz_netplay_mod][pid=25612] StateExport: heartbeat seq=1 activity=0 menu=0 screen=0 mode=0 phase=0 role=0 side=-1 p1Wins=0 p2Wins=0 ping=-1 delay=-1 local='' p1='' p2='' revival='1.02e' caps=0x21 sessionId=0 setId=0 endReason=0
[efz_netplay_mod][pid=25612] CrashHandler: uninstalled
[efz_netplay_mod] logger shutting down
[efz_netplay_mod] logger initialized
[efz_netplay_mod][pid=296] CrashHandler: installed (mode=host dir='Z:\mnt\shared\EFZ - Copy\mods\efz_netplay_mod' vectored=01634028)
[efz_netplay_mod][pid=296] Module attached at 75730000
[efz_netplay_mod][pid=296] DetectRevivalVersion: matched timestamp 0x5EA876B0 → 1.02e
[efz_netplay_mod][pid=296] Takeover: host revival base=0x753C0000
[efz_netplay_mod][pid=296] Takeover: patched EfzRevival.dll null-guard at +0x21E0
[efz_netplay_mod][pid=296] Takeover: local init(2,102) result=25295576
[efz_netplay_mod][pid=296] PatchRevivalDllExitProcess: patched IAT entry orig=0x7BB0FAD4 stub=0x7574FA00
[efz_netplay_mod][pid=296] InstallNetplayFrameHook: installed at DLL RVA 0x6E590, trampoline at 7583BCF4
[efz_netplay_mod][pid=296] InstallNetplayFrameHook: fixed up trampoline E8/E9 at +1: origDisp=0xFFFFF29A newDisp=0xFFBF1AD2 absTarget=7542D810
[efz_netplay_mod][pid=296] InstallNetplayFrameHook: per-frame tick hook installed at DLL RVA 0x6E570, trampoline at 7583BD38
[efz_netplay_mod][pid=296] Takeover: host initialized
[efz_netplay_mod][pid=296] SessionBridge: initialized (role=host, reason=startup)
[efz_netplay_mod][pid=296] StateExport: initialized (shm=ok, view=027B0000)
[efz_netplay_mod][pid=296] InstallHooks: module directory 'Z:\mnt\shared\EFZ - Copy\mods\efz_netplay_mod'
[efz_netplay_mod][pid=296] ResolveNetplayBackgroundPath: searching for netplay_bg.dat
[efz_netplay_mod][pid=296] ResolveNetplayBackgroundPath: [DLL dir] probing 'Z:\mnt\shared\EFZ - Copy\mods\efz_netplay_mod\assets\netplay_bg.dat'
[efz_netplay_mod][pid=296] ResolveNetplayBackgroundPath: using 'Z:\mnt\shared\EFZ - Copy\mods\efz_netplay_mod\assets\netplay_bg.dat'
[efz_netplay_mod][pid=296] InstallHooks: netplay assets verified at 'Z:\mnt\shared\EFZ - Copy\mods\efz_netplay_mod\assets\netplay_bg.dat'
[efz_netplay_mod][pid=296] ValidateMenuSpecs: row-slot map valid
[efz_netplay_mod][pid=296] Patched 'wrap compare 6->7' at 0x0077612E
[efz_netplay_mod][pid=296] Patched 'wrap clamp 6->7' at 0x0077614B
[efz_netplay_mod][pid=296] Patched 'switch compare 6->7' at 0x007761D5
[efz_netplay_mod][pid=296] Patched 'panel dest height 98->112' at 0x00776578
[efz_netplay_mod][pid=296] Patched 'panel src height 98->112' at 0x007765A3
[efz_netplay_mod][pid=296] Patched 'panel dest top 130->123' at 0x007765A7
[efz_netplay_mod][pid=296] Patched 'highlight src base 98->112' at 0x0077664A
[efz_netplay_mod][pid=296] Patched 'highlight screen base 130->123' at 0x00776696
[efz_netplay_mod][pid=296] Patched 'switch dispatch table -> custom' at 0x007761E5
[efz_netplay_mod][pid=296] Patched 'title vtable render -> hook' at 0x00789980
[efz_netplay_mod][pid=296] Patched 'title vtable update -> hook' at 0x00789984
[efz_netplay_mod][pid=296] InstallHooks: success (title update=0x00775FB0 netplayAssets=1)
[efz_netplay_mod][pid=296] InstallHooks succeeded
[efz_netplay_mod][pid=296] SCREEN_MONITOR: index 255 -> 0 tick=1 mode=0/4 screenObj=0x03253A50 charselect(init=1 exit=0 obj=0x03253EA8)
[efz_netplay_mod][pid=296] TICK_HOOK: *** ECX MISMATCH *** frameTick=1 exeECX=0x03253A50 dllSession=0x01664910 — overriding ECX with current session
[efz_netplay_mod][pid=296] TICK_HOOK: current session vtable=0x75450404 (RVA=0x90404)
[efz_netplay_mod][pid=296] DIAG[tick_ecx_mismatch]: dllExitPatchesSaved=0 tournamentPatchesSaved=0 renderContextSaved=0 savedRenderCtx=0x00000000
[efz_netplay_mod][pid=296] DIAG[tick_ecx_mismatch]: dllBase=0x753C0000 roleFlag=2 sessionPtr=0x01664910 renderCtx=0x79C26BC8 globalState=0x029D0020
[efz_netplay_mod][pid=296] DIAG[tick_ecx_mismatch]: session vtable=0x75450404 initComplete=1952538488 activePlayer=0
[efz_netplay_mod][pid=296] DIAG[tick_ecx_mismatch]: exitPatch[0] RVA=0x7909D byte=0x74 expected=0x74
[efz_netplay_mod][pid=296] DIAG[tick_ecx_mismatch]: exitPatch[1] RVA=0x7215D byte=0x75 expected=0x75
[efz_netplay_mod][pid=296] DIAG[tick_ecx_mismatch]: exitPatch[2] RVA=0x7231F byte=0x74 expected=0x74
[efz_netplay_mod][pid=296] DIAG[tick_ecx_mismatch]: nearJccPatch[0] RVA=0x7251B bytes=0F 84
[efz_netplay_mod][pid=296] DIAG[tick_ecx_mismatch]: nearJccPatch[1] RVA=0x7252E bytes=0F 84
[efz_netplay_mod][pid=296] DIAG[tick_ecx_mismatch]: nearJccPatch[2] RVA=0x742E1 bytes=0F 84
[efz_netplay_mod][pid=296] DIAG[tick_ecx_mismatch]: nearJccPatch[3] RVA=0x742F4 bytes=0F 84
[efz_netplay_mod][pid=296] DIAG[tick_ecx_mismatch]: nearJccPatch[4] RVA=0x74301 bytes=0F 84
[efz_netplay_mod][pid=296] DIAG[tick_ecx_mismatch]: localRoleFlag=2 localInitApplied=0 exitIntercepted=0 exitMode=-1 frameHookInstalled=1 frameRecoveryPending=0 forceLocalPlayInitCount=0
[efz_netplay_mod][pid=296] DIAG[tick_ecx_mismatch]: revivalProcess=0x00000000 revivalPid=0 lastValidatedSession=0x01664910 lastSessionPtrOffset=0xA02CC
[efz_netplay_mod][pid=296] TICK_HOOK: heartbeat frameTick=1 session=0x01664910 exeECX=0x03253A50 match=0
[efz_netplay_mod][pid=296] Platform: running under Wine/Proton
[efz_netplay_mod][pid=296] HookedTitleUpdateImpl: Wine detected — applying one-shot title assets override
[efz_netplay_mod][pid=296] LoadTitleAssets: begin (screenContext=0x03253A50)
[efz_netplay_mod][pid=296] ResolveTitleObjectsPath: searching for title_ob.dat override (moduleDirectory='Z:\mnt\shared\EFZ - Copy\mods\efz_netplay_mod')
[efz_netplay_mod][pid=296] ResolveTitleObjectsPath: [Tier 1 DLL dir] probing 'Z:\mnt\shared\EFZ - Copy\mods\efz_netplay_mod\system\title_ob.dat'
[efz_netplay_mod][pid=296] ResolveTitleObjectsPath: [Tier 1 DLL dir] FOUND — using 'Z:\mnt\shared\EFZ - Copy\mods\efz_netplay_mod\system\title_ob.dat'
[efz_netplay_mod][pid=296] LoadTitleAssets: done bgPalette=1 objPalette=1 transparent=224
[efz_netplay_mod][pid=296] StateExport: heartbeat seq=1 activity=0 menu=0 screen=0 mode=0 phase=0 role=0 side=-1 p1Wins=0 p2Wins=0 ping=-1 delay=-1 local='' p1='' p2='' revival='1.02e' caps=0x21 sessionId=0 setId=0 endReason=0
[efz_netplay_mod][pid=296] NetplayCaseImpl: invoked
[efz_netplay_mod][pid=296] TriggerNetplayMenuEntry: titleSelection=5 screenContext=0x03253A50
[efz_netplay_mod][pid=296] PlayUiSound: sfx=6 gameSystem=0x029D0020
[efz_netplay_mod][pid=296] EnterNetplayMenu: request active=0 skipFadeOut=0
[efz_netplay_mod][pid=296] RunTransitionFadeOut: begin palette=52771454 baseVolume=0 volumeAdjustment=0
[efz_netplay_mod][pid=296] RunTransitionFadeOut: complete result=1
[efz_netplay_mod][pid=296] LoadNetplayAssets: begin (screenContext=0x03253A50)
[efz_netplay_mod][pid=296] ResolveNetplayBackgroundPath: searching for netplay_bg.dat
[efz_netplay_mod][pid=296] ResolveNetplayBackgroundPath: [DLL dir] probing 'Z:\mnt\shared\EFZ - Copy\mods\efz_netplay_mod\assets\netplay_bg.dat'
[efz_netplay_mod][pid=296] ResolveNetplayBackgroundPath: using 'Z:\mnt\shared\EFZ - Copy\mods\efz_netplay_mod\assets\netplay_bg.dat'
[efz_netplay_mod][pid=296] ResolveNetplayObjectsPath: searching for netplay objects
[efz_netplay_mod][pid=296] ResolveNetplayObjectsPath: [DLL dir] probing 'Z:\mnt\shared\EFZ - Copy\mods\efz_netplay_mod\assets\netplay_ob.dat'
[efz_netplay_mod][pid=296] ResolveNetplayObjectsPath: using 'Z:\mnt\shared\EFZ - Copy\mods\efz_netplay_mod\assets\netplay_ob.dat'
[efz_netplay_mod][pid=296] ParseEfzDatImage: parsed 'Z:\mnt\shared\EFZ - Copy\mods\efz_netplay_mod\assets\netplay_ob.dat' size=154370 firstByte=255 headerOffset=766 width=320 height=480 transparentSrc=20 hasTransparent=1 method=near_magenta exact=0 near=1
[efz_netplay_mod][pid=296] LoadNetplayAssets: derived source transparent index=20 from netplay_ob.dat
[efz_netplay_mod][pid=296] LoadNetplayAssets: derived netplay_ob layout srcY[261..387] dstY[95..221] rowH=14 width=320
[efz_netplay_mod][pid=296] LoadNetplayAssets: forcing transparent color=213 (src=20 + offset=193)
[efz_netplay_mod][pid=296] LoadNetplayAssets: done bg='Z:\mnt\shared\EFZ - Copy\mods\efz_netplay_mod\assets\netplay_bg.dat' obj='Z:\mnt\shared\EFZ - Copy\mods\efz_netplay_mod\assets\netplay_ob.dat' (palette bg=1 obj=1 transparent=213)
[efz_netplay_mod][pid=296] LoadNetplayAssets: object profile colorOffset=193 paletteStart=193 paletteCount=48 configStyle=1 optionCount=5 backIndex=4
[efz_netplay_mod][pid=296] LoadNetplaySpriteFont: no sprite font map found (runtime text disabled)
[efz_netplay_mod][pid=296] LoadNetplayAssets: sprite font unavailable, using object-sheet-only rendering
[efz_netplay_mod][pid=296] LoadNetplayMenuSettingsFromIni: loaded Network.Name='Aquatic_mod'
[efz_netplay_mod][pid=296] LoadNetplayMenuSettingsFromIni: loaded Network.Port=10800
[efz_netplay_mod][pid=296] ResetTitleMenuState: selection=0 menuState=0 initState=0 exitState=0
[efz_netplay_mod][pid=296] NetplayMenuSwitch: menu=Main selection=0 count=5 row=0(ROW_HOST) entry=HOST
[efz_netplay_mod][pid=296] InstallNetplayWindowHook: hwnd=0x0001005A originalProc=0x79B8C600
[efz_netplay_mod][pid=296] RunTransitionFadeIn: begin palette=52771454
[efz_netplay_mod][pid=296] RunTransitionFadeIn: complete result=1
[efz_netplay_mod][pid=296] EnterNetplayMenu: active menu=Main selection=0 bgmTrack=8 configStyle=1 optionCount=5 backIndex=4 skipFadeOut=0
[efz_netplay_mod][pid=296] HookedTitleUpdateImpl: title confirm edge selection=0
[efz_netplay_mod][pid=296] Takeover: host revival base=0x753C0000
[efz_netplay_mod][pid=296] StateExport: flow menu=0->1 charsel=0->0 match=0->0 screen=0 mode=0 phase=0 role=0 p1Wins=0 p2Wins=0
[efz_netplay_mod][pid=296] StateExport: activity 0->1 screen=0 mode=0 phase=0 role=0 side=-1 p1='' p2='' caps=0xB1 sessionId=0 setId=0 seq=366
[efz_netplay_mod][pid=296] NetplayInput: P1(h=0 v=0 c=0 b=0) P2(h=0 v=0 c=0 b=0)
[efz_netplay_mod][pid=296] NetplayFrame: updates=1 menu=Main selection=0 row=0(ROW_HOST) inactivity=0 slide=0 nativeSlideRaw=0 nativeSlideScaled=0
[efz_netplay_mod][pid=296] NetplayInput: P1(h=0 v=1 c=0 b=0) P2(h=0 v=0 c=0 b=0)
[efz_netplay_mod][pid=296] PlayUiSound: sfx=8 gameSystem=0x029D0020
[efz_netplay_mod][pid=296] NetplaySelection: player=0 menu=Main from=0 to=1 row=1(ROW_JOIN) label=JOIN inputV=1
[efz_netplay_mod][pid=296] NetplayInput: P1(h=0 v=0 c=0 b=0) P2(h=0 v=0 c=0 b=0)
[efz_netplay_mod][pid=296] NetplayInput: P1(h=0 v=1 c=0 b=0) P2(h=0 v=0 c=0 b=0)
[efz_netplay_mod][pid=296] PlayUiSound: sfx=8 gameSystem=0x029D0020
[efz_netplay_mod][pid=296] NetplaySelection: player=0 menu=Main from=1 to=2 row=5(ROW_RESERVED5) label=LOBBY inputV=1
[efz_netplay_mod][pid=296] NetplayInput: P1(h=0 v=0 c=0 b=0) P2(h=0 v=0 c=0 b=0)
[efz_netplay_mod][pid=296] NetplayInput: P1(h=0 v=0 c=1 b=0) P2(h=0 v=0 c=0 b=0)
[efz_netplay_mod][pid=296] PlayUiSound: sfx=6 gameSystem=0x029D0020
[efz_netplay_mod][pid=296] NetplayConfirm: player=0 menu=Main selection=2 row=5(ROW_RESERVED5) label=LOBBY action=OpenLobby
[efz_netplay_mod][pid=296] NetplayAction: menu=Main selection=2 row=5(ROW_RESERVED5) action=OpenLobby
[efz_netplay_mod][pid=296] NetplaySlide(native): start from=Main(2) to=Lobby(0) dir=1
[efz_netplay_mod][pid=296] SwitchToMenu: entering Lobby, creating session for 'Aquatic_mod' port=10800
[efz_netplay_mod][pid=296] LobbySession::PollThread: entering
[efz_netplay_mod][pid=296] LobbySession: started for nickname='Aquatic_mod'
[efz_netplay_mod][pid=296] NetplayMenuSwitch: menu=Lobby selection=0 count=1 row=7(ROW_RETURN) entry=BACK
[efz_netplay_mod][pid=296] LobbySession: detected Wine/Proton; auto enabling ForceEmbeddedTls=1
[efz_netplay_mod][pid=296] LobbySession: endpoint config override=0 baseUrl='' proxyOverride=0 proxyBaseUrl='' forceWinInet=0 forceEmbeddedTls=1 tlsVerify=0 embeddedAvailable=1
[efz_netplay_mod][pid=296] NetplaySlide(native): complete menu=Lobby selection=0
[efz_netplay_mod][pid=296] AcquireMenuDrawSurfaceLock: locked backbuffer surface (surface=0x01671E90 size=640x480 pitch=640)
[efz_netplay_mod][pid=296] AcquireMenuDrawSurfaceLock: backbuffer surface details size=640x480 pitch=640 (lockW=0 lockH=480)
[efz_netplay_mod][pid=296] OverlayTextPalette: selected=224 rgb=(255,255,255) normal=217 rgb=(160,160,160) transparent=213
[efz_netplay_mod][pid=296] NetplayInput: P1(h=0 v=0 c=0 b=0) P2(h=0 v=0 c=0 b=0)
[efz_netplay_mod][pid=296] NetplayFrame: updates=93 menu=Lobby selection=0 row=7(ROW_RETURN) inactivity=9 slide=0 nativeSlideRaw=0 nativeSlideScaled=0
[efz_netplay_mod][pid=296] LobbySession::DoHttpGet: backend=EmbeddedTLS endpoint=primary verify=0
[efz_netplay_mod][pid=296] LobbySession::DoJoin: response='{"alias":"EFZ","challenges":[],"id":4877,"idle":[["Aquatic_mod",1]],"msg":1,"playing":[],"secret":9417,"status":"OK","type":"Private"}
'
[efz_netplay_mod][pid=296] LobbySession::PollThread: joined lobby id=4877 playerId=1
[efz_netplay_mod][pid=296] HookedTitleUpdateImpl: calls=300 netplayActive=1
[efz_netplay_mod][pid=296] StateExport: heartbeat seq=600 activity=1 menu=1 screen=0 mode=0 phase=0 role=0 side=-1 p1Wins=0 p2Wins=0 ping=-1 delay=-1 local='' p1='' p2='' revival='1.02e' caps=0xB1 sessionId=0 setId=0 endReason=0
[efz_netplay_mod][pid=296] LobbySession::DiscoverPublicIp: resolved=91.214.211.2
[efz_netplay_mod][pid=296] LobbySession::DoPollStatus: response='{"alias":"EFZ","challenges":[],"id":4877,"idle":[["Aquatic_mod",1]],"msg":"OK","playing":[],"status":"OK"}
'
[efz_netplay_mod][pid=296] NetplayFrame: updates=221 menu=Lobby selection=0 row=6(ROW_RESERVED6) inactivity=137 slide=0 nativeSlideRaw=0 nativeSlideScaled=0
[efz_netplay_mod][pid=296] LobbySession::DoPollStatus: response='{"alias":"EFZ","challenges":[],"id":4877,"idle":[["Aquatic_mod",1]],"msg":"OK","playing":[],"status":"OK"}
'
[efz_netplay_mod][pid=296] NetplayFrame: updates=349 menu=Lobby selection=0 row=6(ROW_RESERVED6) inactivity=265 slide=0 nativeSlideRaw=0 nativeSlideScaled=0
[efz_netplay_mod][pid=296] LobbySession::DoPollStatus: response='{"alias":"EFZ","challenges":[],"id":4877,"idle":[["Aquatic_mod",1]],"msg":"OK","playing":[],"status":"OK"}
'
[efz_netplay_mod][pid=296] TICK_HOOK: heartbeat frameTick=600 session=0x01664910 exeECX=0x03253A50 match=0
[efz_netplay_mod][pid=296] HookedTitleUpdateImpl: calls=600 netplayActive=1
[efz_netplay_mod][pid=296] StateExport: heartbeat seq=1200 activity=1 menu=1 screen=0 mode=0 phase=0 role=0 side=-1 p1Wins=0 p2Wins=0 ping=-1 delay=-1 local='' p1='' p2='' revival='1.02e' caps=0xB1 sessionId=0 setId=0 endReason=0
[efz_netplay_mod][pid=296] NetplayFrame: updates=477 menu=Lobby selection=0 row=6(ROW_RESERVED6) inactivity=393 slide=0 nativeSlideRaw=0 nativeSlideScaled=0
[efz_netplay_mod][pid=296] LobbySession::DoPollStatus: response='{"alias":"EFZ","challenges":[],"id":4877,"idle":[["Aquatic_mod",1]],"msg":"OK","playing":[],"status":"OK"}
'
[efz_netplay_mod][pid=296] LobbySession::DoPollStatus: response='{"alias":"EFZ","challenges":[],"id":4877,"idle":[["Aquatic_mod",1],["Aquatic",2]],"msg":"OK","playing":[],"status":"OK"}
'
[efz_netplay_mod][pid=296] NetplayFrame: updates=605 menu=Lobby selection=0 row=6(ROW_RESERVED6) inactivity=521 slide=0 nativeSlideRaw=0 nativeSlideScaled=0
[efz_netplay_mod][pid=296] LobbySession::DoPollStatus: response='{"alias":"EFZ","challenges":[],"id":4877,"idle":[["Aquatic_mod",1],["Aquatic",2]],"msg":"OK","playing":[],"status":"OK"}
'
[efz_netplay_mod][pid=296] HookedTitleUpdateImpl: calls=900 netplayActive=1
[efz_netplay_mod][pid=296] StateExport: heartbeat seq=1800 activity=1 menu=1 screen=0 mode=0 phase=0 role=0 side=-1 p1Wins=0 p2Wins=0 ping=-1 delay=-1 local='' p1='' p2='' revival='1.02e' caps=0xB1 sessionId=0 setId=0 endReason=0
[efz_netplay_mod][pid=296] NetplayFrame: updates=733 menu=Lobby selection=0 row=6(ROW_RESERVED6) inactivity=649 slide=0 nativeSlideRaw=0 nativeSlideScaled=0
[efz_netplay_mod][pid=296] LobbySession::DoPollStatus: response='{"alias":"EFZ","challenges":[["Aquatic",2,"91.214.211.2:10800"]],"id":4877,"idle":[["Aquatic_mod",1],["Aquatic",2]],"msg":"OK","playing":[],"status":"OK"}
'
[efz_netplay_mod][pid=296] NetplayFrame: updates=861 menu=Lobby selection=0 row=6(ROW_RESERVED6) inactivity=777 slide=0 nativeSlideRaw=0 nativeSlideScaled=0
[efz_netplay_mod][pid=296] LobbySession::DoPollStatus: response='{"alias":"EFZ","challenges":[["Aquatic",2,"91.214.211.2:10800"]],"id":4877,"idle":[["Aquatic_mod",1],["Aquatic",2]],"msg":"OK","playing":[],"status":"OK"}
'
[efz_netplay_mod][pid=296] NetplayFrame: updates=989 menu=Lobby selection=0 row=6(ROW_RESERVED6) inactivity=905 slide=0 nativeSlideRaw=0 nativeSlideScaled=0
[efz_netplay_mod][pid=296] TICK_HOOK: heartbeat frameTick=1200 session=0x01664910 exeECX=0x03253A50 match=0
[efz_netplay_mod][pid=296] HookedTitleUpdateImpl: calls=1200 netplayActive=1
[efz_netplay_mod][pid=296] StateExport: heartbeat seq=2400 activity=1 menu=1 screen=0 mode=0 phase=0 role=0 side=-1 p1Wins=0 p2Wins=0 ping=-1 delay=-1 local='' p1='' p2='' revival='1.02e' caps=0xB1 sessionId=0 setId=0 endReason=0
[efz_netplay_mod][pid=296] LobbySession::DoPollStatus: response='{"alias":"EFZ","challenges":[["Aquatic",2,"91.214.211.2:10800"]],"id":4877,"idle":[["Aquatic_mod",1],["Aquatic",2]],"msg":"OK","playing":[],"status":"OK"}
'
[efz_netplay_mod][pid=296] NetplayFrame: updates=1117 menu=Lobby selection=0 row=6(ROW_RESERVED6) inactivity=1033 slide=0 nativeSlideRaw=0 nativeSlideScaled=0
[efz_netplay_mod][pid=296] LobbySession::DoPollStatus: response='{"alias":"EFZ","challenges":[["Aquatic",2,"91.214.211.2:10800"]],"id":4877,"idle":[["Aquatic_mod",1],["Aquatic",2]],"msg":"OK","playing":[],"status":"OK"}
'
[efz_netplay_mod][pid=296] LobbySession::DoPollStatus: response='{"alias":"EFZ","challenges":[["Aquatic",2,"91.214.211.2:10800"]],"id":4877,"idle":[["Aquatic_mod",1],["Aquatic",2]],"msg":"OK","playing":[],"status":"OK"}
'
[efz_netplay_mod][pid=296] NetplayFrame: updates=1245 menu=Lobby selection=0 row=6(ROW_RESERVED6) inactivity=1161 slide=0 nativeSlideRaw=0 nativeSlideScaled=0
[efz_netplay_mod][pid=296] HookedTitleUpdateImpl: calls=1500 netplayActive=1
[efz_netplay_mod][pid=296] StateExport: heartbeat seq=3000 activity=1 menu=1 screen=0 mode=0 phase=0 role=0 side=-1 p1Wins=0 p2Wins=0 ping=-1 delay=-1 local='' p1='' p2='' revival='1.02e' caps=0xB1 sessionId=0 setId=0 endReason=0
[efz_netplay_mod][pid=296] LobbySession::DoPollStatus: response='{"alias":"EFZ","challenges":[["Aquatic",2,"91.214.211.2:10800"]],"id":4877,"idle":[["Aquatic_mod",1],["Aquatic",2]],"msg":"OK","playing":[],"status":"OK"}
'
[efz_netplay_mod][pid=296] NetplayFrame: updates=1372 menu=Lobby selection=0 row=6(ROW_RESERVED6) inactivity=1288 slide=0 nativeSlideRaw=0 nativeSlideScaled=0
[efz_netplay_mod][pid=296] LobbySession::DoPollStatus: response='{"alias":"EFZ","challenges":[["Aquatic",2,"91.214.211.2:10800"]],"id":4877,"idle":[["Aquatic_mod",1],["Aquatic",2]],"msg":"OK","playing":[],"status":"OK"}
'
[efz_netplay_mod][pid=296] NetplayInput: P1(h=0 v=0 c=1 b=0) P2(h=0 v=0 c=0 b=0)
[efz_netplay_mod][pid=296] PlayUiSound: sfx=6 gameSystem=0x029D0020
[efz_netplay_mod][pid=296] NetplayConfirm: player=0 menu=Lobby selection=0 row=6(ROW_RESERVED6) label=LOBBY_SLOT action=LobbySlot0
[efz_netplay_mod][pid=296] NetplayAction: menu=Lobby selection=0 row=6(ROW_RESERVED6) action=LobbySlot0
[efz_netplay_mod][pid=296] LobbyAccept: accepting challenge from 'Aquatic' id=2 ip=91.214.211.2:10800 addr=91.214.211.2 port=10800
[efz_netplay_mod][pid=296] SessionBridge: StartSession role=1 port=10800 address='91.214.211.2' nickname='Aquatic_mod'
[efz_netplay_mod][pid=296] LobbySession: processing pre_accept challenger=2
[efz_netplay_mod][pid=296] Takeover: StartSession role=1 port=10800 address='91.214.211.2' nickname='Aquatic_mod'
[efz_netplay_mod][pid=296] DIAG[StartSession_entry]: dllExitPatchesSaved=0 tournamentPatchesSaved=0 renderContextSaved=0 savedRenderCtx=0x00000000
[efz_netplay_mod][pid=296] JoiningOverlay: activated  target=91.214.211.2:10800
[efz_netplay_mod][pid=296] DIAG[StartSession_entry]: dllBase=0x753C0000 roleFlag=2 sessionPtr=0x01664910 renderCtx=0x79C26BC8 globalState=0x029D0020
[efz_netplay_mod][pid=296] DIAG[StartSession_entry]: session vtable=0x75450404 initComplete=1952538488 activePlayer=0
[efz_netplay_mod][pid=296] DIAG[StartSession_entry]: exitPatch[0] RVA=0x7909D byte=0x74 expected=0x74
[efz_netplay_mod][pid=296] DIAG[StartSession_entry]: exitPatch[1] RVA=0x7215D byte=0x75 expected=0x75
[efz_netplay_mod][pid=296] DIAG[StartSession_entry]: exitPatch[2] RVA=0x7231F byte=0x74 expected=0x74
[efz_netplay_mod][pid=296] DIAG[StartSession_entry]: nearJccPatch[0] RVA=0x7251B bytes=0F 84
[efz_netplay_mod][pid=296] DIAG[StartSession_entry]: nearJccPatch[1] RVA=0x7252E bytes=0F 84
[efz_netplay_mod][pid=296] DIAG[StartSession_entry]: nearJccPatch[2] RVA=0x742E1 bytes=0F 84
[efz_netplay_mod][pid=296] StateExport: new session sessionId=1
[efz_netplay_mod][pid=296] StateExport: nicknames local=''->'Aquatic_mod' p1=''->'' p2=''->'' seq=3288
[efz_netplay_mod][pid=296] DIAG[StartSession_entry]: nearJccPatch[3] RVA=0x742F4 bytes=0F 84
[efz_netplay_mod][pid=296] DIAG[StartSession_entry]: nearJccPatch[4] RVA=0x74301 bytes=0F 84
[efz_netplay_mod][pid=296] DIAG[StartSession_entry]: localRoleFlag=2 localInitApplied=0 exitIntercepted=0 exitMode=-1 frameHookInstalled=1 frameRecoveryPending=0 forceLocalPlayInitCount=0
[efz_netplay_mod][pid=296] DIAG[StartSession_entry]: revivalProcess=0x00000000 revivalPid=0 lastValidatedSession=0x01664910 lastSessionPtrOffset=0xA02CC
[efz_netplay_mod][pid=296] Takeover: host revival base=0x753C0000
[efz_netplay_mod][pid=296] SaveRenderContext: saved EfzRender* 0x79C26BC8 from offset 0xA0778 initOnceGuard=0x00000101 (H2: guard SET — init() will NOT refresh renderCtx)
[efz_netplay_mod][pid=296] Takeover: phase Idle -> Connecting reason=''
[efz_netplay_mod][pid=296] TICK_HOOK: *** ECX MISMATCH *** frameTick=1 exeECX=0x03253A50 dllSession=0x01664910 — overriding ECX with current session
[efz_netplay_mod][pid=296] TICK_HOOK: current session vtable=0x75450404 (RVA=0x90404)
[efz_netplay_mod][pid=296] DIAG[tick_ecx_mismatch]: dllExitPatchesSaved=0 tournamentPatchesSaved=0 renderContextSaved=1 savedRenderCtx=0x79C26BC8
[efz_netplay_mod][pid=296] DIAG[tick_ecx_mismatch]: dllBase=0x753C0000 roleFlag=2 sessionPtr=0x01664910 renderCtx=0x79C26BC8 globalState=0x029D0020
[efz_netplay_mod][pid=296] DIAG[tick_ecx_mismatch]: session vtable=0x75450404 initComplete=1952538488 activePlayer=0
[efz_netplay_mod][pid=296] DIAG[tick_ecx_mismatch]: exitPatch[0] RVA=0x7909D byte=0x74 expected=0x74
[efz_netplay_mod][pid=296] DIAG[tick_ecx_mismatch]: exitPatch[1] RVA=0x7215D byte=0x75 expected=0x75
[efz_netplay_mod][pid=296] DIAG[tick_ecx_mismatch]: exitPatch[2] RVA=0x7231F byte=0x74 expected=0x74
[efz_netplay_mod][pid=296] DIAG[tick_ecx_mismatch]: nearJccPatch[0] RVA=0x7251B bytes=0F 84
[efz_netplay_mod][pid=296] DIAG[tick_ecx_mismatch]: nearJccPatch[1] RVA=0x7252E bytes=0F 84
[efz_netplay_mod][pid=296] DIAG[tick_ecx_mismatch]: nearJccPatch[2] RVA=0x742E1 bytes=0F 84
[efz_netplay_mod][pid=296] DIAG[tick_ecx_mismatch]: nearJccPatch[3] RVA=0x742F4 bytes=0F 84
[efz_netplay_mod][pid=296] DIAG[tick_ecx_mismatch]: nearJccPatch[4] RVA=0x74301 bytes=0F 84
[efz_netplay_mod][pid=296] DIAG[tick_ecx_mismatch]: localRoleFlag=2 localInitApplied=0 exitIntercepted=0 exitMode=-1 frameHookInstalled=1 frameRecoveryPending=0 forceLocalPlayInitCount=0
[efz_netplay_mod][pid=296] DIAG[tick_ecx_mismatch]: revivalProcess=0x00000000 revivalPid=0 lastValidatedSession=0x00000000 lastSessionPtrOffset=0x0
[efz_netplay_mod][pid=296] TICK_HOOK: heartbeat frameTick=1 session=0x01664910 exeECX=0x03253A50 match=0
[efz_netplay_mod][pid=296] Takeover: WriteIni path='Z:\mnt\shared\EFZ - Copy\EfzRevival.ini' existed=1 role=1 port=10800 nickname='Aquatic_mod' address='91.214.211.2' result=1 (updated keys: Network.Name, Network.Port)
[efz_netplay_mod][pid=296] NetplayInput: P1(h=0 v=0 c=0 b=0) P2(h=0 v=0 c=0 b=0)
[efz_netplay_mod][pid=296] Takeover [Wine]: spawned EfzRevival suspended pid=360 (DLL override active)
[efz_netplay_mod][pid=296] Takeover: created kill-on-close job object handle=00000158
[efz_netplay_mod][pid=296] Takeover: assigned pid=360 to kill-on-close job
[efz_netplay_mod][pid=296] Takeover [Wine]: injecting via CreateRemoteThread(LoadLibraryA)
[efz_netplay_mod][pid=296] Takeover: injected self module base=0x75730000
[efz_netplay_mod] logger initialized
[efz_netplay_mod][pid=360] CrashHandler: installed (mode=injected_takeover dir='Z:\mnt\shared\EFZ - Copy\mods\efz_netplay_mod' vectored=00CD0B18)
[efz_netplay_mod][pid=360] Module attached in EfzRevival.exe (injected takeover mode)
[efz_netplay_mod][pid=360] DetectRevivalVersion: EfzRevival.dll not loaded — keeping default profile 1.02e
[efz_netplay_mod][pid=360] Takeover: injected initialized ready=1 block=0x00250000 init=0x000000B0 console=0x000000B4 initAddr=0x00000000 hostRevivalBase=0x753C0000
[efz_netplay_mod][pid=296] Takeover: PatchIat target module='efzrevival.exe' base=0x00400000
[efz_netplay_mod][pid=296] Takeover: module 'efzrevival.exe' patched import count=16
[efz_netplay_mod][pid=296] Takeover: PatchIat target module='msvcrt.dll' base=0x7B030000
[efz_netplay_mod][pid=296] Takeover: module 'msvcrt.dll' patched import ReadConsoleA old=0x7BB0E704 new=0x75750AD0
[efz_netplay_mod][pid=296] Takeover: module 'msvcrt.dll' patched import count=6
[efz_netplay_mod][pid=296] Takeover: PatchIat target module='ucrtbase.dll' base=0x7AC40000
[efz_netplay_mod][pid=296] Takeover: module 'ucrtbase.dll' patched import ReadConsoleA old=0x7BB0E704 new=0x75750AD0
[efz_netplay_mod][pid=296] Takeover: module 'ucrtbase.dll' patched import TerminateProcess old=0x7BB0F474 new=0x75750EB0
[efz_netplay_mod][pid=296] Takeover: module 'ucrtbase.dll' patched import count=7
[efz_netplay_mod][pid=296] Takeover: patched import total count=29 modules=3
[efz_netplay_mod][pid=296] Takeover: join clipboard seeded with address '91.214.211.2:10800'
[efz_netplay_mod][pid=296] Takeover: resumed main thread result=1 [Wine]
[efz_netplay_mod][pid=296] Takeover: signaled console script menu=3 primaryLen=3 auxLen=0 auxSerial=0
[efz_netplay_mod][pid=296] Takeover: phase Connecting -> Connecting reason='awaiting handshake'
[efz_netplay_mod][pid=296] Takeover: start session armed (asynchronous handshake via Tick)
[efz_netplay_mod][pid=296] Takeover: connecting diag session=0x01664910 sessionOff=0xA02CC roleFlag=2 ping=-1 delay=0 sync(mode=0 flag1084=0 session=0 flags=0/4 ready=0) src(exe=1 dll=1 roleDll=1 sessDll=1) hits(rc=0 auto=0 cp=0 wpm=0 crt=0)
[efz_netplay_mod][pid=296] Takeover: runtime-ready probe ready=0 source=none localInit=0 prompt=0 input=0 session=0 bind(pid=0 handle=0) syncReady=0 role=2
[efz_netplay_mod][pid=360] nb_stub_ReadConsoleA: served input serial=1 source=injected value='3
'
[efz_netplay_mod][pid=296] NetplayFrame: updates=1500 menu=Lobby selection=0 row=6(ROW_RESERVED6) inactivity=1415 slide=0 nativeSlideRaw=0 nativeSlideScaled=0
[efz_netplay_mod][pid=296] LobbySession::DoPreAccept: challenger=2 response='{"msg":"OK","status":"OK"}
'
[efz_netplay_mod][pid=296] Takeover: late PatchIat retry result=1 attempts=1 success=1 elapsed=511ms
[efz_netplay_mod][pid=296] StateExport: STALL detected — 265 ms since last update (seq=3381 phase=1)
[efz_netplay_mod][pid=296] LobbySession::DoPollStatus: response='{"alias":"EFZ","challenges":[["Aquatic",2,"91.214.211.2:10800"]],"id":4877,"idle":[["Aquatic_mod",1],["Aquatic",2]],"msg":"OK","playing":[],"status":"OK"}
'
[efz_netplay_mod][pid=360] Takeover: capture revival native logs=1 source=ini:Z:\mnt\shared\EFZ - Copy\EfzRevival.ini
[efz_netplay_mod][pid=296] StateExport: STALL detected — 387 ms since last update (seq=3415 phase=1)
[efz_netplay_mod][pid=296] Takeover: connecting diag session=0x01664910 sessionOff=0xA02CC roleFlag=2 ping=-1 delay=0 sync(mode=0 flag1084=0 session=0 flags=0/4 ready=0) src(exe=1 dll=1 roleDll=1 sessDll=1) hits(rc=1 auto=0 cp=0 wpm=0 crt=0)
[efz_netplay_mod][pid=296] StateExport: STALL detected — 303 ms since last update (seq=3473 phase=1)
[efz_netplay_mod][pid=296] NetplayFrame: updates=1569 menu=Lobby selection=0 row=6(ROW_RESERVED6) inactivity=1484 slide=0 nativeSlideRaw=0 nativeSlideScaled=0
[efz_netplay_mod][pid=296] LobbySession::DoPollStatus: response='{"alias":"EFZ","challenges":[["Aquatic",2,"91.214.211.2:10800"]],"id":4877,"idle":[["Aquatic_mod",1],["Aquatic",2]],"msg":"OK","playing":[],"status":"OK"}
'
[efz_netplay_mod][pid=296] StateExport: STALL detected — 282 ms since last update (seq=3503 phase=1)
[efz_netplay_mod][pid=296] Takeover: runtime-ready probe ready=0 source=none localInit=0 prompt=0 input=0 session=0 bind(pid=0 handle=0) syncReady=0 role=2
[efz_netplay_mod][pid=296] HookedTitleUpdateImpl: calls=1800 netplayActive=1
[efz_netplay_mod][pid=296] Takeover: late PatchIat retry result=1 attempts=7 success=7 elapsed=3531ms
[efz_netplay_mod][pid=296] StateExport: STALL detected — 365 ms since last update (seq=3573 phase=1)
[efz_netplay_mod][pid=296] Takeover: connecting diag session=0x01664910 sessionOff=0xA02CC roleFlag=2 ping=-1 delay=0 sync(mode=0 flag1084=0 session=0 flags=0/4 ready=0) src(exe=1 dll=1 roleDll=1 sessDll=1) hits(rc=1 auto=0 cp=0 wpm=0 crt=0)
[efz_netplay_mod][pid=296] LobbySession::DoPollStatus: response='{"alias":"EFZ","challenges":[["Aquatic",2,"91.214.211.2:10800"]],"id":4877,"idle":[["Aquatic_mod",1],["Aquatic",2]],"msg":"OK","playing":[],"status":"OK"}
'
[efz_netplay_mod][pid=296] StateExport: heartbeat seq=3600 activity=1 menu=1 screen=0 mode=2 phase=1 role=0 side=-1 p1Wins=0 p2Wins=0 ping=-1 delay=-1 local='Aquatic_mod' p1='' p2='' revival='1.02e' caps=0xB5 sessionId=1 setId=0 endReason=0
[efz_netplay_mod][pid=296] NetplayFrame: updates=1636 menu=Lobby selection=0 row=6(ROW_RESERVED6) inactivity=1551 slide=0 nativeSlideRaw=0 nativeSlideScaled=0
[efz_netplay_mod][pid=296] StateExport: STALL detected — 276 ms since last update (seq=3633 phase=1)
[efz_netplay_mod][pid=360] Takeover: console prompt detected type=delay serial=1 avg=-1 minPing=-1 maxPing=-1 rec=-1 range=0..20 text='Enter the initial input delay (between ) 0 and 20, none for recommended):'
[efz_netplay_mod][pid=296] Takeover: delay prompt observed promptSerial=1 servedSerial=0 (waiting for init handshake/runtime sync before connected)
[efz_netplay_mod][pid=296] DelayOverlay: activated promptSerial=1 ping=-1 current=0 min=0 max=20 recommended=0 names='' vs ''
[efz_netplay_mod][pid=296] DelaySetupOverlay: notifying lobby — setting inBattle=true (P2P match path)
[efz_netplay_mod][pid=296] LobbySession::NotifyMatchConnected: inBattle=true
[efz_netplay_mod][pid=296] LobbySession: processing deferred accept target=2
[efz_netplay_mod][pid=296] DelayOverlay: pixel draw surface=640x480 pitch=640
[efz_netplay_mod][pid=296] StateExport: STALL detected — 350 ms since last update (seq=3667 phase=1)
[efz_netplay_mod][pid=296] LobbySession::DoAccept: challenger=2 response='{"msg":"OK","status":"OK"}
'
[efz_netplay_mod][pid=296] Takeover: connecting diag session=0x01664910 sessionOff=0xA02CC roleFlag=2 ping=-1 delay=0 sync(mode=0 flag1084=0 session=0 flags=0/4 ready=0) src(exe=1 dll=1 roleDll=1 sessDll=1) hits(rc=1 auto=0 cp=0 wpm=0 crt=0)
[efz_netplay_mod][pid=296] Takeover: runtime-ready probe ready=0 source=none localInit=0 prompt=0 input=0 session=0 bind(pid=0 handle=0) syncReady=0 role=2
[efz_netplay_mod][pid=296] LobbySession::DoPollStatus: response='{"alias":"EFZ","challenges":[],"id":4877,"idle":[],"msg":"OK","playing":[["Aquatic_mod","Aquatic",1,2,"91.214.211.2:10800"]],"status":"OK"}
'
[efz_netplay_mod][pid=296] StateExport: STALL detected — 336 ms since last update (seq=3729 phase=1)
[efz_netplay_mod][pid=296] NetplayFrame: updates=1697 menu=Lobby selection=0 row=6(ROW_RESERVED6) inactivity=1612 slide=0 nativeSlideRaw=0 nativeSlideScaled=0
[efz_netplay_mod][pid=296] Takeover: late PatchIat retry result=1 attempts=13 success=13 elapsed=6553ms
[efz_netplay_mod][pid=296] StateExport: STALL detected — 251 ms since last update (seq=3755 phase=1)
[efz_netplay_mod][pid=296] StateExport: STALL detected — 375 ms since last update (seq=3831 phase=1)
[efz_netplay_mod][pid=296] LobbySession::DoPollStatus: response='{"alias":"EFZ","challenges":[],"id":4877,"idle":[],"msg":"OK","playing":[["Aquatic_mod","Aquatic",1,2,"91.214.211.2:10800"]],"status":"OK"}
'
[efz_netplay_mod][pid=296] Takeover: connecting diag session=0x01664910 sessionOff=0xA02CC roleFlag=2 ping=-1 delay=0 sync(mode=0 flag1084=0 session=0 flags=0/4 ready=0) src(exe=1 dll=1 roleDll=1 sessDll=1) hits(rc=1 auto=0 cp=0 wpm=0 crt=0)
[efz_netplay_mod][pid=296] NetplayFrame: updates=1765 menu=Lobby selection=0 row=6(ROW_RESERVED6) inactivity=1680 slide=0 nativeSlideRaw=0 nativeSlideScaled=0
[efz_netplay_mod][pid=296] StateExport: STALL detected — 292 ms since last update (seq=3889 phase=1)
[efz_netplay_mod][pid=296] Takeover: runtime-ready probe ready=0 source=none localInit=0 prompt=0 input=0 session=0 bind(pid=0 handle=0) syncReady=0 role=2
[efz_netplay_mod][pid=296] StateExport: STALL detected — 352 ms since last update (seq=3921 phase=1)
[efz_netplay_mod][pid=296] LobbySession::DoPollStatus: response='{"alias":"EFZ","challenges":[],"id":4877,"idle":[["Player",3]],"msg":"OK","playing":[["Aquatic_mod","Aquatic",1,2,"91.214.211.2:10800"]],"status":"OK"}
'
[efz_netplay_mod][pid=296] Takeover: late PatchIat retry result=1 attempts=19 success=19 elapsed=9574ms
[efz_netplay_mod][pid=296] Takeover: connecting diag session=0x01664910 sessionOff=0xA02CC roleFlag=2 ping=-1 delay=0 sync(mode=0 flag1084=0 session=0 flags=0/4 ready=0) src(exe=1 dll=1 roleDll=1 sessDll=1) hits(rc=1 auto=0 cp=0 wpm=0 crt=0)
[efz_netplay_mod][pid=296] StateExport: STALL detected — 347 ms since last update (seq=3983 phase=1)
[efz_netplay_mod][pid=296] NetplayFrame: updates=1824 menu=Lobby selection=0 row=6(ROW_RESERVED6) inactivity=1739 slide=0 nativeSlideRaw=0 nativeSlideScaled=0
[efz_netplay_mod][pid=296] LobbySession::DoPollStatus: response='{"alias":"EFZ","challenges":[],"id":4877,"idle":[["Player",3]],"msg":"OK","playing":[["Aquatic_mod","Aquatic",1,2,"91.214.211.2:10800"]],"status":"OK"}
'
[efz_netplay_mod][pid=296] StateExport: STALL detected — 274 ms since last update (seq=4043 phase=1)
[efz_netplay_mod][pid=296] StateExport: STALL detected — 376 ms since last update (seq=4079 phase=1)
[efz_netplay_mod][pid=296] Takeover: connecting diag session=0x01664910 sessionOff=0xA02CC roleFlag=2 ping=-1 delay=0 sync(mode=0 flag1084=0 session=0 flags=0/4 ready=0) src(exe=1 dll=1 roleDll=1 sessDll=1) hits(rc=1 auto=0 cp=0 wpm=0 crt=0)
[efz_netplay_mod][pid=296] Takeover: runtime-ready probe ready=0 source=none localInit=0 prompt=0 input=0 session=0 bind(pid=0 handle=0) syncReady=0 role=2
[efz_netplay_mod][pid=296] NetplayFrame: updates=1890 menu=Lobby selection=0 row=6(ROW_RESERVED6) inactivity=1805 slide=0 nativeSlideRaw=0 nativeSlideScaled=0
[efz_netplay_mod][pid=296] Takeover: late PatchIat retry result=1 attempts=25 success=25 elapsed=12593ms
[efz_netplay_mod][pid=296] StateExport: STALL detected — 308 ms since last update (seq=4137 phase=1)
[efz_netplay_mod][pid=296] LobbySession::DoPollStatus: response='{"alias":"EFZ","challenges":[],"id":4877,"idle":[["Player",3]],"msg":"OK","playing":[["Aquatic_mod","Aquatic",1,2,"91.214.211.2:10800"]],"status":"OK"}
'
[efz_netplay_mod][pid=296] StateExport: STALL detected — 303 ms since last update (seq=4167 phase=1)
[efz_netplay_mod][pid=296] HookedTitleUpdateImpl: calls=2100 netplayActive=1
[efz_netplay_mod][pid=296] StateExport: STALL detected — 254 ms since last update (seq=4197 phase=1)
[efz_netplay_mod][pid=296] StateExport: heartbeat seq=4200 activity=1 menu=1 screen=0 mode=2 phase=1 role=0 side=-1 p1Wins=0 p2Wins=0 ping=-1 delay=-1 local='Aquatic_mod' p1='' p2='' revival='1.02e' caps=0xB5 sessionId=1 setId=0 endReason=0
[efz_netplay_mod][pid=296] Takeover: connecting diag session=0x01664910 sessionOff=0xA02CC roleFlag=2 ping=-1 delay=0 sync(mode=0 flag1084=0 session=0 flags=0/4 ready=0) src(exe=1 dll=1 roleDll=1 sessDll=1) hits(rc=1 auto=0 cp=0 wpm=0 crt=0)
[efz_netplay_mod][pid=296] StateExport: STALL detected — 371 ms since last update (seq=4233 phase=1)
[efz_netplay_mod][pid=296] NetplayFrame: updates=1949 menu=Lobby selection=0 row=6(ROW_RESERVED6) inactivity=1864 slide=0 nativeSlideRaw=0 nativeSlideScaled=0
[efz_netplay_mod][pid=296] LobbySession::DoPollStatus: response='{"alias":"EFZ","challenges":[],"id":4877,"idle":[["Player",3]],"msg":"OK","playing":[["Aquatic_mod","Aquatic",1,2,"91.214.211.2:10800"]],"status":"OK"}
'
[efz_netplay_mod][pid=296] Takeover: runtime-ready probe ready=0 source=none localInit=0 prompt=0 input=0 session=0 bind(pid=0 handle=0) syncReady=0 role=2
[efz_netplay_mod][pid=296] StateExport: STALL detected — 283 ms since last update (seq=4295 phase=1)
[efz_netplay_mod][pid=296] NetplayInput: P1(h=0 v=0 c=1 b=0) P2(h=0 v=0 c=0 b=0)
[efz_netplay_mod][pid=360] nb_stub_ReadConsoleA: auto input serial=1 source=injected reason=prompt_delay_selected read=128 value='0
' count=1
[efz_netplay_mod][pid=296] Takeover: ApplyInputDelay queued prompt input value=0 promptSerial=1 inputSerial=1
[efz_netplay_mod][pid=296] SessionBridge: ApplyInputDelay value=0 result=1 phase=Connecting
[efz_netplay_mod][pid=296] PlayUiSound: sfx=6 gameSystem=0x029D0020
[efz_netplay_mod][pid=296] DelayOverlay: confirmed player=0 selected=0 recommended=0 min=0 max=20 ping=-1 phase=Connecting syncReady=0
[efz_netplay_mod][pid=296] DelayOverlay: waiting for runtime sync after delay selection phase=Connecting prompt=1/1
[efz_netplay_mod][pid=296] NetplayInput: P1(h=0 v=0 c=0 b=0) P2(h=0 v=0 c=0 b=0)
[efz_netplay_mod][pid=296] Takeover: late PatchIat retry result=1 attempts=31 success=31 elapsed=15616ms
[efz_netplay_mod][pid=296] StateExport: STALL detected — 344 ms since last update (seq=4327 phase=1)
[efz_netplay_mod][pid=296] Takeover: connecting diag session=0x01664910 sessionOff=0xA02CC roleFlag=2 ping=-1 delay=0 sync(mode=0 flag1084=0 session=0 flags=0/4 ready=0) src(exe=1 dll=1 roleDll=1 sessDll=1) hits(rc=2 auto=1 cp=0 wpm=0 crt=0)
[efz_netplay_mod][pid=296] LobbySession::DoPollStatus: response='{"alias":"EFZ","challenges":[],"id":4877,"idle":[["Player",3]],"msg":"OK","playing":[["Aquatic_mod","Aquatic",1,2,"91.214.211.2:10800"]],"status":"OK"}
'
[efz_netplay_mod][pid=296] StateExport: STALL detected — 260 ms since last update (seq=4351 phase=1)
[efz_netplay_mod][pid=296] NetplayFrame: updates=2016 menu=Lobby selection=0 row=6(ROW_RESERVED6) inactivity=1931 slide=0 nativeSlideRaw=0 nativeSlideScaled=0
[efz_netplay_mod][pid=296] StateExport: STALL detected — 340 ms since last update (seq=4389 phase=1)
[efz_netplay_mod][pid=296] StateExport: STALL detected — 255 ms since last update (seq=4415 phase=1)
[efz_netplay_mod][pid=296] LobbySession::DoPollStatus: response='{"alias":"EFZ","challenges":[],"id":4877,"idle":[["Player",3]],"msg":"OK","playing":[["Aquatic_mod","Aquatic",1,2,"91.214.211.2:10800"]],"status":"OK"}
'
[efz_netplay_mod][pid=296] StateExport: STALL detected — 266 ms since last update (seq=4451 phase=1)
[efz_netplay_mod][pid=296] TICK_HOOK: heartbeat frameTick=600 session=0x01664910 exeECX=0x03253A50 match=0
[efz_netplay_mod][pid=360] nb_stub_CreateProcessA: redirected to host pid=296 source=injected
[efz_netplay_mod][pid=360] nb_stub_ReadProcessMemory: spoof addr=0x007871F4 size=4 value=0x4386998F count=1
[efz_netplay_mod][pid=360] nb_stub_CreateRemoteThread: bypass call start=0x7BB0E1C8 call=1 base=0x753C0000
[efz_netplay_mod][pid=296] Takeover: observed takeover create path hits cp=1 wpm=1 crt=1
[efz_netplay_mod][pid=296] Takeover: connecting diag session=0x01664910 sessionOff=0xA02CC roleFlag=2 ping=-1 delay=0 sync(mode=0 flag1084=0 session=0 flags=0/4 ready=0) src(exe=1 dll=1 roleDll=1 sessDll=1) hits(rc=2 auto=1 cp=1 wpm=1 crt=1)
[efz_netplay_mod][pid=296] Takeover: runtime-ready probe ready=0 source=none localInit=0 prompt=0 input=0 session=0 bind(pid=0 handle=0) syncReady=0 role=2
[efz_netplay_mod][pid=360] nb_stub_WriteProcessMemory: observed init write mode=0 magic=102 dst=0x00330000
[efz_netplay_mod][pid=360] nb_stub_WriteProcessMemory: captured init params via write mode=0 magic=102
[efz_netplay_mod][pid=360] nb_stub_CreateRemoteThread: captured init params mode=0 magic=102 start=0x7542E830 call=2
[efz_netplay_mod][pid=296] DIAG[Tick_init_handshake_pre]: dllExitPatchesSaved=0 tournamentPatchesSaved=0 renderContextSaved=1 savedRenderCtx=0x79C26BC8
[efz_netplay_mod][pid=360] Takeover: native workflow event=helper_loaded text='Successfully loaded'
[efz_netplay_mod][pid=296] DIAG[Tick_init_handshake_pre]: dllBase=0x753C0000 roleFlag=2 sessionPtr=0x01664910 renderCtx=0x79C26BC8 globalState=0x029D0020
[efz_netplay_mod][pid=296] DIAG[Tick_init_handshake_pre]: session vtable=0x75450404 initComplete=1952538488 activePlayer=0
[efz_netplay_mod][pid=296] DIAG[Tick_init_handshake_pre]: exitPatch[0] RVA=0x7909D byte=0x74 expected=0x74
[efz_netplay_mod][pid=296] DIAG[Tick_init_handshake_pre]: exitPatch[1] RVA=0x7215D byte=0x75 expected=0x75
[efz_netplay_mod][pid=296] DIAG[Tick_init_handshake_pre]: exitPatch[2] RVA=0x7231F byte=0x74 expected=0x74
[efz_netplay_mod][pid=296] DIAG[Tick_init_handshake_pre]: nearJccPatch[0] RVA=0x7251B bytes=0F 84
[efz_netplay_mod][pid=296] DIAG[Tick_init_handshake_pre]: nearJccPatch[1] RVA=0x7252E bytes=0F 84
[efz_netplay_mod][pid=296] DIAG[Tick_init_handshake_pre]: nearJccPatch[2] RVA=0x742E1 bytes=0F 84
[efz_netplay_mod][pid=296] DIAG[Tick_init_handshake_pre]: nearJccPatch[3] RVA=0x742F4 bytes=0F 84
[efz_netplay_mod][pid=296] DIAG[Tick_init_handshake_pre]: nearJccPatch[4] RVA=0x74301 bytes=0F 84
[efz_netplay_mod][pid=296] DIAG[Tick_init_handshake_pre]: localRoleFlag=2 localInitApplied=0 exitIntercepted=0 exitMode=-1 frameHookInstalled=1 frameRecoveryPending=0 forceLocalPlayInitCount=0
[efz_netplay_mod][pid=296] DIAG[Tick_init_handshake_pre]: revivalProcess=0x00000164 revivalPid=360 lastValidatedSession=0x01664910 lastSessionPtrOffset=0xA02CC
[efz_netplay_mod][pid=296] Takeover: init handshake observed (deferred) mode=0 magic=102 serial=3
[efz_netplay_mod][pid=296] INIT_SNAP[Tick_init_pre]: roleFlag=2 sessionPtr=0x01664910 initFlag=0 initByte=0x00 renderCtx=0x79C26BC8 renderCtxBase=0x00000000 initOnceGuard=0x00000101 timerPtr=0x79C26AD0 globalStatePtr=0x029D0020
[efz_netplay_mod][pid=296] INIT_SNAP[Tick_init_pre]: roleFlag[1]=0xA05F0 val=1967518556
[efz_netplay_mod][pid=296] INIT_SNAP[Tick_init_pre]: roleFlag[2]=0xA15FC val=0
[efz_netplay_mod][pid=296] INIT_SNAP[Tick_init_pre]: sessionPtr[1]=0xA02EC val=0x00000000
[efz_netplay_mod][pid=296] INIT_SNAP[Tick_init_pre]: session vtable=0x75450404 initComplete=1952538488 activePlayer=0 queuePlayer=0 inputDelay=0
[efz_netplay_mod][pid=296] INIT_SNAP[Tick_init_pre]: session currentFrame=-134217728 gameModeSnap=0 matchId=6 sentinel=29801 helperHandle=0x00000000
[efz_netplay_mod][pid=296] INIT_SNAP[Tick_init_pre]: session histPrimary=0x455F4C47 histSecondary=0x745F5458 histPrimaryVec=0x01664C24 histSecondaryVec=0x01664C30
[efz_netplay_mod][pid=296] INIT_SNAP[Tick_init_pre]: session +4=13304013 +8=13107408 +12=2031646 +16=1114144 +36=1
[efz_netplay_mod][pid=296] INIT_SNAP[Tick_init_pre]: g_localRoleFlag=2 g_localInitApplied=0 g_dllExitPatchesSaved=0 g_tournamentPatchesSaved=0 g_renderContextSaved=1 g_savedRenderCtx=0x79C26BC8 g_frameHookInstalled=1 initCount=0
[efz_netplay_mod][pid=296] Tick_init_handshake: DestroyCurrentSession starting session=0x01664910 role=2
[efz_netplay_mod][pid=296] Tick_init_handshake: DestroyCurrentSession vtable=0x75450404 (RVA 0x00090404)
[efz_netplay_mod][pid=296] Tick_init_handshake: DestroyCurrentSession calling dtor vtable[0]=0x753E8B90 session=0x01664910 role=2
[efz_netplay_mod][pid=296] Tick_init_handshake: DestroyCurrentSession destructor completed
[efz_netplay_mod][pid=296] ResetModeConstructorTrampolineCache: cleared 2 entries
[efz_netplay_mod][pid=296] Tick_init_handshake: DestroyCurrentSession done session=0x01664910 role=2 globalsZeroed=2
[efz_netplay_mod][pid=296] Tick_init_handshake: about to save EXE hook bytes before init() mode=0 oldSession=0x01664910
[efz_netplay_mod][pid=296] SaveExeFrameHookBytes: saved 10 bytes at 0x00401582 [E9 B9 F8 25 01 90 90 90 90 90]
[efz_netplay_mod][pid=296] SaveModeCtorOriginalBytesOnce: captured 0x00763E50=[C6 40 2D 00 8B 4D D0] 0x00763F04=[8B 4D D0 C6 41 2D 00]
[efz_netplay_mod][pid=296] RestoreModeCtorOriginalBytes: restored 0x00763E50=[C6 40 2D 00 8B 4D D0] 0x00763F04=[8B 4D D0 C6 41 2D 00]
[efz_netplay_mod][pid=296] ResetModeConstructorTrampolineCache: cleared 2 entries
[efz_netplay_mod][pid=296] Tick_init_handshake: 0x401582 pre-init  [E9 B9 F8 25 01 90 90 90 90 90]
[efz_netplay_mod][pid=296] Tick_init_handshake: calling init(mode=0, magic=102)
[efz_netplay_mod][pid=296] LobbySession::DoPollStatus: response='{"alias":"EFZ","challenges":[],"id":4877,"idle":[["Player",3]],"msg":"OK","playing":[["Aquatic_mod","Aquatic",1,2,"91.214.211.2:10800"]],"status":"OK"}
'
[efz_netplay_mod][pid=296] LobbySession::DoPollStatus: response='{"alias":"EFZ","challenges":[],"id":4877,"idle":[["Player",3]],"msg":"OK","playing":[["Aquatic_mod","Aquatic",1,2,"91.214.211.2:10800"]],"status":"OK"}
'
[efz_netplay_mod][pid=296] LobbySession::DoPollStatus: response='{"alias":"EFZ","challenges":[],"id":4877,"idle":[["Player",3]],"msg":"OK","playing":[["Aquatic_mod","Aquatic",1,2,"91.214.211.2:10800"]],"status":"OK"}
'
[efz_netplay_mod][pid=296] LobbySession::DoPollStatus: response='{"alias":"EFZ","challenges":[],"id":4877,"idle":[["Player",3]],"msg":"OK","playing":[["Aquatic_mod","Aquatic",1,2,"91.214.211.2:10800"]],"status":"OK"}
'
[efz_netplay_mod][pid=296] LobbySession::DoPollStatus: response='{"alias":"EFZ","challenges":[],"id":4877,"idle":[["Player",3]],"msg":"OK","playing":[["Aquatic_mod","Aquatic",1,2,"91.214.211.2:10800"]],"status":"OK"}
'
[efz_netplay_mod][pid=296] Tick_init_handshake: 0x401582 post-init [E9 A1 8D EF 04 90 90 90 90 90]
[efz_netplay_mod][pid=296] Tick_init_handshake: restoring saved EXE hook bytes (mode=0)
[efz_netplay_mod][pid=296] RestoreExeFrameHookBytes: restored 10 bytes at 0x00401582 [E9 B9 F8 25 01 90 90 90 90 90]
[efz_netplay_mod][pid=296] Tick_init_handshake: 0x401582 restored  [E9 B9 F8 25 01 90 90 90 90 90]
[efz_netplay_mod][pid=296] Tick_init_handshake: modeCtorFixup 0x00763E50 tramp=052FA2E8 orig=[C6 40 2D 00 8B 4D D0]
[efz_netplay_mod][pid=296] Tick_init_handshake: modeCtorFixup 0x00763E50 no relative instructions found
[efz_netplay_mod][pid=296] Tick_init_handshake: modeCtorFixup 0x00763F04 tramp=052FA2A8 orig=[8B 4D D0 C6 41 2D 00]
[efz_netplay_mod][pid=296] Tick_init_handshake: modeCtorFixup 0x00763F04 no relative instructions found
[efz_netplay_mod][pid=296] INIT_SNAP[Tick_init_post]: roleFlag=0 sessionPtr=0x053530E8 initFlag=0 initByte=0x00 renderCtx=0x79C26BC8 renderCtxBase=0x00000000 initOnceGuard=0x00000101 timerPtr=0x79C26AD0 globalStatePtr=0x029D0020
[efz_netplay_mod][pid=296] INIT_SNAP[Tick_init_post]: roleFlag[1]=0xA05F0 val=1967518556
[efz_netplay_mod][pid=296] INIT_SNAP[Tick_init_post]: roleFlag[2]=0xA15FC val=0
[efz_netplay_mod][pid=296] INIT_SNAP[Tick_init_post]: sessionPtr[1]=0xA02EC val=0x00000000
[efz_netplay_mod][pid=296] INIT_SNAP[Tick_init_post]: session vtable=0x754502C0 initComplete=0 activePlayer=0 queuePlayer=1 inputDelay=0
[efz_netplay_mod][pid=296] INIT_SNAP[Tick_init_post]: session currentFrame=0 gameModeSnap=0 matchId=0 sentinel=2147482647 helperHandle=0x00000000
[efz_netplay_mod][pid=296] INIT_SNAP[Tick_init_post]: session histPrimary=0x00000000 histSecondary=0x00000000 histPrimaryVec=0x053533FC histSecondaryVec=0x05353408
[efz_netplay_mod][pid=296] INIT_SNAP[Tick_init_post]: session +4=1114728 +8=0 +12=0 +16=0 +36=480
[efz_netplay_mod][pid=296] INIT_SNAP[Tick_init_post]: g_localRoleFlag=0 g_localInitApplied=1 g_dllExitPatchesSaved=0 g_tournamentPatchesSaved=0 g_renderContextSaved=1 g_savedRenderCtx=0x79C26BC8 g_frameHookInstalled=1 initCount=0
[efz_netplay_mod][pid=296] Takeover: local init(mode=0 magic=102) result=2289384 [deferred] oldSession=0x01664910 newSession=0x053530E8
[efz_netplay_mod][pid=296] Takeover: InvokeStartInitPlayer calling sub_10072880 session=0x053530E8 fn=0x75432880 initComplete=0
[efz_netplay_mod][pid=296] LobbySession::DoPollStatus: response='{"alias":"EFZ","challenges":[],"id":4877,"idle":[["Player",3]],"msg":"OK","playing":[["Aquatic_mod","Aquatic",1,2,"91.214.211.2:10800"]],"status":"OK"}
'
[efz_netplay_mod][pid=296] LobbySession::DoPollStatus: response='{"alias":"EFZ","challenges":[],"id":4877,"idle":[["Player",3]],"msg":"OK","playing":[["Aquatic_mod","Aquatic",1,2,"91.214.211.2:10800"]],"status":"OK"}
'
[efz_netplay_mod][pid=296] Takeover: InvokeStartInitPlayer completed session=0x053530E8 initComplete=1 activePlayer=1
[efz_netplay_mod][pid=296] Takeover: netplay role = Client (P2, inputs swapped)
[efz_netplay_mod][pid=296] INIT_SNAP[Tick_startInitPlayer_post]: roleFlag=0 sessionPtr=0x053530E8 initFlag=0 initByte=0x00 renderCtx=0x79C26BC8 renderCtxBase=0x00000000 initOnceGuard=0x00000101 timerPtr=0x79C26AD0 globalStatePtr=0x029D0020
[efz_netplay_mod][pid=296] INIT_SNAP[Tick_startInitPlayer_post]: roleFlag[1]=0xA05F0 val=1967518556
[efz_netplay_mod][pid=296] INIT_SNAP[Tick_startInitPlayer_post]: roleFlag[2]=0xA15FC val=0
[efz_netplay_mod][pid=296] INIT_SNAP[Tick_startInitPlayer_post]: sessionPtr[1]=0xA02EC val=0x00000000
[efz_netplay_mod][pid=296] INIT_SNAP[Tick_startInitPlayer_post]: session vtable=0x754502C0 initComplete=1 activePlayer=1 queuePlayer=0 inputDelay=0
[efz_netplay_mod][pid=296] INIT_SNAP[Tick_startInitPlayer_post]: session currentFrame=0 gameModeSnap=0 matchId=0 sentinel=2147482647 helperHandle=0x000001C8
[efz_netplay_mod][pid=296] INIT_SNAP[Tick_startInitPlayer_post]: session histPrimary=0x05353408 histSecondary=0x053533FC histPrimaryVec=0x053533FC histSecondaryVec=0x05353408
[efz_netplay_mod][pid=296] INIT_SNAP[Tick_startInitPlayer_post]: session +4=0 +8=0 +12=0 +16=0 +36=480
[efz_netplay_mod][pid=296] INIT_SNAP[Tick_startInitPlayer_post]: g_localRoleFlag=0 g_localInitApplied=1 g_dllExitPatchesSaved=0 g_tournamentPatchesSaved=0 g_renderContextSaved=1 g_savedRenderCtx=0x79C26BC8 g_frameHookInstalled=1 initCount=0
[efz_netplay_mod][pid=296] Takeover: InvokeStartInitPlayer result=1 [deferred]
[efz_netplay_mod][pid=296] Takeover: init snapshot step SaveAndApplyDllExitProcessPatches for mode=0 (to be reversed by RestoreDllExitProcessPatches on exit)
[efz_netplay_mod][pid=296] SaveAndApplyDllExitProcessPatches: site 0 RVA 0x7909D: patched 0x74 -> 0xEB
[efz_netplay_mod][pid=296] SaveAndApplyDllExitProcessPatches: site 1 RVA 0x7215D: patched 0x75 -> 0xEB
[efz_netplay_mod][pid=296] SaveAndApplyDllExitProcessPatches: site 2 RVA 0x7231F: patched 0x74 -> 0xEB
[efz_netplay_mod][pid=296] SaveAndApplyDllExitProcessPatches: near-Jcc 0 RVA 0x7251B: patched 0F 84 -> 6xNOP
[efz_netplay_mod][pid=296] SaveAndApplyDllExitProcessPatches: near-Jcc 1 RVA 0x7252E: patched 0F 84 -> 6xNOP
[efz_netplay_mod][pid=296] SaveAndApplyDllExitProcessPatches: near-Jcc 2 RVA 0x742E1: patched 0F 84 -> 6xNOP
[efz_netplay_mod][pid=296] SaveAndApplyDllExitProcessPatches: near-Jcc 3 RVA 0x742F4: patched 0F 84 -> 6xNOP
[efz_netplay_mod][pid=296] SaveAndApplyDllExitProcessPatches: near-Jcc 4 RVA 0x74301: patched 0F 84 -> 6xNOP
[efz_netplay_mod][pid=296] SaveAndApplyDllExitProcessPatches: applied 3/3 single-byte + 5/5 near-Jcc patches
[efz_netplay_mod][pid=296] SaveAndApplyDllExitProcessPatches: all patches verified OK
[efz_netplay_mod][pid=296] Takeover: init snapshot complete for mode=0
[efz_netplay_mod][pid=296] Takeover: post-init session binding mode=0 source=strict session=0x053530E8 pidField=360 expectedPid=360 handle=0x000001C8 handlePid=360 handleExit=259 patched(pid=0 handle=0)
[efz_netplay_mod][pid=296] INIT_SNAP[Tick_initSequence_complete]: roleFlag=0 sessionPtr=0x053530E8 initFlag=0 initByte=0x00 renderCtx=0x79C26BC8 renderCtxBase=0x00000000 initOnceGuard=0x00000101 timerPtr=0x79C26AD0 globalStatePtr=0x029D0020
[efz_netplay_mod][pid=296] INIT_SNAP[Tick_initSequence_complete]: roleFlag[1]=0xA05F0 val=1967518556
[efz_netplay_mod][pid=296] INIT_SNAP[Tick_initSequence_complete]: roleFlag[2]=0xA15FC val=0
[efz_netplay_mod][pid=296] INIT_SNAP[Tick_initSequence_complete]: sessionPtr[1]=0xA02EC val=0x00000000
[efz_netplay_mod][pid=296] INIT_SNAP[Tick_initSequence_complete]: session vtable=0x754502C0 initComplete=1 activePlayer=1 queuePlayer=0 inputDelay=0
[efz_netplay_mod][pid=296] INIT_SNAP[Tick_initSequence_complete]: session currentFrame=0 gameModeSnap=0 matchId=0 sentinel=2147482647 helperHandle=0x000001C8
[efz_netplay_mod][pid=296] INIT_SNAP[Tick_initSequence_complete]: session histPrimary=0x05353408 histSecondary=0x053533FC histPrimaryVec=0x053533FC histSecondaryVec=0x05353408
[efz_netplay_mod][pid=296] INIT_SNAP[Tick_initSequence_complete]: session +4=0 +8=0 +12=0 +16=0 +36=480
[efz_netplay_mod][pid=296] INIT_SNAP[Tick_initSequence_complete]: g_localRoleFlag=0 g_localInitApplied=1 g_dllExitPatchesSaved=1 g_tournamentPatchesSaved=0 g_renderContextSaved=1 g_savedRenderCtx=0x79C26BC8 g_frameHookInstalled=1 initCount=0
[efz_netplay_mod][pid=296] DIAG[Tick_init_handshake_post]: dllExitPatchesSaved=1 tournamentPatchesSaved=0 renderContextSaved=1 savedRenderCtx=0x79C26BC8
[efz_netplay_mod][pid=296] DIAG[Tick_init_handshake_post]: dllBase=0x753C0000 roleFlag=0 sessionPtr=0x053530E8 renderCtx=0x79C26BC8 globalState=0x029D0020
[efz_netplay_mod][pid=296] DIAG[Tick_init_handshake_post]: session vtable=0x754502C0 initComplete=1 activePlayer=1
[efz_netplay_mod][pid=296] DIAG[Tick_init_handshake_post]: exitPatch[0] RVA=0x7909D byte=0xEB expected=0x74
[efz_netplay_mod][pid=296] DIAG[Tick_init_handshake_post]: exitPatch[1] RVA=0x7215D byte=0xEB expected=0x75
[efz_netplay_mod][pid=296] DIAG[Tick_init_handshake_post]: exitPatch[2] RVA=0x7231F byte=0xEB expected=0x74
[efz_netplay_mod][pid=296] DIAG[Tick_init_handshake_post]: nearJccPatch[0] RVA=0x7251B bytes=90 90
[efz_netplay_mod][pid=296] DIAG[Tick_init_handshake_post]: nearJccPatch[1] RVA=0x7252E bytes=90 90
[efz_netplay_mod][pid=296] DIAG[Tick_init_handshake_post]: nearJccPatch[2] RVA=0x742E1 bytes=90 90
[efz_netplay_mod][pid=296] DIAG[Tick_init_handshake_post]: nearJccPatch[3] RVA=0x742F4 bytes=90 90
[efz_netplay_mod][pid=296] DIAG[Tick_init_handshake_post]: nearJccPatch[4] RVA=0x74301 bytes=90 90
[efz_netplay_mod][pid=296] DIAG[Tick_init_handshake_post]: localRoleFlag=0 localInitApplied=1 exitIntercepted=0 exitMode=-1 frameHookInstalled=1 frameRecoveryPending=0 forceLocalPlayInitCount=0
[efz_netplay_mod][pid=296] DIAG[Tick_init_handshake_post]: revivalProcess=0x00000164 revivalPid=360 lastValidatedSession=0x053530E8 lastSessionPtrOffset=0xA02CC
[efz_netplay_mod][pid=296] Takeover: runtime-ready probe ready=1 source=post_delay_binding localInit=1 prompt=1 input=1 session=1 bind(pid=1 handle=1) syncReady=0 role=0
[efz_netplay_mod][pid=296] Takeover: phase Connecting -> DelaySetup reason=''
[efz_netplay_mod][pid=296] Takeover: promoted to delay setup prompt=1/1 ping=0 delay=0
[efz_netplay_mod][pid=296] Takeover: phase DelaySetup -> Connected reason=''
[efz_netplay_mod][pid=296] Takeover: promoted to connected after runtime ready source=post_delay_binding sync=0/0/0 ping=0 delay=0
[efz_netplay_mod][pid=296] StateExport: STALL detected — 12609 ms since last update (seq=4477 phase=3)
[efz_netplay_mod][pid=296] StateExport: network ping=-1->0 delay=-1->0 seq=4478
[efz_netplay_mod][pid=296] NetplayFrame: updates=2071 menu=Lobby selection=0 row=6(ROW_RESERVED6) inactivity=1986 slide=0 nativeSlideRaw=0 nativeSlideScaled=0
[efz_netplay_mod][pid=296] DelayOverlay: connected pre-handoff delay started frames=18 sync(mode=0 flag1084=0 session=0)
[efz_netplay_mod][pid=296] StateExport: nicknames local='Aquatic_mod'->'Aquatic_mod' p1=''->'Aquatic' p2=''->'Aquatic_mod' seq=4479
[efz_netplay_mod][pid=296] StateExport: network ping=0->1 delay=0->0 seq=4480
[efz_netplay_mod][pid=296] NetplayInput: P1(h=0 v=1 c=0 b=0) P2(h=0 v=0 c=0 b=0)
[efz_netplay_mod][pid=296] NetplayInput: P1(h=0 v=0 c=0 b=0) P2(h=0 v=0 c=0 b=0)
[efz_netplay_mod][pid=296] NetplayInput: P1(h=0 v=1 c=0 b=0) P2(h=0 v=0 c=0 b=0)
[efz_netplay_mod][pid=296] NetplayInput: P1(h=0 v=0 c=0 b=0) P2(h=0 v=0 c=0 b=0)
[efz_netplay_mod][pid=296] NetplayInput: P1(h=0 v=0 c=1 b=0) P2(h=0 v=0 c=0 b=0)
[efz_netplay_mod][pid=296] NetplayInput: P1(h=0 v=0 c=0 b=0) P2(h=0 v=0 c=0 b=0)
[efz_netplay_mod][pid=296] DelayOverlay: runtime sync ready after delay selection phase=Connected sync(mode=0 flag1084=0 session=0)
[efz_netplay_mod][pid=296] Takeover: host revival base=0x753C0000
[efz_netplay_mod][pid=296] Takeover: PrepareVsHumanHandoff roleSet=1 syncReady=0 mode=0 flag1084=0 sessionByte=0 flags=0/4 roleFlag=0
[efz_netplay_mod][pid=296] SessionBridge: PrepareVsHumanHandoff result=1 sync(mode=0 flag1084=0 session=0 flags=0/4)
[efz_netplay_mod][pid=296] HandoffConnectedSessionToVsHumanState: begin prepared=1 sync(mode=0 flag1084=0 session=0 flags=0/4 role=0) screen=0 peerAlive=1 PRE_charselect(obj=0x03253EA8 init=1 exit=0 mode=0/4)
[efz_netplay_mod][pid=296] RunTransitionFadeOut: begin palette=52771454 baseVolume=0 volumeAdjustment=0
[efz_netplay_mod][pid=296] RunTransitionFadeOut: complete result=1
[efz_netplay_mod][pid=296] PrepareVsHumanGameState: charselect full reset grid p1(0,0) p2(2,0) color=0/0 (obj=0x03253EA8)
[efz_netplay_mod][pid=296] PrepareVsHumanGameState: mode=4 secondaryMode=4 replaySession=0 rounds=2 cpuFlags=0/0 wins=0/0 match=0 continue=0 stage=0
[efz_netplay_mod][pid=296] StopCurrentBgm: reason=handoff_connected_session gameSystem=0x029D0020 result=1
[efz_netplay_mod][pid=296] RemoveNetplayWindowHook: restored
[efz_netplay_mod][pid=296] StateExport: STALL detected — 336 ms since last update (seq=4497 phase=3)
[efz_netplay_mod][pid=296] StateExport: flow menu=1->0 charsel=0->0 match=0->0 screen=0 mode=2 phase=3 role=2 p1Wins=0 p2Wins=0
[efz_netplay_mod][pid=296] StateExport: activity 1->0 screen=0 mode=2 phase=3 role=2 side=1 p1='Aquatic' p2='Aquatic_mod' caps=0x2D sessionId=1 setId=0 seq=4498
[efz_netplay_mod][pid=296] HandoffConnectedSessionToVsHumanState: queued global transition nextState=1 returnToNetplay=1 POST_charselect(init=1 exit=0 mode=4/4)
[efz_netplay_mod][pid=296] NetplayTransition: returning global state=1 from netplay menu
[efz_netplay_mod][pid=296] StateExport: charsel p1CharId=255->6 locked=0->0 p2CharId=255->4 locked=0->0 cursor=4 seq=4499
[efz_netplay_mod][pid=296] StateExport: flow menu=0->0 charsel=0->1 match=0->0 screen=1 mode=2 phase=3 role=2 p1Wins=0 p2Wins=0
[efz_netplay_mod][pid=296] StateExport: activity 0->4 screen=1 mode=2 phase=3 role=2 side=1 p1='Aquatic' p2='Aquatic_mod' caps=0x1ED sessionId=1 setId=0 seq=4499
[efz_netplay_mod][pid=296] StateExport:   charsel p1CharId=6 p2CharId=4 p1Locked=0 p2Locked=0 cursorChar=4
[efz_netplay_mod][pid=296] SCREEN_MONITOR: index 0 -> 1 tick=612 mode=4/4 screenObj=0x03253EA8 charselect(init=1 exit=0 obj=0x03253EA8)
[efz_netplay_mod][pid=296] LobbySession::DoPollStatus: response='{"alias":"EFZ","challenges":[],"id":4877,"idle":[["Player",3]],"msg":"OK","playing":[["Aquatic_mod","Aquatic",1,2,"91.214.211.2:10800"]],"status":"OK"}
'
[efz_netplay_mod][pid=296] StateExport: STALL detected — 427 ms since last update (seq=4499 phase=3)
[efz_netplay_mod][pid=296] StateExport: network ping=1->1 delay=0->1 seq=4500
[efz_netplay_mod][pid=360] Takeover: configured HolePunchingServer='128.199.38.97:10800'
[efz_netplay_mod][pid=360] Takeover: native workflow event=hole_punch_server_died endpoint='128.199.38.97:10800' text='128.199.38.97:10800 died'
[efz_netplay_mod][pid=296] StateExport: network ping=1->0 delay=1->1 seq=4551
[efz_netplay_mod][pid=296] StateExport: network ping=0->1 delay=1->1 seq=4564
[efz_netplay_mod][pid=296] StateExport: network ping=1->0 delay=1->1 seq=4576
[efz_netplay_mod][pid=296] LobbySession::DoPollStatus: response='{"alias":"EFZ","challenges":[],"id":4877,"idle":[["Player",3]],"msg":"OK","playing":[["Aquatic_mod","Aquatic",1,2,"91.214.211.2:10800"]],"status":"OK"}
'
[efz_netplay_mod][pid=296] StateExport: network ping=0->1 delay=1->1 seq=4589
[efz_netplay_mod][pid=296] StateExport: network ping=1->0 delay=1->1 seq=4628
[efz_netplay_mod][pid=296] StateExport: network ping=0->1 delay=1->1 seq=4640
[efz_netplay_mod][pid=296] StateExport: network ping=1->0 delay=1->1 seq=4679
[efz_netplay_mod][pid=296] LobbySession::DoPollStatus: response='{"alias":"EFZ","challenges":[],"id":4877,"idle":[],"msg":"OK","playing":[["Aquatic_mod","Aquatic",1,2,"91.214.211.2:10800"]],"status":"OK"}
'
[efz_netplay_mod][pid=296] StateExport: network ping=0->1 delay=1->1 seq=4692
[efz_netplay_mod][pid=296] StateExport: network ping=1->0 delay=1->1 seq=4704
[efz_netplay_mod][pid=296] StateExport: network ping=0->1 delay=1->1 seq=4717
[efz_netplay_mod][pid=296] StateExport: network ping=1->0 delay=1->1 seq=4730
[efz_netplay_mod][pid=296] StateExport: network ping=0->1 delay=1->1 seq=4743
[efz_netplay_mod][pid=296] StateExport: network ping=1->0 delay=1->1 seq=4768
[efz_netplay_mod][pid=296] StateExport: network ping=0->1 delay=1->1 seq=4794
[efz_netplay_mod][pid=296] LobbySession::DoPollStatus: response='{"alias":"EFZ","challenges":[],"id":4877,"idle":[],"msg":"OK","playing":[["Aquatic_mod","Aquatic",1,2,"91.214.211.2:10800"]],"status":"OK"}
'
[efz_netplay_mod][pid=296] StateExport: heartbeat seq=4800 activity=4 menu=0 screen=1 mode=2 phase=3 role=2 side=1 p1Wins=0 p2Wins=0 ping=1 delay=1 local='Aquatic_mod' p1='Aquatic' p2='Aquatic_mod' revival='1.02e' caps=0x1ED sessionId=1 setId=0 endReason=0
[efz_netplay_mod][pid=296] StateExport: network ping=1->0 delay=1->1 seq=4819
[efz_netplay_mod][pid=296] StateExport: network ping=0->1 delay=1->1 seq=4845
[efz_netplay_mod][pid=296] StateExport: network ping=1->0 delay=1->1 seq=4883
[efz_netplay_mod][pid=296] LobbySession::DoPollStatus: response='{"alias":"EFZ","challenges":[],"id":4877,"idle":[],"msg":"OK","playing":[["Aquatic_mod","Aquatic",1,2,"91.214.211.2:10800"]],"status":"OK"}
'
[efz_netplay_mod][pid=296] StateExport: network ping=0->1 delay=1->1 seq=4909
[efz_netplay_mod][pid=296] StateExport: network ping=1->0 delay=1->1 seq=4921
[efz_netplay_mod][pid=296] StateExport: network ping=0->1 delay=1->1 seq=4934
[efz_netplay_mod][pid=296] StateExport: network ping=1->0 delay=1->1 seq=4973
[efz_netplay_mod][pid=296] LobbySession::DoPollStatus: response='{"alias":"EFZ","challenges":[],"id":4877,"idle":[],"msg":"OK","playing":[["Aquatic_mod","Aquatic",1,2,"91.214.211.2:10800"]],"status":"OK"}
'
[efz_netplay_mod][pid=296] StateExport: network ping=0->3 delay=1->1 seq=5024
[efz_netplay_mod][pid=296] StateExport: network ping=3->1 delay=1->1 seq=5037
[efz_netplay_mod][pid=296] StateExport: network ping=1->0 delay=1->1 seq=5049
[efz_netplay_mod][pid=296] TICK_HOOK: heartbeat frameTick=1200 session=0x053530E8 exeECX=0x03253EA8 match=0
[efz_netplay_mod][pid=296] StateExport: network ping=0->1 delay=1->1 seq=5100
[efz_netplay_mod][pid=296] LobbySession::DoPollStatus: response='{"alias":"EFZ","challenges":[],"id":4877,"idle":[],"msg":"OK","playing":[["Aquatic_mod","Aquatic",1,2,"91.214.211.2:10800"]],"status":"OK"}
'
[efz_netplay_mod][pid=296] StateExport: network ping=1->0 delay=1->1 seq=5177
[efz_netplay_mod][pid=296] StateExport: network ping=0->1 delay=1->1 seq=5190
[efz_netplay_mod][pid=296] StateExport: network ping=1->2 delay=1->1 seq=5203
[efz_netplay_mod][pid=296] StateExport: network ping=2->1 delay=1->1 seq=5215
[efz_netplay_mod][pid=296] LobbySession::DoPollStatus: response='{"alias":"EFZ","challenges":[],"id":4877,"idle":[],"msg":"OK","playing":[["Aquatic_mod","Aquatic",1,2,"91.214.211.2:10800"]],"status":"OK"}
'
[efz_netplay_mod][pid=296] StateExport: network ping=1->0 delay=1->1 seq=5228
[efz_netplay_mod][pid=296] StateExport: network ping=0->1 delay=1->1 seq=5241
[efz_netplay_mod][pid=296] StateExport: network ping=1->0 delay=1->1 seq=5254
[efz_netplay_mod][pid=296] StateExport: network ping=0->1 delay=1->1 seq=5267
[efz_netplay_mod][pid=296] StateExport: network ping=1->0 delay=1->1 seq=5292
[efz_netplay_mod][pid=296] LobbySession::DoPollStatus: response='{"alias":"EFZ","challenges":[],"id":4877,"idle":[],"msg":"OK","playing":[["Aquatic_mod","Aquatic",1,2,"91.214.211.2:10800"]],"status":"OK"}
'
[efz_netplay_mod][pid=296] StateExport: network ping=0->1 delay=1->1 seq=5330
[efz_netplay_mod][pid=296] StateExport: network ping=1->0 delay=1->1 seq=5369
[efz_netplay_mod][pid=296] StateExport: network ping=0->1 delay=1->1 seq=5382
[efz_netplay_mod][pid=296] StateExport: heartbeat seq=5400 activity=4 menu=0 screen=1 mode=2 phase=3 role=2 side=1 p1Wins=0 p2Wins=0 ping=1 delay=1 local='Aquatic_mod' p1='Aquatic' p2='Aquatic_mod' revival='1.02e' caps=0x1ED sessionId=1 setId=0 endReason=0
[efz_netplay_mod][pid=296] LobbySession::DoPollStatus: response='{"alias":"EFZ","challenges":[],"id":4877,"idle":[],"msg":"OK","playing":[["Aquatic_mod","Aquatic",1,2,"91.214.211.2:10800"]],"status":"OK"}
'
[efz_netplay_mod][pid=296] StateExport: network ping=1->2 delay=1->1 seq=5458
[efz_netplay_mod][pid=296] StateExport: network ping=2->0 delay=1->1 seq=5471
[efz_netplay_mod][pid=296] StateExport: network ping=0->2 delay=1->1 seq=5484
[efz_netplay_mod][pid=296] StateExport: network ping=2->1 delay=1->1 seq=5497
[efz_netplay_mod][pid=296] StateExport: network ping=1->0 delay=1->1 seq=5509
[efz_netplay_mod][pid=296] StateExport: network ping=0->1 delay=1->1 seq=5535
[efz_netplay_mod][pid=296] LobbySession::DoPollStatus: response='{"alias":"EFZ","challenges":[],"id":4877,"idle":[],"msg":"OK","playing":[["Aquatic_mod","Aquatic",1,2,"91.214.211.2:10800"]],"status":"OK"}
'
[efz_netplay_mod][pid=296] StateExport: network ping=1->0 delay=1->1 seq=5624
[efz_netplay_mod][pid=296] StateExport: network ping=0->1 delay=1->1 seq=5637
[efz_netplay_mod][pid=296] LobbySession::DoPollStatus: response='{"alias":"EFZ","challenges":[],"id":4877,"idle":[],"msg":"OK","playing":[["Aquatic_mod","Aquatic",1,2,"91.214.211.2:10800"]],"status":"OK"}
'
[efz_netplay_mod][pid=296] StateExport: network ping=1->0 delay=1->1 seq=5663
[efz_netplay_mod][pid=296] TICK_HOOK: heartbeat frameTick=1800 session=0x053530E8 exeECX=0x03253EA8 match=0
[efz_netplay_mod][pid=296] StateExport: network ping=0->1 delay=1->1 seq=5688
[efz_netplay_mod][pid=296] StateExport: network ping=1->0 delay=1->1 seq=5701
[efz_netplay_mod][pid=296] StateExport: network ping=0->1 delay=1->1 seq=5727
[efz_netplay_mod][pid=296] StateExport: network ping=1->0 delay=1->1 seq=5752
[efz_netplay_mod][pid=296] LobbySession::DoPollStatus: response='{"alias":"EFZ","challenges":[],"id":4877,"idle":[],"msg":"OK","playing":[["Aquatic_mod","Aquatic",1,2,"91.214.211.2:10800"]],"status":"OK"}
'
[efz_netplay_mod][pid=296] StateExport: network ping=0->1 delay=1->1 seq=5778
[efz_netplay_mod][pid=296] StateExport: network ping=1->0 delay=1->1 seq=5791
[efz_netplay_mod][pid=296] StateExport: network ping=0->1 delay=1->1 seq=5803
[efz_netplay_mod][pid=296] StateExport: network ping=1->0 delay=1->1 seq=5816
[efz_netplay_mod][pid=296] StateExport: network ping=0->1 delay=1->1 seq=5829
[efz_netplay_mod][pid=296] LobbySession::DoPollStatus: response='{"alias":"EFZ","challenges":[],"id":4877,"idle":[],"msg":"OK","playing":[["Aquatic_mod","Aquatic",1,2,"91.214.211.2:10800"]],"status":"OK"}
'
[efz_netplay_mod][pid=296] StateExport: network ping=1->0 delay=1->1 seq=5867
[efz_netplay_mod][pid=296] StateExport: network ping=0->1 delay=1->1 seq=5893
[efz_netplay_mod][pid=296] StateExport: network ping=1->0 delay=1->1 seq=5905
[efz_netplay_mod][pid=296] StateExport: network ping=0->1 delay=1->1 seq=5918
[efz_netplay_mod][pid=296] StateExport: network ping=1->0 delay=1->1 seq=5931
[efz_netplay_mod][pid=296] StateExport: network ping=0->1 delay=1->1 seq=5944
[efz_netplay_mod][pid=296] LobbySession::DoPollStatus: response='{"alias":"EFZ","challenges":[],"id":4877,"idle":[],"msg":"OK","playing":[["Aquatic_mod","Aquatic",1,2,"91.214.211.2:10800"]],"status":"OK"}
'
[efz_netplay_mod][pid=296] StateExport: heartbeat seq=6000 activity=4 menu=0 screen=1 mode=2 phase=3 role=2 side=1 p1Wins=0 p2Wins=0 ping=1 delay=1 local='Aquatic_mod' p1='Aquatic' p2='Aquatic_mod' revival='1.02e' caps=0x1ED sessionId=1 setId=0 endReason=0
[efz_netplay_mod][pid=296] StateExport: network ping=1->0 delay=1->1 seq=6059
[efz_netplay_mod][pid=296] LobbySession::DoPollStatus: response='{"alias":"EFZ","challenges":[],"id":4877,"idle":[],"msg":"OK","playing":[["Aquatic_mod","Aquatic",1,2,"91.214.211.2:10800"]],"status":"OK"}
'
[efz_netplay_mod][pid=296] StateExport: network ping=0->1 delay=1->1 seq=6072
[efz_netplay_mod][pid=296] StateExport: network ping=1->0 delay=1->1 seq=6110
[efz_netplay_mod][pid=296] StateExport: network ping=0->1 delay=1->1 seq=6123
[efz_netplay_mod][pid=296] LobbySession::DoPollStatus: response='{"alias":"EFZ","challenges":[],"id":4877,"idle":[],"msg":"OK","playing":[["Aquatic_mod","Aquatic",1,2,"91.214.211.2:10800"]],"status":"OK"}
'
[efz_netplay_mod][pid=296] StateExport: STALL detected — 341 ms since last update (seq=6159 phase=3)
[efz_netplay_mod][pid=296] StateExport: activity 4->5 screen=2 mode=2 phase=3 role=2 side=1 p1='Aquatic' p2='Aquatic_mod' caps=0x1EF sessionId=1 setId=0 seq=6160
[efz_netplay_mod][pid=296] StateExport:   charsel p1CharId=6 p2CharId=4 p1Locked=0 p2Locked=0 cursorChar=4
[efz_netplay_mod][pid=296] SCREEN_MONITOR: index 1 -> 2 tick=2273 mode=4/4 screenObj=0x03254410 charselect(init=2 exit=0 obj=0x03253EA8)
[efz_netplay_mod][pid=296] LobbySession::DoPollStatus: response='{"alias":"EFZ","challenges":[],"id":4877,"idle":[],"msg":"OK","playing":[["Aquatic_mod","Aquatic",1,2,"91.214.211.2:10800"]],"status":"OK"}
'
[efz_netplay_mod][pid=296] StateExport: STALL detected — 2556 ms since last update (seq=6160 phase=3)
[efz_netplay_mod][pid=296] StateExport: network ping=1->0 delay=1->1 seq=6161
[efz_netplay_mod][pid=296] StateExport: charsel p1CharId=6->255 locked=0->0 p2CharId=4->255 locked=0->0 cursor=255 seq=6161
[efz_netplay_mod][pid=296] StateExport: flow menu=0->0 charsel=1->0 match=0->1 screen=3 mode=2 phase=3 role=2 p1Wins=0 p2Wins=0
[efz_netplay_mod][pid=296] StateExport: activity 5->6 screen=3 mode=2 phase=3 role=2 side=1 p1='Aquatic' p2='Aquatic_mod' caps=0x2EF sessionId=1 setId=0 seq=6161
[efz_netplay_mod][pid=296] StateExport:   match round=1 isRoundActive=1 p1Wins=0 p2Wins=0
[efz_netplay_mod][pid=296] SCREEN_MONITOR: index 2 -> 3 tick=2274 mode=5/1 screenObj=0x03254850 charselect(init=2 exit=0 obj=0x03253EA8)
[efz_netplay_mod][pid=296] StateExport: STALL detected — 419 ms since last update (seq=6161 phase=3)
[efz_netplay_mod][pid=296] StateExport: network ping=0->0 delay=1->0 seq=6162
[efz_netplay_mod][pid=296] StateExport: network ping=0->1 delay=0->0 seq=6163
[efz_netplay_mod][pid=296] LobbySession::DoPollStatus: response='{"alias":"EFZ","challenges":[],"id":4877,"idle":[],"msg":"OK","playing":[["Aquatic_mod","Aquatic",1,2,"91.214.211.2:10800"]],"status":"OK"}
'
[efz_netplay_mod][pid=296] StateExport: network ping=1->0 delay=0->0 seq=6182
[efz_netplay_mod][pid=296] StateExport: network ping=0->1 delay=0->0 seq=6195
[efz_netplay_mod][pid=296] StateExport: network ping=1->0 delay=0->0 seq=6221
[efz_netplay_mod][pid=296] StateExport: network ping=0->2 delay=0->0 seq=6233
[efz_netplay_mod][pid=296] StateExport: network ping=2->1 delay=0->0 seq=6246
[efz_netplay_mod][pid=296] StateExport: network ping=1->0 delay=0->0 seq=6259
[efz_netplay_mod][pid=296] StateExport: network ping=0->1 delay=0->0 seq=6272
[efz_netplay_mod][pid=296] StateExport: network ping=1->0 delay=0->0 seq=6284
[efz_netplay_mod][pid=296] LobbySession::DoPollStatus: response='{"alias":"EFZ","challenges":[],"id":4877,"idle":[],"msg":"OK","playing":[["Aquatic_mod","Aquatic",1,2,"91.214.211.2:10800"]],"status":"OK"}
'
[efz_netplay_mod][pid=296] TICK_HOOK: heartbeat frameTick=2400 session=0x053530E8 exeECX=0x03254850 match=0
[efz_netplay_mod][pid=296] StateExport: network ping=0->1 delay=0->0 seq=6310
[efz_netplay_mod][pid=296] StateExport: network ping=1->0 delay=0->0 seq=6348
[efz_netplay_mod][pid=296] StateExport: network ping=0->1 delay=0->0 seq=6361
[efz_netplay_mod][pid=296] LobbySession::DoPollStatus: response='{"alias":"EFZ","challenges":[],"id":4877,"idle":[],"msg":"OK","playing":[["Aquatic_mod","Aquatic",1,2,"91.214.211.2:10800"]],"status":"OK"}
'
[efz_netplay_mod][pid=296] StateExport: network ping=1->0 delay=0->0 seq=6399
[efz_netplay_mod][pid=296] StateExport: network ping=0->1 delay=0->0 seq=6412
[efz_netplay_mod][pid=296] StateExport: network ping=1->0 delay=0->0 seq=6438
[efz_netplay_mod][pid=296] StateExport: network ping=0->1 delay=0->0 seq=6463
[efz_netplay_mod][pid=296] StateExport: network ping=1->0 delay=0->0 seq=6476
[efz_netplay_mod][pid=296] LobbySession::DoPollStatus: response='{"alias":"EFZ","challenges":[],"id":4877,"idle":[],"msg":"OK","playing":[["Aquatic_mod","Aquatic",1,2,"91.214.211.2:10800"]],"status":"OK"}
'
[efz_netplay_mod][pid=296] StateExport: network ping=0->1 delay=0->0 seq=6527
[efz_netplay_mod][pid=296] StateExport: network ping=1->0 delay=0->0 seq=6553
[efz_netplay_mod][pid=296] StateExport: network ping=0->1 delay=0->0 seq=6565
[efz_netplay_mod][pid=296] StateExport: network ping=1->0 delay=0->0 seq=6578
[efz_netplay_mod][pid=296] StateExport: network ping=0->1 delay=0->0 seq=6591
[efz_netplay_mod][pid=296] StateExport: heartbeat seq=6600 activity=6 menu=0 screen=3 mode=2 phase=3 role=2 side=1 p1Wins=0 p2Wins=0 ping=1 delay=0 local='Aquatic_mod' p1='Aquatic' p2='Aquatic_mod' revival='1.02e' caps=0x2EF sessionId=1 setId=0 endReason=0
[efz_netplay_mod][pid=296] LobbySession::DoPollStatus: response='{"alias":"EFZ","challenges":[],"id":4877,"idle":[["Player",4]],"msg":"OK","playing":[["Aquatic_mod","Aquatic",1,2,"91.214.211.2:10800"]],"status":"OK"}
'
[efz_netplay_mod][pid=296] StateExport: network ping=1->0 delay=0->0 seq=6617
[efz_netplay_mod][pid=296] StateExport: network ping=0->1 delay=0->0 seq=6629
[efz_netplay_mod][pid=296] StateExport: network ping=1->0 delay=0->0 seq=6642
[efz_netplay_mod][pid=296] StateExport: network ping=0->1 delay=0->0 seq=6655
[efz_netplay_mod][pid=296] StateExport: network ping=1->0 delay=0->0 seq=6668
[efz_netplay_mod][pid=296] StateExport: network ping=0->1 delay=0->0 seq=6680
[efz_netplay_mod][pid=296] StateExport: network ping=1->0 delay=0->0 seq=6719
[efz_netplay_mod][pid=296] LobbySession::DoPollStatus: response='{"alias":"EFZ","challenges":[],"id":4877,"idle":[["Player",4]],"msg":"OK","playing":[["Aquatic_mod","Aquatic",1,2,"91.214.211.2:10800"]],"status":"OK"}
'
[efz_netplay_mod][pid=296] StateExport: network ping=0->1 delay=0->0 seq=6744
[efz_netplay_mod][pid=296] StateExport: network ping=1->0 delay=0->0 seq=6757
[efz_netplay_mod][pid=296] StateExport: network ping=0->1 delay=0->0 seq=6770
[efz_netplay_mod][pid=296] StateExport: network ping=1->0 delay=0->0 seq=6821
[efz_netplay_mod][pid=296] LobbySession::DoPollStatus: response='{"alias":"EFZ","challenges":[],"id":4877,"idle":[["Player",4]],"msg":"OK","playing":[["Aquatic_mod","Aquatic",1,2,"91.214.211.2:10800"]],"status":"OK"}
'
[efz_netplay_mod][pid=296] StateExport: network ping=0->4 delay=0->0 seq=6834
[efz_netplay_mod][pid=296] StateExport: network ping=4->1 delay=0->0 seq=6847
[efz_netplay_mod][pid=296] StateExport: network ping=1->0 delay=0->0 seq=6872
[efz_netplay_mod][pid=296] StateExport: network ping=0->1 delay=0->0 seq=6885
[efz_netplay_mod][pid=296] TICK_HOOK: heartbeat frameTick=3000 session=0x053530E8 exeECX=0x03254850 match=0
[efz_netplay_mod][pid=296] StateExport: network ping=1->0 delay=0->0 seq=6911
[efz_netplay_mod][pid=296] StateExport: network ping=0->1 delay=0->0 seq=6936
[efz_netplay_mod][pid=296] LobbySession::DoPollStatus: response='{"alias":"EFZ","challenges":[],"id":4877,"idle":[["Player",4]],"msg":"OK","playing":[["Aquatic_mod","Aquatic",1,2,"91.214.211.2:10800"]],"status":"OK"}
'
[efz_netplay_mod][pid=296] StateExport: network ping=1->0 delay=0->0 seq=6962
[efz_netplay_mod][pid=296] StateExport: network ping=0->1 delay=0->0 seq=6987
[efz_netplay_mod][pid=296] StateExport: network ping=1->0 delay=0->0 seq=7038
[efz_netplay_mod][pid=296] LobbySession::DoPollStatus: response='{"alias":"EFZ","challenges":[],"id":4877,"idle":[["Player",4]],"msg":"OK","playing":[["Aquatic_mod","Aquatic",1,2,"91.214.211.2:10800"]],"status":"OK"}
'
[efz_netplay_mod][pid=296] StateExport: network ping=0->1 delay=0->0 seq=7051
[efz_netplay_mod][pid=296] StateExport: network ping=1->0 delay=0->0 seq=7077
[efz_netplay_mod][pid=296] StateExport: network ping=0->1 delay=0->0 seq=7128
[efz_netplay_mod][pid=296] LobbySession::DoPollStatus: response='{"alias":"EFZ","challenges":[],"id":4877,"idle":[["Player",4]],"msg":"OK","playing":[["Aquatic_mod","Aquatic",1,2,"91.214.211.2:10800"]],"status":"OK"}
'
[efz_netplay_mod][pid=296] StateExport: network ping=1->0 delay=0->0 seq=7166
[efz_netplay_mod][pid=296] StateExport: network ping=0->1 delay=0->0 seq=7192
[efz_netplay_mod][pid=296] StateExport: heartbeat seq=7200 activity=6 menu=0 screen=3 mode=2 phase=3 role=2 side=1 p1Wins=0 p2Wins=0 ping=1 delay=0 local='Aquatic_mod' p1='Aquatic' p2='Aquatic_mod' revival='1.02e' caps=0x2EF sessionId=1 setId=0 endReason=0
[efz_netplay_mod][pid=296] StateExport: network ping=1->0 delay=0->0 seq=7243
[efz_netplay_mod][pid=296] LobbySession::DoPollStatus: response='{"alias":"EFZ","challenges":[],"id":4877,"idle":[["Player",4]],"msg":"OK","playing":[["Aquatic_mod","Aquatic",1,2,"91.214.211.2:10800"]],"status":"OK"}
'
[efz_netplay_mod][pid=296] StateExport: network ping=0->1 delay=0->0 seq=7256
[efz_netplay_mod][pid=296] StateExport: network ping=1->0 delay=0->0 seq=7332
[efz_netplay_mod][pid=296] StateExport: network ping=0->1 delay=0->0 seq=7345
[efz_netplay_mod][pid=296] LobbySession::DoPollStatus: response='{"alias":"EFZ","challenges":[],"id":4877,"idle":[["Player",4]],"msg":"OK","playing":[["Aquatic_mod","Aquatic",1,2,"91.214.211.2:10800"]],"status":"OK"}
'
[efz_netplay_mod][pid=296] StateExport: network ping=1->0 delay=0->0 seq=7409
[efz_netplay_mod][pid=296] LobbySession::DoPollStatus: response='{"alias":"EFZ","challenges":[],"id":4877,"idle":[["Player",4]],"msg":"OK","playing":[["Aquatic_mod","Aquatic",1,2,"91.214.211.2:10800"]],"status":"OK"}
'
[efz_netplay_mod][pid=296] StateExport: network ping=0->1 delay=0->0 seq=7473
[efz_netplay_mod][pid=296] TICK_HOOK: heartbeat frameTick=3600 session=0x053530E8 exeECX=0x03254850 match=0
[efz_netplay_mod][pid=296] StateExport: network ping=1->0 delay=0->0 seq=7537
[efz_netplay_mod][pid=296] LobbySession::DoPollStatus: response='{"alias":"EFZ","challenges":[],"id":4877,"idle":[["Player",4]],"msg":"OK","playing":[["Aquatic_mod","Aquatic",1,2,"91.214.211.2:10800"]],"status":"OK"}
'
[efz_netplay_mod][pid=296] StateExport: network ping=0->1 delay=0->0 seq=7601
[efz_netplay_mod][pid=296] StateExport: network ping=1->0 delay=0->0 seq=7639
[efz_netplay_mod][pid=296] StateExport: network ping=0->1 delay=0->0 seq=7652
[efz_netplay_mod][pid=296] StateExport: network ping=1->0 delay=0->0 seq=7664
[efz_netplay_mod][pid=296] LobbySession::DoPollStatus: response='{"alias":"EFZ","challenges":[],"id":4877,"idle":[["Player",4]],"msg":"OK","playing":[["Aquatic_mod","Aquatic",1,2,"91.214.211.2:10800"]],"status":"OK"}
'
[efz_netplay_mod][pid=296] StateExport: network ping=0->1 delay=0->0 seq=7677
[efz_netplay_mod][pid=296] StateExport: network ping=1->0 delay=0->0 seq=7690
[efz_netplay_mod][pid=296] StateExport: network ping=0->1 delay=0->0 seq=7716
[efz_netplay_mod][pid=296] StateExport: network ping=1->0 delay=0->0 seq=7767
[efz_netplay_mod][pid=296] StateExport: network ping=0->1 delay=0->0 seq=7779
[efz_netplay_mod][pid=296] LobbySession::DoPollStatus: response='{"alias":"EFZ","challenges":[],"id":4877,"idle":[["Player",4]],"msg":"OK","playing":[["Aquatic_mod","Aquatic",1,2,"91.214.211.2:10800"]],"status":"OK"}
'
[efz_netplay_mod][pid=296] StateExport: network ping=1->0 delay=0->0 seq=7792
[efz_netplay_mod][pid=296] StateExport: heartbeat seq=7800 activity=6 menu=0 screen=3 mode=2 phase=3 role=2 side=1 p1Wins=0 p2Wins=0 ping=0 delay=0 local='Aquatic_mod' p1='Aquatic' p2='Aquatic_mod' revival='1.02e' caps=0x2EF sessionId=1 setId=0 endReason=0
[efz_netplay_mod][pid=296] StateExport: network ping=0->1 delay=0->0 seq=7805
[efz_netplay_mod][pid=296] StateExport: network ping=1->0 delay=0->0 seq=7818
[efz_netplay_mod][pid=296] StateExport: network ping=0->1 delay=0->0 seq=7831
[efz_netplay_mod][pid=296] StateExport: network ping=1->0 delay=0->0 seq=7843
[efz_netplay_mod][pid=296] StateExport: network ping=0->1 delay=0->0 seq=7869
[efz_netplay_mod][pid=296] LobbySession::DoPollStatus: response='{"alias":"EFZ","challenges":[],"id":4877,"idle":[["Player",4]],"msg":"OK","playing":[["Aquatic_mod","Aquatic",1,2,"91.214.211.2:10800"]],"status":"OK"}
'
[efz_netplay_mod][pid=296] StateExport: network ping=1->0 delay=0->0 seq=7933
[efz_netplay_mod][pid=296] StateExport: network ping=0->1 delay=0->0 seq=7946
[efz_netplay_mod][pid=296] StateExport: network ping=1->0 delay=0->0 seq=7971
[efz_netplay_mod][pid=296] LobbySession::DoPollStatus: response='{"alias":"EFZ","challenges":[],"id":4877,"idle":[["Player",4]],"msg":"OK","playing":[["Aquatic_mod","Aquatic",1,2,"91.214.211.2:10800"]],"status":"OK"}
'
[efz_netplay_mod][pid=296] StateExport: network ping=0->1 delay=0->0 seq=8035
[efz_netplay_mod][pid=296] StateExport: network ping=1->0 delay=0->0 seq=8048
[efz_netplay_mod][pid=296] StateExport: network ping=0->1 delay=0->0 seq=8061
[efz_netplay_mod][pid=296] StateExport: network ping=1->0 delay=0->0 seq=8086
[efz_netplay_mod][pid=296] TICK_HOOK: heartbeat frameTick=4200 session=0x053530E8 exeECX=0x03254850 match=0
[efz_netplay_mod][pid=296] LobbySession::DoPollStatus: response='{"alias":"EFZ","challenges":[],"id":4877,"idle":[["Player",4]],"msg":"OK","playing":[["Aquatic_mod","Aquatic",1,2,"91.214.211.2:10800"]],"status":"OK"}
'
[efz_netplay_mod][pid=296] StateExport: network ping=0->1 delay=0->0 seq=8112
[efz_netplay_mod][pid=296] StateExport: network ping=1->0 delay=0->0 seq=8137
[efz_netplay_mod][pid=296] StateExport: network ping=0->1 delay=0->0 seq=8163
[efz_netplay_mod][pid=296] StateExport: network ping=1->0 delay=0->0 seq=8176
[efz_netplay_mod][pid=296] StateExport: network ping=0->1 delay=0->0 seq=8189
[efz_netplay_mod][pid=296] StateExport: network ping=1->0 delay=0->0 seq=8201
[efz_netplay_mod][pid=296] LobbySession::DoPollStatus: response='{"alias":"EFZ","challenges":[],"id":4877,"idle":[["Player",4]],"msg":"OK","playing":[["Aquatic_mod","Aquatic",1,2,"91.214.211.2:10800"]],"status":"OK"}
'
[efz_netplay_mod][pid=296] StateExport: network ping=0->1 delay=0->0 seq=8214
[efz_netplay_mod][pid=296] StateExport: network ping=1->0 delay=0->0 seq=8252
[efz_netplay_mod][pid=296] StateExport: network ping=0->1 delay=0->0 seq=8265
[efz_netplay_mod][pid=296] StateExport: network ping=1->0 delay=0->0 seq=8278
[efz_netplay_mod][pid=296] StateExport: network ping=0->1 delay=0->0 seq=8291
[efz_netplay_mod][pid=296] StateExport: network ping=1->0 delay=0->0 seq=8303
[efz_netplay_mod][pid=296] LobbySession::DoPollStatus: response='{"alias":"EFZ","challenges":[],"id":4877,"idle":[["Player",4]],"msg":"OK","playing":[["Aquatic_mod","Aquatic",1,2,"91.214.211.2:10800"]],"status":"OK"}
'
[efz_netplay_mod][pid=296] StateExport: network ping=0->1 delay=0->0 seq=8329
[efz_netplay_mod][pid=296] StateExport: network ping=1->0 delay=0->0 seq=8342
[efz_netplay_mod][pid=296] StateExport: network ping=0->1 delay=0->0 seq=8354
[efz_netplay_mod][pid=296] StateExport: network ping=1->0 delay=0->0 seq=8393
[efz_netplay_mod][pid=296] StateExport: heartbeat seq=8400 activity=6 menu=0 screen=3 mode=2 phase=3 role=2 side=1 p1Wins=0 p2Wins=0 ping=0 delay=0 local='Aquatic_mod' p1='Aquatic' p2='Aquatic_mod' revival='1.02e' caps=0x2EF sessionId=1 setId=0 endReason=0
[efz_netplay_mod][pid=296] StateExport: network ping=0->1 delay=0->0 seq=8406
[efz_netplay_mod][pid=296] StateExport: network ping=1->0 delay=0->0 seq=8418
[efz_netplay_mod][pid=296] LobbySession::DoPollStatus: response='{"alias":"EFZ","challenges":[],"id":4877,"idle":[["Player",4]],"msg":"OK","playing":[["Aquatic_mod","Aquatic",1,2,"91.214.211.2:10800"]],"status":"OK"}
'
[efz_netplay_mod][pid=296] StateExport: network ping=0->1 delay=0->0 seq=8444
[efz_netplay_mod][pid=296] StateExport: network ping=1->0 delay=0->0 seq=8470
[efz_netplay_mod][pid=296] StateExport: network ping=0->1 delay=0->0 seq=8508
[efz_netplay_mod][pid=296] LobbySession::DoPollStatus: response='{"alias":"EFZ","challenges":[],"id":4877,"idle":[["Player",4]],"msg":"OK","playing":[["Aquatic_mod","Aquatic",1,2,"91.214.211.2:10800"]],"status":"OK"}
'
[efz_netplay_mod][pid=296] StateExport: network ping=1->0 delay=0->0 seq=8533
[efz_netplay_mod][pid=296] StateExport: network ping=0->1 delay=0->0 seq=8559
[efz_netplay_mod][pid=296] StateExport: network ping=1->0 delay=0->0 seq=8597
[efz_netplay_mod][pid=296] StateExport: network ping=0->2 delay=0->0 seq=8623
[efz_netplay_mod][pid=296] LobbySession::DoPollStatus: response='{"alias":"EFZ","challenges":[],"id":4877,"idle":[["Player",4]],"msg":"OK","playing":[["Aquatic_mod","Aquatic",1,2,"91.214.211.2:10800"]],"status":"OK"}
'
[efz_netplay_mod][pid=296] StateExport: network ping=2->1 delay=0->0 seq=8636
[efz_netplay_mod][pid=296] StateExport: network ping=1->4 delay=0->0 seq=8649
[efz_netplay_mod][pid=296] StateExport: network ping=4->0 delay=0->0 seq=8661
[efz_netplay_mod][pid=296] TICK_HOOK: heartbeat frameTick=4800 session=0x053530E8 exeECX=0x03254850 match=0
[efz_netplay_mod][pid=296] StateExport: network ping=0->1 delay=0->0 seq=8699
[efz_netplay_mod][pid=296] StateExport: network ping=1->2 delay=0->0 seq=8712
[efz_netplay_mod][pid=296] StateExport: network ping=2->0 delay=0->0 seq=8725
[efz_netplay_mod][pid=296] LobbySession::DoPollStatus: response='{"alias":"EFZ","challenges":[],"id":4877,"idle":[["Player",4]],"msg":"OK","playing":[["Aquatic_mod","Aquatic",1,2,"91.214.211.2:10800"]],"status":"OK"}
'
[efz_netplay_mod][pid=296] StateExport: network ping=0->1 delay=0->0 seq=8776
[efz_netplay_mod][pid=296] StateExport: network ping=1->0 delay=0->0 seq=8802
[efz_netplay_mod][pid=296] StateExport: network ping=0->1 delay=0->0 seq=8814
[efz_netplay_mod][pid=296] LobbySession::DoPollStatus: response='{"alias":"EFZ","challenges":[],"id":4877,"idle":[["Player",4]],"msg":"OK","playing":[["Aquatic_mod","Aquatic",1,2,"91.214.211.2:10800"]],"status":"OK"}
'
[efz_netplay_mod][pid=296] StateExport: network ping=1->2 delay=0->0 seq=8904
[efz_netplay_mod][pid=296] StateExport: network ping=2->0 delay=0->0 seq=8917
[efz_netplay_mod][pid=296] StateExport: network ping=0->1 delay=0->0 seq=8930
[efz_netplay_mod][pid=296] LobbySession::DoPollStatus: response='{"alias":"EFZ","challenges":[],"id":4877,"idle":[["Player",4]],"msg":"OK","playing":[["Aquatic_mod","Aquatic",1,2,"91.214.211.2:10800"]],"status":"OK"}
'
[efz_netplay_mod][pid=296] StateExport: network ping=1->0 delay=0->0 seq=8968
[efz_netplay_mod][pid=296] StateExport: heartbeat seq=9000 activity=6 menu=0 screen=3 mode=2 phase=3 role=2 side=1 p1Wins=0 p2Wins=0 ping=0 delay=0 local='Aquatic_mod' p1='Aquatic' p2='Aquatic_mod' revival='1.02e' caps=0x2EF sessionId=1 setId=0 endReason=0
[efz_netplay_mod][pid=296] StateExport: network ping=0->1 delay=0->0 seq=9006
[efz_netplay_mod][pid=296] StateExport: network ping=1->0 delay=0->0 seq=9032
[efz_netplay_mod][pid=296] StateExport: network ping=0->1 delay=0->0 seq=9045
[efz_netplay_mod][pid=296] LobbySession::DoPollStatus: response='{"alias":"EFZ","challenges":[],"id":4877,"idle":[["Player",4]],"msg":"OK","playing":[["Aquatic_mod","Aquatic",1,2,"91.214.211.2:10800"]],"status":"OK"}
'
[efz_netplay_mod][pid=296] StateExport: network ping=1->0 delay=0->0 seq=9159
[efz_netplay_mod][pid=296] LobbySession::DoPollStatus: response='{"alias":"EFZ","challenges":[],"id":4877,"idle":[["Player",4]],"msg":"OK","playing":[["Aquatic_mod","Aquatic",1,2,"91.214.211.2:10800"]],"status":"OK"}
'
[efz_netplay_mod][pid=296] StateExport: network ping=0->1 delay=0->0 seq=9185
[efz_netplay_mod][pid=296] StateExport: network ping=1->0 delay=0->0 seq=9198
[efz_netplay_mod][pid=296] StateExport: network ping=0->1 delay=0->0 seq=9211
[efz_netplay_mod][pid=296] StateExport: network ping=1->0 delay=0->0 seq=9223
[efz_netplay_mod][pid=296] StateExport: network ping=0->1 delay=0->0 seq=9236
[efz_netplay_mod][pid=296] StateExport: network ping=1->0 delay=0->0 seq=9262
[efz_netplay_mod][pid=296] LobbySession::DoPollStatus: response='{"alias":"EFZ","challenges":[],"id":4877,"idle":[["Player",4]],"msg":"OK","playing":[["Aquatic_mod","Aquatic",1,2,"91.214.211.2:10800"]],"status":"OK"}
'
[efz_netplay_mod][pid=296] TICK_HOOK: heartbeat frameTick=5400 session=0x053530E8 exeECX=0x03254850 match=0
[efz_netplay_mod][pid=296] StateExport: network ping=0->1 delay=0->0 seq=9300
[efz_netplay_mod][pid=296] StateExport: network ping=1->0 delay=0->0 seq=9326
[efz_netplay_mod][pid=296] StateExport: network ping=0->1 delay=0->0 seq=9339
[efz_netplay_mod][pid=296] StateExport: network ping=1->0 delay=0->0 seq=9351
[efz_netplay_mod][pid=296] LobbySession::DoPollStatus: response='{"alias":"EFZ","challenges":[],"id":4877,"idle":[["Player",4]],"msg":"OK","playing":[["Aquatic_mod","Aquatic",1,2,"91.214.211.2:10800"]],"status":"OK"}
'
[efz_netplay_mod][pid=296] StateExport: network ping=0->1 delay=0->0 seq=9390
[efz_netplay_mod][pid=296] StateExport: network ping=1->0 delay=0->0 seq=9402
[efz_netplay_mod][pid=296] StateExport: network ping=0->1 delay=0->0 seq=9415
[efz_netplay_mod][pid=296] StateExport: network ping=1->0 delay=0->0 seq=9428
[efz_netplay_mod][pid=296] StateExport: network ping=0->1 delay=0->0 seq=9454
[efz_netplay_mod][pid=296] StateExport: network ping=1->0 delay=0->0 seq=9466
[efz_netplay_mod][pid=296] LobbySession::DoPollStatus: response='{"alias":"EFZ","challenges":[],"id":4877,"idle":[["Player",4]],"msg":"OK","playing":[["Aquatic_mod","Aquatic",1,2,"91.214.211.2:10800"]],"status":"OK"}
'
[efz_netplay_mod][pid=296] StateExport: network ping=0->1 delay=0->0 seq=9492
[efz_netplay_mod][pid=296] StateExport: network ping=1->0 delay=0->0 seq=9530
[efz_netplay_mod][pid=296] StateExport: network ping=0->1 delay=0->0 seq=9543
[efz_netplay_mod][pid=296] LobbySession::DoPollStatus: response='{"alias":"EFZ","challenges":[],"id":4877,"idle":[["Player",4]],"msg":"OK","playing":[["Aquatic_mod","Aquatic",1,2,"91.214.211.2:10800"]],"status":"OK"}
'
[efz_netplay_mod][pid=296] StateExport: heartbeat seq=9600 activity=6 menu=0 screen=3 mode=2 phase=3 role=2 side=1 p1Wins=0 p2Wins=0 ping=1 delay=0 local='Aquatic_mod' p1='Aquatic' p2='Aquatic_mod' revival='1.02e' caps=0x2EF sessionId=1 setId=0 endReason=0
[efz_netplay_mod][pid=296] StateExport: network ping=1->0 delay=0->0 seq=9607
[efz_netplay_mod][pid=296] StateExport: network ping=0->1 delay=0->0 seq=9671
[efz_netplay_mod][pid=296] LobbySession::DoPollStatus: response='{"alias":"EFZ","challenges":[],"id":4877,"idle":[["Player",4]],"msg":"OK","playing":[["Aquatic_mod","Aquatic",1,2,"91.214.211.2:10800"]],"status":"OK"}
'
[efz_netplay_mod][pid=296] StateExport: network ping=1->0 delay=0->0 seq=9735
[efz_netplay_mod][pid=296] StateExport: network ping=0->1 delay=0->0 seq=9747
[efz_netplay_mod][pid=296] StateExport: network ping=1->0 delay=0->0 seq=9760
[efz_netplay_mod][pid=296] StateExport: network ping=0->1 delay=0->0 seq=9773
[efz_netplay_mod][pid=296] LobbySession::DoPollStatus: response='{"alias":"EFZ","challenges":[],"id":4877,"idle":[["Player",4]],"msg":"OK","playing":[["Aquatic_mod","Aquatic",1,2,"91.214.211.2:10800"]],"status":"OK"}
'
[efz_netplay_mod][pid=296] StateExport: network ping=1->0 delay=0->0 seq=9811
[efz_netplay_mod][pid=296] StateExport: network ping=0->1 delay=0->0 seq=9824
[efz_netplay_mod][pid=296] StateExport: network ping=1->0 delay=0->0 seq=9837
[efz_netplay_mod][pid=296] StateExport: network ping=0->1 delay=0->0 seq=9863
[efz_netplay_mod][pid=296] TICK_HOOK: heartbeat frameTick=6000 session=0x053530E8 exeECX=0x03254850 match=0
[efz_netplay_mod][pid=296] LobbySession::DoPollStatus: response='{"alias":"EFZ","challenges":[],"id":4877,"idle":[["Player",4]],"msg":"OK","playing":[["Aquatic_mod","Aquatic",1,2,"91.214.211.2:10800"]],"status":"OK"}
'
[efz_netplay_mod][pid=296] StateExport: network ping=1->0 delay=0->0 seq=9914
[efz_netplay_mod][pid=296] StateExport: network ping=0->1 delay=0->0 seq=9939
[efz_netplay_mod][pid=296] StateExport: network ping=1->0 delay=0->0 seq=9964
[efz_netplay_mod][pid=296] StateExport: network ping=0->1 delay=0->0 seq=9978
[efz_netplay_mod][pid=296] StateExport: network ping=1->0 delay=0->0 seq=9990
[efz_netplay_mod][pid=296] LobbySession::DoPollStatus: response='{"alias":"EFZ","challenges":[],"id":4877,"idle":[["Player",4]],"msg":"OK","playing":[["Aquatic_mod","Aquatic",1,2,"91.214.211.2:10800"]],"status":"OK"}
'
[efz_netplay_mod][pid=296] StateExport: network ping=0->1 delay=0->0 seq=10016
[efz_netplay_mod][pid=296] StateExport: network ping=1->0 delay=0->0 seq=10029
[efz_netplay_mod][pid=296] StateExport: network ping=0->1 delay=0->0 seq=10041
[efz_netplay_mod][pid=296] StateExport: network ping=1->0 delay=0->0 seq=10067
[efz_netplay_mod][pid=296] StateExport: network ping=0->1 delay=0->0 seq=10080
[efz_netplay_mod][pid=296] StateExport: network ping=1->0 delay=0->0 seq=10093
[efz_netplay_mod][pid=296] StateExport: network ping=0->1 delay=0->0 seq=10105
[efz_netplay_mod][pid=296] LobbySession::DoPollStatus: response='{"alias":"EFZ","challenges":[],"id":4877,"idle":[["Player",4]],"msg":"OK","playing":[["Aquatic_mod","Aquatic",1,2,"91.214.211.2:10800"]],"status":"OK"}
'
[efz_netplay_mod][pid=296] StateExport: network ping=1->0 delay=0->0 seq=10131
[efz_netplay_mod][pid=296] StateExport: network ping=0->1 delay=0->0 seq=10144
[efz_netplay_mod][pid=296] StateExport: network ping=1->0 delay=0->0 seq=10157
[efz_netplay_mod][pid=296] StateExport: network ping=0->1 delay=0->0 seq=10182
[efz_netplay_mod][pid=296] StateExport: network ping=1->0 delay=0->0 seq=10195
[efz_netplay_mod][pid=296] StateExport: heartbeat seq=10200 activity=6 menu=0 screen=3 mode=2 phase=3 role=2 side=1 p1Wins=0 p2Wins=0 ping=0 delay=0 local='Aquatic_mod' p1='Aquatic' p2='Aquatic_mod' revival='1.02e' caps=0x2EF sessionId=1 setId=0 endReason=0
[efz_netplay_mod][pid=296] StateExport: network ping=0->1 delay=0->0 seq=10208
[efz_netplay_mod][pid=296] LobbySession::DoPollStatus: response='{"alias":"EFZ","challenges":[],"id":4877,"idle":[["Player",4]],"msg":"OK","playing":[["Aquatic_mod","Aquatic",1,2,"91.214.211.2:10800"]],"status":"OK"}
'
[efz_netplay_mod][pid=296] StateExport: network ping=1->0 delay=0->0 seq=10233
[efz_netplay_mod][pid=296] StateExport: network ping=0->1 delay=0->0 seq=10284
[efz_netplay_mod][pid=296] StateExport: network ping=1->0 delay=0->0 seq=10297
[efz_netplay_mod][pid=296] LobbySession::DoPollStatus: response='{"alias":"EFZ","challenges":[],"id":4877,"idle":[["Player",4]],"msg":"OK","playing":[["Aquatic_mod","Aquatic",1,2,"91.214.211.2:10800"]],"status":"OK"}
'
[efz_netplay_mod][pid=296] StateExport: network ping=0->1 delay=0->0 seq=10374
[efz_netplay_mod][pid=296] StateExport: network ping=1->0 delay=0->0 seq=10386
[efz_netplay_mod][pid=296] StateExport: network ping=0->1 delay=0->0 seq=10425
[efz_netplay_mod][pid=296] LobbySession::DoPollStatus: response='{"alias":"EFZ","challenges":[],"id":4877,"idle":[["Player",4]],"msg":"OK","playing":[["Aquatic_mod","Aquatic",1,2,"91.214.211.2:10800"]],"status":"OK"}
'
[efz_netplay_mod][pid=296] StateExport: network ping=1->2 delay=0->0 seq=10450
[efz_netplay_mod][pid=296] StateExport: network ping=2->1 delay=0->0 seq=10463
[efz_netplay_mod][pid=296] StateExport: network ping=1->0 delay=0->0 seq=10476
[efz_netplay_mod][pid=296] StateExport: network ping=0->1 delay=0->0 seq=10489
[efz_netplay_mod][pid=296] LobbySession::DoPollStatus: response='{"alias":"EFZ","challenges":[],"id":4877,"idle":[["Player",4]],"msg":"OK","playing":[["Aquatic_mod","Aquatic",1,2,"91.214.211.2:10800"]],"status":"OK"}
'
[efz_netplay_mod][pid=296] StateExport: network ping=1->0 delay=0->0 seq=10553
[efz_netplay_mod][pid=296] StateExport: network ping=0->1 delay=0->0 seq=10604
[efz_netplay_mod][pid=296] LobbySession::DoPollStatus: response='{"alias":"EFZ","challenges":[],"id":4877,"idle":[["Player",4]],"msg":"OK","playing":[["Aquatic_mod","Aquatic",1,2,"91.214.211.2:10800"]],"status":"OK"}
'
[efz_netplay_mod][pid=296] LobbySession::DoPollStatus: response='{"alias":"EFZ","challenges":[],"id":4877,"idle":[["Player",4]],"msg":"OK","playing":[["Aquatic_mod","Aquatic",1,2,"91.214.211.2:10800"]],"status":"OK"}
'
[efz_netplay_mod][pid=296] StateExport: heartbeat seq=10800 activity=6 menu=0 screen=3 mode=2 phase=3 role=2 side=1 p1Wins=0 p2Wins=0 ping=1 delay=0 local='Aquatic_mod' p1='Aquatic' p2='Aquatic_mod' revival='1.02e' caps=0x2EF sessionId=1 setId=0 endReason=0
[efz_netplay_mod][pid=296] LobbySession::DoPollStatus: response='{"alias":"EFZ","challenges":[],"id":4877,"idle":[["Player",4]],"msg":"OK","playing":[["Aquatic_mod","Aquatic",1,2,"91.214.211.2:10800"]],"status":"OK"}
'
[efz_netplay_mod][pid=296] LobbySession::DoPollStatus: response='{"alias":"EFZ","challenges":[],"id":4877,"idle":[["Player",4]],"msg":"OK","playing":[["Aquatic_mod","Aquatic",1,2,"91.214.211.2:10800"]],"status":"OK"}
'
[efz_netplay_mod][pid=296] LobbySession::DoPollStatus: response='{"alias":"EFZ","challenges":[],"id":4877,"idle":[["Player",4]],"msg":"OK","playing":[["Aquatic_mod","Aquatic",1,2,"91.214.211.2:10800"]],"status":"OK"}
'
[efz_netplay_mod][pid=360] Takeover: console error detected='Source quit or timed out' text='Source quit or timed out'
[efz_netplay_mod][pid=296] TICK_HOOK: *** PRE-TICK DISCONNECT *** frameTick=7278 consoleErrorSerial=1 — skipping DLL tick to prevent corrupted render
[efz_netplay_mod][pid=296] DIAG[TickHook_disconnectDetected_entry]: dllExitPatchesSaved=1 tournamentPatchesSaved=0 renderContextSaved=1 savedRenderCtx=0x79C26BC8
[efz_netplay_mod][pid=296] DIAG[TickHook_disconnectDetected_entry]: dllBase=0x753C0000 roleFlag=0 sessionPtr=0x053530E8 renderCtx=0x79C26BC8 globalState=0x029D0020
[efz_netplay_mod][pid=296] DIAG[TickHook_disconnectDetected_entry]: session vtable=0x754502C0 initComplete=1 activePlayer=1
.211.2:10800 died'
[efz_netplay_mod][pid=296] DIAG[TickHook_disconnectDetected_entry]: exitPatch[0] RVA=0x7909D byte=0xEB expected=0x74
[efz_netplay_mod][pid=296] DIAG[TickHook_disconnectDetected_entry]: exitPatch[1] RVA=0x7215D byte=0xEB expected=0x75
[efz_netplay_mod][pid=296] DIAG[TickHook_disconnectDetected_entry]: exitPatch[2] RVA=0x7231F byte=0xEB expected=0x74
[efz_netplay_mod][pid=296] DIAG[TickHook_disconnectDetected_entry]: nearJccPatch[0] RVA=0x7251B bytes=90 90
[efz_netplay_mod][pid=296] DIAG[TickHook_disconnectDetected_entry]: nearJccPatch[1] RVA=0x7252E bytes=90 90
[efz_netplay_mod][pid=296] DIAG[TickHook_disconnectDetected_entry]: nearJccPatch[2] RVA=0x742E1 bytes=90 90
[efz_netplay_mod][pid=296] DIAG[TickHook_disconnectDetected_entry]: nearJccPatch[3] RVA=0x742F4 bytes=90 90
[efz_netplay_mod][pid=296] DIAG[TickHook_disconnectDetected_entry]: nearJccPatch[4] RVA=0x74301 bytes=90 90
[efz_netplay_mod][pid=296] DIAG[TickHook_disconnectDetected_entry]: localRoleFlag=0 localInitApplied=1 exitIntercepted=0 exitMode=-1 frameHookInstalled=1 frameRecoveryPending=0 forceLocalPlayInitCount=0
[efz_netplay_mod][pid=296] DIAG[TickHook_disconnectDetected_entry]: revivalProcess=0x00000164 revivalPid=360 lastValidatedSession=0x053530E8 lastSessionPtrOffset=0xA02CC
[efz_netplay_mod][pid=296] TICK_HOOK: *** NETWORK DISCONNECT *** frameTick=7278 role=0 pid=360 consoleError='Source quit or timed out' — synthesizing exit interception
[efz_netplay_mod][pid=296] INIT_SNAP[ForceLocalPlayInit_pre]: roleFlag=0 sessionPtr=0x053530E8 initFlag=3 initByte=0x00 renderCtx=0x79C26BC8 renderCtxBase=0x00000000 initOnceGuard=0x00000001 timerPtr=0x79C26AD0 globalStatePtr=0x029D0020
[efz_netplay_mod][pid=296] INIT_SNAP[ForceLocalPlayInit_pre]: roleFlag[1]=0xA05F0 val=1967518556
[efz_netplay_mod][pid=296] INIT_SNAP[ForceLocalPlayInit_pre]: roleFlag[2]=0xA15FC val=0
[efz_netplay_mod][pid=296] INIT_SNAP[ForceLocalPlayInit_pre]: sessionPtr[1]=0xA02EC val=0x00000000
[efz_netplay_mod][pid=296] INIT_SNAP[ForceLocalPlayInit_pre]: session vtable=0x7583BD60 initComplete=1 activePlayer=1 queuePlayer=0 inputDelay=0
[efz_netplay_mod][pid=296] INIT_SNAP[ForceLocalPlayInit_pre]: session currentFrame=2360 gameModeSnap=3 matchId=1 sentinel=2147482647 helperHandle=0x000001C8
[efz_netplay_mod][pid=296] INIT_SNAP[ForceLocalPlayInit_pre]: session histPrimary=0x05353408 histSecondary=0x053533FC histPrimaryVec=0x053533FC histSecondaryVec=0x05353408
[efz_netplay_mod][pid=296] INIT_SNAP[ForceLocalPlayInit_pre]: session +4=0 +8=0 +12=6 +16=4 +36=480
[efz_netplay_mod][pid=296] INIT_SNAP[ForceLocalPlayInit_pre]: g_localRoleFlag=0 g_localInitApplied=1 g_dllExitPatchesSaved=1 g_tournamentPatchesSaved=0 g_renderContextSaved=1 g_savedRenderCtx=0x79C26BC8 g_frameHookInstalled=1 initCount=1
[efz_netplay_mod][pid=296] ReverseInputSwapIfClient: swap reversed OK (fn=0x7542CAD0 this=0x75460760 result=2621493)
[efz_netplay_mod][pid=296] ForceLocalPlayInit: DestroyCurrentSession starting session=0x053530E8 role=0
[efz_netplay_mod][pid=296] ForceLocalPlayInit: DestroyCurrentSession closed helperHandle=0x000001C8 result=1
[efz_netplay_mod][pid=296] ForceLocalPlayInit: DestroyCurrentSession vtable=0x7583BD60 (RVA 0x0047BD60)
[efz_netplay_mod][pid=296] ForceLocalPlayInit: DestroyCurrentSession SKIPPED — vtable[0]=0x7574F9E0 outside DLL [0x753C0000..0x75472000], zeroing ptr only
[efz_netplay_mod][pid=296] ResetModeConstructorTrampolineCache: cleared 2 entries
[efz_netplay_mod][pid=296] ForceLocalPlayInit: DestroyCurrentSession done session=0x053530E8 role=0 globalsZeroed=2
[efz_netplay_mod][pid=296] ForceLocalPlayInit: about to save EXE hook bytes before init() oldSession=0x00000000 callCount=1
[efz_netplay_mod][pid=296] SaveExeFrameHookBytes: saved 10 bytes at 0x00401582 [E9 B9 F8 25 01 90 90 90 90 90]
[efz_netplay_mod][pid=296] RestoreModeCtorOriginalBytes: restored 0x00763E50=[C6 40 2D 00 8B 4D D0] 0x00763F04=[8B 4D D0 C6 41 2D 00]
[efz_netplay_mod][pid=296] ResetModeConstructorTrampolineCache: cleared 2 entries
[efz_netplay_mod][pid=296] ForceLocalPlayInit: 0x401582 pre-init  [E9 B9 F8 25 01 90 90 90 90 90]
[efz_netplay_mod][pid=296] ForceLocalPlayInit: calling init(mode=2, magic=102)
[efz_netplay_mod][pid=296] ForceLocalPlayInit: 0x401582 post-init [E9 F1 12 9A 07 90 90 90 90 90]
[efz_netplay_mod][pid=296] ForceLocalPlayInit: restoring saved EXE hook bytes
[efz_netplay_mod][pid=296] RestoreExeFrameHookBytes: restored 10 bytes at 0x00401582 [E9 B9 F8 25 01 90 90 90 90 90]
[efz_netplay_mod][pid=296] ForceLocalPlayInit: 0x401582 restored  [E9 B9 F8 25 01 90 90 90 90 90]
[efz_netplay_mod][pid=296] ForceLocalPlayInit: modeCtorFixup 0x00763E50 not hooked (byte=0xC6), skip
[efz_netplay_mod][pid=296] ForceLocalPlayInit: modeCtorFixup 0x00763F04 not hooked (byte=0x8B), skip
[efz_netplay_mod][pid=296] INIT_SNAP[ForceLocalPlayInit_post_init]: roleFlag=2 sessionPtr=0x0CA174C0 initFlag=0 initByte=0x00 renderCtx=0x79C26BC8 renderCtxBase=0x00000000 initOnceGuard=0x00000001 timerPtr=0x79C26AD0 globalStatePtr=0x029D0020
[efz_netplay_mod][pid=296] INIT_SNAP[ForceLocalPlayInit_post_init]: roleFlag[1]=0xA05F0 val=1967518556
[efz_netplay_mod][pid=296] INIT_SNAP[ForceLocalPlayInit_post_init]: roleFlag[2]=0xA15FC val=0
[efz_netplay_mod][pid=296] INIT_SNAP[ForceLocalPlayInit_post_init]: sessionPtr[1]=0xA02EC val=0x00000000
[efz_netplay_mod][pid=296] INIT_SNAP[ForceLocalPlayInit_post_init]: session vtable=0x75450404 initComplete=0 activePlayer=0 queuePlayer=0 inputDelay=17
[efz_netplay_mod][pid=296] INIT_SNAP[ForceLocalPlayInit_post_init]: session currentFrame=-1 gameModeSnap=1038090240 matchId=1047003136 sentinel=0 helperHandle=0x00000000
[efz_netplay_mod][pid=296] INIT_SNAP[ForceLocalPlayInit_post_init]: session histPrimary=0x0000083F histSecondary=0x827500C0 histPrimaryVec=0x0CA177D4 histSecondaryVec=0x0CA177E0
[efz_netplay_mod][pid=296] INIT_SNAP[ForceLocalPlayInit_post_init]: session +4=1114616 +8=0 +12=-1 +16=1051328512 +36=1
[efz_netplay_mod][pid=296] INIT_SNAP[ForceLocalPlayInit_post_init]: g_localRoleFlag=2 g_localInitApplied=1 g_dllExitPatchesSaved=1 g_tournamentPatchesSaved=0 g_renderContextSaved=1 g_savedRenderCtx=0x79C26BC8 g_frameHookInstalled=1 initCount=1
[efz_netplay_mod][pid=296] ForceLocalPlayInit: init(2,102) result=2292440 callCount=1 oldSession=0x00000000 newSession=0x0CA174C0
[efz_netplay_mod][pid=296] ForceLocalPlayInit: InvokeSessionVtableInit vtable[1] 0x75435D30 called on session 0x0CA174C0
[efz_netplay_mod][pid=296] INIT_SNAP[ForceLocalPlayInit_post_vtable1]: roleFlag=2 sessionPtr=0x0CA174C0 initFlag=0 initByte=0x00 renderCtx=0x79C26BC8 renderCtxBase=0x00000000 initOnceGuard=0x00000001 timerPtr=0x79C26AD0 globalStatePtr=0x029D0020
[efz_netplay_mod][pid=296] INIT_SNAP[ForceLocalPlayInit_post_vtable1]: roleFlag[1]=0xA05F0 val=1967518556
[efz_netplay_mod][pid=296] INIT_SNAP[ForceLocalPlayInit_post_vtable1]: roleFlag[2]=0xA15FC val=0
[efz_netplay_mod][pid=296] INIT_SNAP[ForceLocalPlayInit_post_vtable1]: sessionPtr[1]=0xA02EC val=0x00000000
[efz_netplay_mod][pid=296] INIT_SNAP[ForceLocalPlayInit_post_vtable1]: session vtable=0x75450404 initComplete=0 activePlayer=0 queuePlayer=0 inputDelay=17
[efz_netplay_mod][pid=296] INIT_SNAP[ForceLocalPlayInit_post_vtable1]: session currentFrame=-1 gameModeSnap=1038090240 matchId=1047003136 sentinel=0 helperHandle=0x00000000
[efz_netplay_mod][pid=296] INIT_SNAP[ForceLocalPlayInit_post_vtable1]: session histPrimary=0x0000083F histSecondary=0x827500C0 histPrimaryVec=0x0CA177D4 histSecondaryVec=0x0CA177E0
[efz_netplay_mod][pid=296] INIT_SNAP[ForceLocalPlayInit_post_vtable1]: session +4=13304013 +8=13107408 +12=2031646 +16=1114144 +36=1
[efz_netplay_mod][pid=296] INIT_SNAP[ForceLocalPlayInit_post_vtable1]: g_localRoleFlag=2 g_localInitApplied=1 g_dllExitPatchesSaved=1 g_tournamentPatchesSaved=0 g_renderContextSaved=1 g_savedRenderCtx=0x79C26BC8 g_frameHookInstalled=1 initCount=1
[efz_netplay_mod][pid=296] TICK_HOOK: disconnect step 1 ForceLocalPlayInit result=1
[efz_netplay_mod][pid=296] TICK_HOOK: disconnect step 2 helper terminated (pid=360 termOk=1 err=0)
[efz_netplay_mod][pid=296] RestoreDllExitProcessPatches: will restore site[0] RVA=0x7909D savedByte=0x74
[efz_netplay_mod][pid=296] RestoreDllExitProcessPatches: will restore site[1] RVA=0x7215D savedByte=0x75
[efz_netplay_mod][pid=296] RestoreDllExitProcessPatches: will restore site[2] RVA=0x7231F savedByte=0x74
[efz_netplay_mod][pid=296] RestoreDllExitProcessPatches: will restore nearJcc[0] RVA=0x7251B savedBytes=0F 84 B6 02 00 00
[efz_netplay_mod][pid=296] RestoreDllExitProcessPatches: will restore nearJcc[1] RVA=0x7252E savedBytes=0F 84 A3 02 00 00
[efz_netplay_mod][pid=296] RestoreDllExitProcessPatches: will restore nearJcc[2] RVA=0x742E1 savedBytes=0F 84 A9 01 00 00
[efz_netplay_mod][pid=296] RestoreDllExitProcessPatches: will restore nearJcc[3] RVA=0x742F4 savedBytes=0F 84 96 01 00 00
[efz_netplay_mod][pid=296] RestoreDllExitProcessPatches: will restore nearJcc[4] RVA=0x74301 savedBytes=0F 84 89 01 00 00
[efz_netplay_mod][pid=296] RestoreDllExitProcessPatches: restored 3/3 single-byte + 5/5 near-Jcc patches
[efz_netplay_mod][pid=296] TICK_HOOK: disconnect step 3 RestoreDllExitProcessPatches result=1
[efz_netplay_mod][pid=296] RestoreRenderContext: restored EfzRender* 0x79C26BC8 (was 0x79C26BC8, unchanged)
[efz_netplay_mod][pid=296] DisableRevivalTextRendering: text rendering disabled
[efz_netplay_mod][pid=296] TICK_HOOK: disconnect step 4 DisableRevivalTextRendering result=1
[efz_netplay_mod][pid=296] CrashHandler: TOCTOU recovery guard reset
[efz_netplay_mod][pid=296] TICK_HOOK: disconnect step 5 crash/validation state reset
[efz_netplay_mod][pid=296] ForceGameModeToTitle: game mode 3 -> 0 (title screen)
[efz_netplay_mod][pid=296] ForceGameModeToTitle: closed replay file (replayState was 2)
[efz_netplay_mod][pid=296] ForceGameModeToTitle: cleaned up P1 obj=0x032566D0 (slot=0x00790104)
[efz_netplay_mod][pid=296] ForceGameModeToTitle: cleaned up P2 obj=0x0325BB38 (slot=0x00790108)
[efz_netplay_mod][pid=296] ForceGameModeToTitle: battle resources cleaned up (screen=3 battleObj=0x03254850 gameSys=0x029D0020)
[efz_netplay_mod][pid=296] ForceGameModeToTitle: blacked out hardware palette via title screen obj=0x03253A50 gfx=0x00790150
[efz_netplay_mod][pid=296] ForceGameModeToTitle: charselect screen reset init 2->1 exit 0->0 (obj=0x03253EA8)
[efz_netplay_mod][pid=296] ForceGameModeToTitle: title screen reset init 0->1 (obj=0x03253A50)
[efz_netplay_mod][pid=296] ForceGameModeToTitle: game mode reset primary 5->0 secondary 1->0 (gameSys=0x029D0020)
[efz_netplay_mod][pid=296] TICK_HOOK: disconnect step 6 ForceGameModeToTitle result=1
[efz_netplay_mod][pid=296] TICK_HOOK: disconnect recovery complete (was role=0), next title-screen frame will consume exit interception
[efz_netplay_mod][pid=296] DIAG[TickHook_disconnectDetected_exit]: dllExitPatchesSaved=0 tournamentPatchesSaved=0 renderContextSaved=1 savedRenderCtx=0x79C26BC8
[efz_netplay_mod][pid=296] DIAG[TickHook_disconnectDetected_exit]: dllBase=0x753C0000 roleFlag=2 sessionPtr=0x0CA174C0 renderCtx=0x79C26BC8 globalState=0x029D0020
[efz_netplay_mod][pid=296] DIAG[TickHook_disconnectDetected_exit]: session vtable=0x75450404 initComplete=0 activePlayer=0
[efz_netplay_mod][pid=296] DIAG[TickHook_disconnectDetected_exit]: exitPatch[0] RVA=0x7909D byte=0x74 expected=0x74
[efz_netplay_mod][pid=296] DIAG[TickHook_disconnectDetected_exit]: exitPatch[1] RVA=0x7215D byte=0x75 expected=0x75
[efz_netplay_mod][pid=296] DIAG[TickHook_disconnectDetected_exit]: exitPatch[2] RVA=0x7231F byte=0x74 expected=0x74
[efz_netplay_mod][pid=296] DIAG[TickHook_disconnectDetected_exit]: nearJccPatch[0] RVA=0x7251B bytes=0F 84
[efz_netplay_mod][pid=296] DIAG[TickHook_disconnectDetected_exit]: nearJccPatch[1] RVA=0x7252E bytes=0F 84
[efz_netplay_mod][pid=296] DIAG[TickHook_disconnectDetected_exit]: nearJccPatch[2] RVA=0x742E1 bytes=0F 84
[efz_netplay_mod][pid=296] DIAG[TickHook_disconnectDetected_exit]: nearJccPatch[3] RVA=0x742F4 bytes=0F 84
[efz_netplay_mod][pid=296] DIAG[TickHook_disconnectDetected_exit]: nearJccPatch[4] RVA=0x74301 bytes=0F 84
[efz_netplay_mod][pid=296] DIAG[TickHook_disconnectDetected_exit]: localRoleFlag=2 localInitApplied=0 exitIntercepted=1 exitMode=0 frameHookInstalled=1 frameRecoveryPending=0 forceLocalPlayInitCount=1
[efz_netplay_mod][pid=296] DIAG[TickHook_disconnectDetected_exit]: revivalProcess=0x00000000 revivalPid=0 lastValidatedSession=0x0CA174C0 lastSessionPtrOffset=0xA02CC
[efz_netplay_mod][pid=296] SCREEN_MONITOR: index 3 -> 0 tick=1 mode=0/0 screenObj=0x03253A50 charselect(init=1 exit=0 obj=0x03253EA8)
[efz_netplay_mod][pid=296] TICK_HOOK: *** ECX MISMATCH *** frameTick=1 exeECX=0x03253A50 dllSession=0x0CA174C0 — overriding ECX with current session
[efz_netplay_mod][pid=296] TICK_HOOK: current session vtable=0x75450404 (RVA=0x90404)
[efz_netplay_mod][pid=296] DIAG[tick_ecx_mismatch]: dllExitPatchesSaved=0 tournamentPatchesSaved=0 renderContextSaved=1 savedRenderCtx=0x79C26BC8
[efz_netplay_mod][pid=296] DIAG[tick_ecx_mismatch]: dllBase=0x753C0000 roleFlag=2 sessionPtr=0x0CA174C0 renderCtx=0x79C26BC8 globalState=0x029D0020
[efz_netplay_mod][pid=296] DIAG[tick_ecx_mismatch]: session vtable=0x75450404 initComplete=0 activePlayer=0
[efz_netplay_mod][pid=296] DIAG[tick_ecx_mismatch]: exitPatch[0] RVA=0x7909D byte=0x74 expected=0x74
[efz_netplay_mod][pid=296] DIAG[tick_ecx_mismatch]: exitPatch[1] RVA=0x7215D byte=0x75 expected=0x75
[efz_netplay_mod][pid=296] DIAG[tick_ecx_mismatch]: exitPatch[2] RVA=0x7231F byte=0x74 expected=0x74
[efz_netplay_mod][pid=296] DIAG[tick_ecx_mismatch]: nearJccPatch[0] RVA=0x7251B bytes=0F 84
[efz_netplay_mod][pid=296] DIAG[tick_ecx_mismatch]: nearJccPatch[1] RVA=0x7252E bytes=0F 84
[efz_netplay_mod][pid=296] DIAG[tick_ecx_mismatch]: nearJccPatch[2] RVA=0x742E1 bytes=0F 84
[efz_netplay_mod][pid=296] DIAG[tick_ecx_mismatch]: nearJccPatch[3] RVA=0x742F4 bytes=0F 84
[efz_netplay_mod][pid=296] DIAG[tick_ecx_mismatch]: nearJccPatch[4] RVA=0x74301 bytes=0F 84
[efz_netplay_mod][pid=296] DIAG[tick_ecx_mismatch]: localRoleFlag=2 localInitApplied=0 exitIntercepted=1 exitMode=0 frameHookInstalled=1 frameRecoveryPending=0 forceLocalPlayInitCount=1
[efz_netplay_mod][pid=296] DIAG[tick_ecx_mismatch]: revivalProcess=0x00000000 revivalPid=0 lastValidatedSession=0x0CA174C0 lastSessionPtrOffset=0xA02CC
[efz_netplay_mod][pid=296] TICK_HOOK: heartbeat frameTick=1 session=0x0CA174C0 exeECX=0x03253A50 match=0
[efz_netplay_mod][pid=296] DIAG[ConsumeExitInterception_entry]: dllExitPatchesSaved=0 tournamentPatchesSaved=0 renderContextSaved=1 savedRenderCtx=0x79C26BC8
[efz_netplay_mod][pid=296] DIAG[ConsumeExitInterception_entry]: dllBase=0x753C0000 roleFlag=2 sessionPtr=0x0CA174C0 renderCtx=0x79C26BC8 globalState=0x029D0020
[efz_netplay_mod][pid=296] DIAG[ConsumeExitInterception_entry]: session vtable=0x75450404 initComplete=0 activePlayer=0
[efz_netplay_mod][pid=296] DIAG[ConsumeExitInterception_entry]: exitPatch[0] RVA=0x7909D byte=0x74 expected=0x74
[efz_netplay_mod][pid=296] DIAG[ConsumeExitInterception_entry]: exitPatch[1] RVA=0x7215D byte=0x75 expected=0x75
[efz_netplay_mod][pid=296] DIAG[ConsumeExitInterception_entry]: exitPatch[2] RVA=0x7231F byte=0x74 expected=0x74
[efz_netplay_mod][pid=296] DIAG[ConsumeExitInterception_entry]: nearJccPatch[0] RVA=0x7251B bytes=0F 84
[efz_netplay_mod][pid=296] DIAG[ConsumeExitInterception_entry]: nearJccPatch[1] RVA=0x7252E bytes=0F 84
[efz_netplay_mod][pid=296] DIAG[ConsumeExitInterception_entry]: nearJccPatch[2] RVA=0x742E1 bytes=0F 84
[efz_netplay_mod][pid=296] DIAG[ConsumeExitInterception_entry]: nearJccPatch[3] RVA=0x742F4 bytes=0F 84
[efz_netplay_mod][pid=296] DIAG[ConsumeExitInterception_entry]: nearJccPatch[4] RVA=0x74301 bytes=0F 84
[efz_netplay_mod][pid=296] DIAG[ConsumeExitInterception_entry]: localRoleFlag=2 localInitApplied=0 exitIntercepted=1 exitMode=0 frameHookInstalled=1 frameRecoveryPending=0 forceLocalPlayInitCount=1
[efz_netplay_mod][pid=296] DIAG[ConsumeExitInterception_entry]: revivalProcess=0x00000000 revivalPid=0 lastValidatedSession=0x0CA174C0 lastSessionPtrOffset=0xA02CC
[efz_netplay_mod][pid=296] Takeover: consuming exit interception mode=0 (step 1: cancel session / terminate peer / restore DLL patches)
[efz_netplay_mod][pid=296] DIAG[CancelSession_entry]: dllExitPatchesSaved=0 tournamentPatchesSaved=0 renderContextSaved=1 savedRenderCtx=0x79C26BC8
[efz_netplay_mod][pid=296] DIAG[CancelSession_entry]: dllBase=0x753C0000 roleFlag=2 sessionPtr=0x0CA174C0 renderCtx=0x79C26BC8 globalState=0x029D0020
[efz_netplay_mod][pid=296] DIAG[CancelSession_entry]: session vtable=0x75450404 initComplete=0 activePlayer=0
[efz_netplay_mod][pid=296] DIAG[CancelSession_entry]: exitPatch[0] RVA=0x7909D byte=0x74 expected=0x74
[efz_netplay_mod][pid=296] DIAG[CancelSession_entry]: exitPatch[1] RVA=0x7215D byte=0x75 expected=0x75
[efz_netplay_mod][pid=296] DIAG[CancelSession_entry]: exitPatch[2] RVA=0x7231F byte=0x74 expected=0x74
[efz_netplay_mod][pid=296] DIAG[CancelSession_entry]: nearJccPatch[0] RVA=0x7251B bytes=0F 84
[efz_netplay_mod][pid=296] DIAG[CancelSession_entry]: nearJccPatch[1] RVA=0x7252E bytes=0F 84
[efz_netplay_mod][pid=296] DIAG[CancelSession_entry]: nearJccPatch[2] RVA=0x742E1 bytes=0F 84
[efz_netplay_mod][pid=296] DIAG[CancelSession_entry]: nearJccPatch[3] RVA=0x742F4 bytes=0F 84
[efz_netplay_mod][pid=296] DIAG[CancelSession_entry]: nearJccPatch[4] RVA=0x74301 bytes=0F 84
[efz_netplay_mod][pid=296] DIAG[CancelSession_entry]: localRoleFlag=2 localInitApplied=0 exitIntercepted=0 exitMode=-1 frameHookInstalled=1 frameRecoveryPending=0 forceLocalPlayInitCount=1
[efz_netplay_mod][pid=296] DIAG[CancelSession_entry]: revivalProcess=0x00000000 revivalPid=0 lastValidatedSession=0x0CA174C0 lastSessionPtrOffset=0xA02CC
[efz_netplay_mod][pid=296] DIAG[CancelSession]: reason='exit_intercepted' forceLocalPlayInitCount=1
[efz_netplay_mod][pid=296] Takeover: closing child job object handle=00000158
[efz_netplay_mod][pid=296] RestoreDllExitProcessPatches: SKIPPED (saved=0 profile=757EC6B0)
[efz_netplay_mod][pid=296] Takeover: local re-init skipped (already local play)
[efz_netplay_mod][pid=296] Takeover: cancel cleanup — DEFERRED (inside frame tick, ForceLocalPlayInit would destroy active session)
[efz_netplay_mod][pid=296] Takeover: phase Connected -> Idle reason=''
[efz_netplay_mod][pid=296] Takeover: cancel reason='exit_intercepted' hadProcess=0
[efz_netplay_mod][pid=296] DIAG[CancelSession_exit]: dllExitPatchesSaved=0 tournamentPatchesSaved=0 renderContextSaved=1 savedRenderCtx=0x79C26BC8
[efz_netplay_mod][pid=296] DIAG[CancelSession_exit]: dllBase=0x753C0000 roleFlag=2 sessionPtr=0x0CA174C0 renderCtx=0x79C26BC8 globalState=0x029D0020
[efz_netplay_mod][pid=296] DIAG[CancelSession_exit]: session vtable=0x75450404 initComplete=0 activePlayer=0
[efz_netplay_mod][pid=296] DIAG[CancelSession_exit]: exitPatch[0] RVA=0x7909D byte=0x74 expected=0x74
[efz_netplay_mod][pid=296] DIAG[CancelSession_exit]: exitPatch[1] RVA=0x7215D byte=0x75 expected=0x75
[efz_netplay_mod][pid=296] DIAG[CancelSession_exit]: exitPatch[2] RVA=0x7231F byte=0x74 expected=0x74
[efz_netplay_mod][pid=296] DIAG[CancelSession_exit]: nearJccPatch[0] RVA=0x7251B bytes=0F 84
[efz_netplay_mod][pid=296] DIAG[CancelSession_exit]: nearJccPatch[1] RVA=0x7252E bytes=0F 84
[efz_netplay_mod][pid=296] DIAG[CancelSession_exit]: nearJccPatch[2] RVA=0x742E1 bytes=0F 84
[efz_netplay_mod][pid=296] DIAG[CancelSession_exit]: nearJccPatch[3] RVA=0x742F4 bytes=0F 84
[efz_netplay_mod][pid=296] DIAG[CancelSession_exit]: nearJccPatch[4] RVA=0x74301 bytes=0F 84
[efz_netplay_mod][pid=296] DIAG[CancelSession_exit]: localRoleFlag=2 localInitApplied=0 exitIntercepted=0 exitMode=-1 frameHookInstalled=1 frameRecoveryPending=0 forceLocalPlayInitCount=1
[efz_netplay_mod][pid=296] DIAG[CancelSession_exit]: revivalProcess=0x00000000 revivalPid=0 lastValidatedSession=0x0CA174C0 lastSessionPtrOffset=0xA02CC
[efz_netplay_mod][pid=296] Takeover: exit interception step 2 — no EXE patch restore needed for mode=0 (online/spectate)
[efz_netplay_mod][pid=296] Takeover: exit interception step 3 — ForceLocalPlayInit (defence-in-depth)
[efz_netplay_mod][pid=296] INIT_SNAP[ForceLocalPlayInit_pre]: roleFlag=2 sessionPtr=0x0CA174C0 initFlag=0 initByte=0x00 renderCtx=0x79C26BC8 renderCtxBase=0x00000000 initOnceGuard=0x00000001 timerPtr=0x79C26AD0 globalStatePtr=0x029D0020
[efz_netplay_mod][pid=296] INIT_SNAP[ForceLocalPlayInit_pre]: roleFlag[1]=0xA05F0 val=1967518556
[efz_netplay_mod][pid=296] INIT_SNAP[ForceLocalPlayInit_pre]: roleFlag[2]=0xA15FC val=0
[efz_netplay_mod][pid=296] INIT_SNAP[ForceLocalPlayInit_pre]: sessionPtr[1]=0xA02EC val=0x00000000
[efz_netplay_mod][pid=296] INIT_SNAP[ForceLocalPlayInit_pre]: session vtable=0x75450404 initComplete=0 activePlayer=0 queuePlayer=0 inputDelay=17
[efz_netplay_mod][pid=296] INIT_SNAP[ForceLocalPlayInit_pre]: session currentFrame=-1 gameModeSnap=1038090240 matchId=1047003136 sentinel=0 helperHandle=0x00000000
[efz_netplay_mod][pid=296] INIT_SNAP[ForceLocalPlayInit_pre]: session histPrimary=0x0000083F histSecondary=0x827500C0 histPrimaryVec=0x0CA177D4 histSecondaryVec=0x0CA177E0
[efz_netplay_mod][pid=296] INIT_SNAP[ForceLocalPlayInit_pre]: session +4=13304013 +8=13107408 +12=2031646 +16=1114144 +36=1
[efz_netplay_mod][pid=296] INIT_SNAP[ForceLocalPlayInit_pre]: g_localRoleFlag=2 g_localInitApplied=0 g_dllExitPatchesSaved=0 g_tournamentPatchesSaved=0 g_renderContextSaved=1 g_savedRenderCtx=0x79C26BC8 g_frameHookInstalled=1 initCount=2
[efz_netplay_mod][pid=296] ForceLocalPlayInit: DestroyCurrentSession starting session=0x0CA174C0 role=2
[efz_netplay_mod][pid=296] ForceLocalPlayInit: DestroyCurrentSession vtable=0x75450404 (RVA 0x00090404)
[efz_netplay_mod][pid=296] ForceLocalPlayInit: DestroyCurrentSession calling dtor vtable[0]=0x753E8B90 session=0x0CA174C0 role=2
[efz_netplay_mod][pid=296] ForceLocalPlayInit: DestroyCurrentSession destructor completed
[efz_netplay_mod][pid=296] ResetModeConstructorTrampolineCache: cleared 2 entries
[efz_netplay_mod][pid=296] ForceLocalPlayInit: DestroyCurrentSession done session=0x0CA174C0 role=2 globalsZeroed=2
[efz_netplay_mod][pid=296] ForceLocalPlayInit: about to save EXE hook bytes before init() oldSession=0x0CA174C0 callCount=2
[efz_netplay_mod][pid=296] SaveExeFrameHookBytes: saved 10 bytes at 0x00401582 [E9 B9 F8 25 01 90 90 90 90 90]
[efz_netplay_mod][pid=296] RestoreModeCtorOriginalBytes: restored 0x00763E50=[C6 40 2D 00 8B 4D D0] 0x00763F04=[8B 4D D0 C6 41 2D 00]
[efz_netplay_mod][pid=296] ResetModeConstructorTrampolineCache: cleared 2 entries
[efz_netplay_mod][pid=296] ForceLocalPlayInit: 0x401582 pre-init  [E9 B9 F8 25 01 90 90 90 90 90]
[efz_netplay_mod][pid=296] ForceLocalPlayInit: calling init(mode=2, magic=102)
[efz_netplay_mod][pid=296] LobbySession::DoPollStatus: response='{"alias":"EFZ","challenges":[],"id":4877,"idle":[["Player",4]],"msg":"OK","playing":[["Aquatic_mod","Aquatic",1,2,"91.214.211.2:10800"]],"status":"OK"}
'
[efz_netplay_mod][pid=296] ForceLocalPlayInit: 0x401582 post-init [E9 59 2C 9A 07 90 90 90 90 90]
[efz_netplay_mod][pid=296] ForceLocalPlayInit: restoring saved EXE hook bytes
[efz_netplay_mod][pid=296] RestoreExeFrameHookBytes: restored 10 bytes at 0x00401582 [E9 B9 F8 25 01 90 90 90 90 90]
[efz_netplay_mod][pid=296] ForceLocalPlayInit: 0x401582 restored  [E9 B9 F8 25 01 90 90 90 90 90]
[efz_netplay_mod][pid=296] ForceLocalPlayInit: modeCtorFixup 0x00763E50 not hooked (byte=0xC6), skip
[efz_netplay_mod][pid=296] ForceLocalPlayInit: modeCtorFixup 0x00763F04 not hooked (byte=0x8B), skip
[efz_netplay_mod][pid=296] INIT_SNAP[ForceLocalPlayInit_post_init]: roleFlag=2 sessionPtr=0x07DA3640 initFlag=0 initByte=0x00 renderCtx=0x79C26BC8 renderCtxBase=0x00000000 initOnceGuard=0x00000001 timerPtr=0x79C26AD0 globalStatePtr=0x029D0020
[efz_netplay_mod][pid=296] INIT_SNAP[ForceLocalPlayInit_post_init]: roleFlag[1]=0xA05F0 val=1967518556
[efz_netplay_mod][pid=296] INIT_SNAP[ForceLocalPlayInit_post_init]: roleFlag[2]=0xA15FC val=0
[efz_netplay_mod][pid=296] INIT_SNAP[ForceLocalPlayInit_post_init]: sessionPtr[1]=0xA02EC val=0x00000000
[efz_netplay_mod][pid=296] INIT_SNAP[ForceLocalPlayInit_post_init]: session vtable=0x75450404 initComplete=7 activePlayer=0 queuePlayer=0 inputDelay=16
[efz_netplay_mod][pid=296] INIT_SNAP[ForceLocalPlayInit_post_init]: session currentFrame=0 gameModeSnap=0 matchId=0 sentinel=220921856 helperHandle=0x00000000
[efz_netplay_mod][pid=296] INIT_SNAP[ForceLocalPlayInit_post_init]: session histPrimary=0x07DA4168 histSecondary=0xC0603FF0 histPrimaryVec=0x07DA3954 histSecondaryVec=0x07DA3960
[efz_netplay_mod][pid=296] INIT_SNAP[ForceLocalPlayInit_post_init]: session +4=1114616 +8=0 +12=0 +16=0 +36=1
[efz_netplay_mod][pid=296] INIT_SNAP[ForceLocalPlayInit_post_init]: g_localRoleFlag=2 g_localInitApplied=0 g_dllExitPatchesSaved=0 g_tournamentPatchesSaved=0 g_renderContextSaved=1 g_savedRenderCtx=0x79C26BC8 g_frameHookInstalled=1 initCount=2
[efz_netplay_mod][pid=296] ForceLocalPlayInit: init(2,102) result=2291088 callCount=2 oldSession=0x0CA174C0 newSession=0x07DA3640
[efz_netplay_mod][pid=296] ForceLocalPlayInit: InvokeSessionVtableInit vtable[1] 0x75435D30 called on session 0x07DA3640
[efz_netplay_mod][pid=296] INIT_SNAP[ForceLocalPlayInit_post_vtable1]: roleFlag=2 sessionPtr=0x07DA3640 initFlag=0 initByte=0x00 renderCtx=0x79C26BC8 renderCtxBase=0x00000000 initOnceGuard=0x00000001 timerPtr=0x79C26AD0 globalStatePtr=0x029D0020
[efz_netplay_mod][pid=296] INIT_SNAP[ForceLocalPlayInit_post_vtable1]: roleFlag[1]=0xA05F0 val=1967518556
[efz_netplay_mod][pid=296] INIT_SNAP[ForceLocalPlayInit_post_vtable1]: roleFlag[2]=0xA15FC val=0
[efz_netplay_mod][pid=296] INIT_SNAP[ForceLocalPlayInit_post_vtable1]: sessionPtr[1]=0xA02EC val=0x00000000
[efz_netplay_mod][pid=296] INIT_SNAP[ForceLocalPlayInit_post_vtable1]: session vtable=0x75450404 initComplete=7 activePlayer=0 queuePlayer=0 inputDelay=16
[efz_netplay_mod][pid=296] INIT_SNAP[ForceLocalPlayInit_post_vtable1]: session currentFrame=0 gameModeSnap=0 matchId=0 sentinel=220921856 helperHandle=0x00000000
[efz_netplay_mod][pid=296] INIT_SNAP[ForceLocalPlayInit_post_vtable1]: session histPrimary=0x07DA4168 histSecondary=0xC0603FF0 histPrimaryVec=0x07DA3954 histSecondaryVec=0x07DA3960
[efz_netplay_mod][pid=296] INIT_SNAP[ForceLocalPlayInit_post_vtable1]: session +4=13304013 +8=13107408 +12=2031646 +16=1114144 +36=1
[efz_netplay_mod][pid=296] INIT_SNAP[ForceLocalPlayInit_post_vtable1]: g_localRoleFlag=2 g_localInitApplied=0 g_dllExitPatchesSaved=0 g_tournamentPatchesSaved=0 g_renderContextSaved=1 g_savedRenderCtx=0x79C26BC8 g_frameHookInstalled=1 initCount=2
[efz_netplay_mod][pid=296] Takeover: exit interception step 4 — clear text / disable renderer
[efz_netplay_mod][pid=296] RestoreRenderContext: restored EfzRender* 0x79C26BC8 (was 0x79C26BC8, unchanged)
[efz_netplay_mod][pid=296] RestoreRenderContext: restored EfzRender* 0x79C26BC8 (was 0x79C26BC8, unchanged)
[efz_netplay_mod][pid=296] DisableRevivalTextRendering: text rendering disabled
[efz_netplay_mod][pid=296] Takeover: exit interception fully consumed mode=0
[efz_netplay_mod][pid=296] DIAG[ConsumeExitInterception_exit]: dllExitPatchesSaved=0 tournamentPatchesSaved=0 renderContextSaved=1 savedRenderCtx=0x79C26BC8
[efz_netplay_mod][pid=296] DIAG[ConsumeExitInterception_exit]: dllBase=0x753C0000 roleFlag=2 sessionPtr=0x07DA3640 renderCtx=0x79C26BC8 globalState=0x029D0020
[efz_netplay_mod][pid=296] DIAG[ConsumeExitInterception_exit]: session vtable=0x75450404 initComplete=7 activePlayer=0
[efz_netplay_mod][pid=296] DIAG[ConsumeExitInterception_exit]: exitPatch[0] RVA=0x7909D byte=0x74 expected=0x74
[efz_netplay_mod][pid=296] DIAG[ConsumeExitInterception_exit]: exitPatch[1] RVA=0x7215D byte=0x75 expected=0x75
[efz_netplay_mod][pid=296] DIAG[ConsumeExitInterception_exit]: exitPatch[2] RVA=0x7231F byte=0x74 expected=0x74
[efz_netplay_mod][pid=296] DIAG[ConsumeExitInterception_exit]: nearJccPatch[0] RVA=0x7251B bytes=0F 84
[efz_netplay_mod][pid=296] DIAG[ConsumeExitInterception_exit]: nearJccPatch[1] RVA=0x7252E bytes=0F 84
[efz_netplay_mod][pid=296] DIAG[ConsumeExitInterception_exit]: nearJccPatch[2] RVA=0x742E1 bytes=0F 84
[efz_netplay_mod][pid=296] DIAG[ConsumeExitInterception_exit]: nearJccPatch[3] RVA=0x742F4 bytes=0F 84
[efz_netplay_mod][pid=296] DIAG[ConsumeExitInterception_exit]: nearJccPatch[4] RVA=0x74301 bytes=0F 84
[efz_netplay_mod][pid=296] DIAG[ConsumeExitInterception_exit]: localRoleFlag=2 localInitApplied=0 exitIntercepted=0 exitMode=-1 frameHookInstalled=1 frameRecoveryPending=0 forceLocalPlayInitCount=2
[efz_netplay_mod][pid=296] DIAG[ConsumeExitInterception_exit]: revivalProcess=0x00000000 revivalPid=0 lastValidatedSession=0x07DA3640 lastSessionPtrOffset=0xA02CC
[efz_netplay_mod][pid=296] CrashHandler: TOCTOU recovery guard reset
[efz_netplay_mod][pid=296] LobbySession::NotifyEndMatch: inBattle=false
[efz_netplay_mod][pid=296] HookedTitleUpdateImpl: exit intercepted (netplay mode=0), re-entering netplay menu (skipFadeOut)
[efz_netplay_mod][pid=296] EnterNetplayMenu: request active=0 skipFadeOut=1
[efz_netplay_mod][pid=296] EnterNetplayMenu: skipping fade-out (disconnect recovery)
[efz_netplay_mod][pid=296] LoadNetplayAssets: begin (screenContext=0x03253A50)
[efz_netplay_mod][pid=296] ResolveNetplayBackgroundPath: searching for netplay_bg.dat
[efz_netplay_mod][pid=296] ResolveNetplayBackgroundPath: [DLL dir] probing 'Z:\mnt\shared\EFZ - Copy\mods\efz_netplay_mod\assets\netplay_bg.dat'
[efz_netplay_mod][pid=296] LobbySession: processing end
[efz_netplay_mod][pid=296] ResolveNetplayBackgroundPath: using 'Z:\mnt\shared\EFZ - Copy\mods\efz_netplay_mod\assets\netplay_bg.dat'
[efz_netplay_mod][pid=296] ResolveNetplayObjectsPath: searching for netplay objects
[efz_netplay_mod][pid=296] ResolveNetplayObjectsPath: [DLL dir] probing 'Z:\mnt\shared\EFZ - Copy\mods\efz_netplay_mod\assets\netplay_ob.dat'
[efz_netplay_mod][pid=296] ResolveNetplayObjectsPath: using 'Z:\mnt\shared\EFZ - Copy\mods\efz_netplay_mod\assets\netplay_ob.dat'
[efz_netplay_mod][pid=296] ParseEfzDatImage: parsed 'Z:\mnt\shared\EFZ - Copy\mods\efz_netplay_mod\assets\netplay_ob.dat' size=154370 firstByte=255 headerOffset=766 width=320 height=480 transparentSrc=20 hasTransparent=1 method=near_magenta exact=0 near=1
[efz_netplay_mod][pid=296] LoadNetplayAssets: derived source transparent index=20 from netplay_ob.dat
[efz_netplay_mod][pid=296] LoadNetplayAssets: derived netplay_ob layout srcY[261..387] dstY[95..221] rowH=14 width=320
[efz_netplay_mod][pid=296] LoadNetplayAssets: forcing transparent color=213 (src=20 + offset=193)
[efz_netplay_mod][pid=296] LoadNetplayAssets: done bg='Z:\mnt\shared\EFZ - Copy\mods\efz_netplay_mod\assets\netplay_bg.dat' obj='Z:\mnt\shared\EFZ - Copy\mods\efz_netplay_mod\assets\netplay_ob.dat' (palette bg=1 obj=1 transparent=213)
[efz_netplay_mod][pid=296] LoadNetplayAssets: object profile colorOffset=193 paletteStart=193 paletteCount=48 configStyle=1 optionCount=5 backIndex=4
[efz_netplay_mod][pid=296] LoadNetplaySpriteFont: no sprite font map found (runtime text disabled)
[efz_netplay_mod][pid=296] LoadNetplayAssets: sprite font unavailable, using object-sheet-only rendering
[efz_netplay_mod][pid=296] LoadNetplayMenuSettingsFromIni: loaded Network.Name='Aquatic_mod'
[efz_netplay_mod][pid=296] LoadNetplayMenuSettingsFromIni: loaded Network.Port=10800
[efz_netplay_mod][pid=296] ResetTitleMenuState: selection=0 menuState=0 initState=0 exitState=0
[efz_netplay_mod][pid=296] SwitchToMenu: re-entering Lobby with existing session, requested immediate refresh
[efz_netplay_mod][pid=296] NetplayMenuSwitch: menu=Lobby selection=0 count=1 row=7(ROW_RETURN) entry=BACK
[efz_netplay_mod][pid=296] InstallNetplayWindowHook: hwnd=0x0001005A originalProc=0x79B8C600
[efz_netplay_mod][pid=296] EnterNetplayMenu: disconnect recovery — rendered initial clean frame
[efz_netplay_mod][pid=296] RunTransitionFadeIn: begin palette=52771454
[efz_netplay_mod][pid=296] RunTransitionFadeIn: complete result=1
[efz_netplay_mod][pid=296] EnterNetplayMenu: active menu=Lobby selection=0 bgmTrack=8 configStyle=1 optionCount=1 backIndex=0 skipFadeOut=1
[efz_netplay_mod][pid=296] TICK_HOOK: executing deferred cancel cleanup (ForceLocalPlayInit was unsafe mid-tick)
[efz_netplay_mod][pid=296] INIT_SNAP[ForceLocalPlayInit_pre]: roleFlag=2 sessionPtr=0x07DA3640 initFlag=0 initByte=0x00 renderCtx=0x79C26BC8 renderCtxBase=0x00000000 initOnceGuard=0x00000001 timerPtr=0x79C26AD0 globalStatePtr=0x029D0020
[efz_netplay_mod][pid=296] INIT_SNAP[ForceLocalPlayInit_pre]: roleFlag[1]=0xA05F0 val=1967518556
[efz_netplay_mod][pid=296] INIT_SNAP[ForceLocalPlayInit_pre]: roleFlag[2]=0xA15FC val=0
[efz_netplay_mod][pid=296] INIT_SNAP[ForceLocalPlayInit_pre]: sessionPtr[1]=0xA02EC val=0x00000000
[efz_netplay_mod][pid=296] INIT_SNAP[ForceLocalPlayInit_pre]: session vtable=0x75450404 initComplete=7 activePlayer=0 queuePlayer=0 inputDelay=16
[efz_netplay_mod][pid=296] INIT_SNAP[ForceLocalPlayInit_pre]: session currentFrame=0 gameModeSnap=0 matchId=0 sentinel=220921856 helperHandle=0x00000000
[efz_netplay_mod][pid=296] INIT_SNAP[ForceLocalPlayInit_pre]: session histPrimary=0x07DA4168 histSecondary=0xC0603FF0 histPrimaryVec=0x07DA3954 histSecondaryVec=0x07DA3960
[efz_netplay_mod][pid=296] INIT_SNAP[ForceLocalPlayInit_pre]: session +4=13304013 +8=13107408 +12=2031646 +16=1114144 +36=1
[efz_netplay_mod][pid=296] INIT_SNAP[ForceLocalPlayInit_pre]: g_localRoleFlag=2 g_localInitApplied=0 g_dllExitPatchesSaved=0 g_tournamentPatchesSaved=0 g_renderContextSaved=1 g_savedRenderCtx=0x79C26BC8 g_frameHookInstalled=1 initCount=3
[efz_netplay_mod][pid=296] ForceLocalPlayInit: DestroyCurrentSession starting session=0x07DA3640 role=2
[efz_netplay_mod][pid=296] ForceLocalPlayInit: DestroyCurrentSession vtable=0x75450404 (RVA 0x00090404)
[efz_netplay_mod][pid=296] ForceLocalPlayInit: DestroyCurrentSession calling dtor vtable[0]=0x753E8B90 session=0x07DA3640 role=2
[efz_netplay_mod][pid=296] ForceLocalPlayInit: DestroyCurrentSession destructor completed
[efz_netplay_mod][pid=296] ResetModeConstructorTrampolineCache: cleared 2 entries
[efz_netplay_mod][pid=296] ForceLocalPlayInit: DestroyCurrentSession done session=0x07DA3640 role=2 globalsZeroed=2
[efz_netplay_mod][pid=296] ForceLocalPlayInit: about to save EXE hook bytes before init() oldSession=0x07DA3640 callCount=3
[efz_netplay_mod][pid=296] SaveExeFrameHookBytes: saved 10 bytes at 0x00401582 [E9 B9 F8 25 01 90 90 90 90 90]
[efz_netplay_mod][pid=296] RestoreModeCtorOriginalBytes: restored 0x00763E50=[C6 40 2D 00 8B 4D D0] 0x00763F04=[8B 4D D0 C6 41 2D 00]
[efz_netplay_mod][pid=296] ResetModeConstructorTrampolineCache: cleared 2 entries
[efz_netplay_mod][pid=296] ForceLocalPlayInit: 0x401582 pre-init  [E9 B9 F8 25 01 90 90 90 90 90]
[efz_netplay_mod][pid=296] ForceLocalPlayInit: calling init(mode=2, magic=102)
[efz_netplay_mod][pid=296] LobbySession::DoEnd: response='{"msg":"OK","status":"OK"}
'
[efz_netplay_mod][pid=296] ForceLocalPlayInit: 0x401582 post-init [E9 F1 8A D6 05 90 90 90 90 90]
[efz_netplay_mod][pid=296] ForceLocalPlayInit: restoring saved EXE hook bytes
[efz_netplay_mod][pid=296] RestoreExeFrameHookBytes: restored 10 bytes at 0x00401582 [E9 B9 F8 25 01 90 90 90 90 90]
[efz_netplay_mod][pid=296] ForceLocalPlayInit: 0x401582 restored  [E9 B9 F8 25 01 90 90 90 90 90]
[efz_netplay_mod][pid=296] ForceLocalPlayInit: modeCtorFixup 0x00763E50 not hooked (byte=0xC6), skip
[efz_netplay_mod][pid=296] ForceLocalPlayInit: modeCtorFixup 0x00763F04 not hooked (byte=0x8B), skip
[efz_netplay_mod][pid=296] INIT_SNAP[ForceLocalPlayInit_post_init]: roleFlag=2 sessionPtr=0x07DA3640 initFlag=0 initByte=0x00 renderCtx=0x79C26BC8 renderCtxBase=0x00000000 initOnceGuard=0x00000001 timerPtr=0x79C26AD0 globalStatePtr=0x029D0020
[efz_netplay_mod][pid=296] INIT_SNAP[ForceLocalPlayInit_post_init]: roleFlag[1]=0xA05F0 val=1967518556
[efz_netplay_mod][pid=296] INIT_SNAP[ForceLocalPlayInit_post_init]: roleFlag[2]=0xA15FC val=0
[efz_netplay_mod][pid=296] INIT_SNAP[ForceLocalPlayInit_post_init]: sessionPtr[1]=0xA02EC val=0x00000000
[efz_netplay_mod][pid=296] INIT_SNAP[ForceLocalPlayInit_post_init]: session vtable=0x75450404 initComplete=7 activePlayer=0 queuePlayer=0 inputDelay=16
[efz_netplay_mod][pid=296] INIT_SNAP[ForceLocalPlayInit_post_init]: session currentFrame=0 gameModeSnap=0 matchId=0 sentinel=220921856 helperHandle=0x00000000
[efz_netplay_mod][pid=296] INIT_SNAP[ForceLocalPlayInit_post_init]: session histPrimary=0x07DA4168 histSecondary=0xC0603FF0 histPrimaryVec=0x07DA3954 histSecondaryVec=0x07DA3960
[efz_netplay_mod][pid=296] INIT_SNAP[ForceLocalPlayInit_post_init]: session +4=1114616 +8=13107408 +12=2031646 +16=1114144 +36=1
[efz_netplay_mod][pid=296] INIT_SNAP[ForceLocalPlayInit_post_init]: g_localRoleFlag=2 g_localInitApplied=0 g_dllExitPatchesSaved=0 g_tournamentPatchesSaved=0 g_renderContextSaved=1 g_savedRenderCtx=0x79C26BC8 g_frameHookInstalled=1 initCount=3
[efz_netplay_mod][pid=296] ForceLocalPlayInit: init(2,102) result=2292440 callCount=3 oldSession=0x07DA3640 newSession=0x07DA3640
[efz_netplay_mod][pid=296] ForceLocalPlayInit: InvokeSessionVtableInit vtable[1] 0x75435D30 called on session 0x07DA3640
[efz_netplay_mod][pid=296] INIT_SNAP[ForceLocalPlayInit_post_vtable1]: roleFlag=2 sessionPtr=0x07DA3640 initFlag=0 initByte=0x00 renderCtx=0x79C26BC8 renderCtxBase=0x00000000 initOnceGuard=0x00000001 timerPtr=0x79C26AD0 globalStatePtr=0x029D0020
[efz_netplay_mod][pid=296] INIT_SNAP[ForceLocalPlayInit_post_vtable1]: roleFlag[1]=0xA05F0 val=1967518556
[efz_netplay_mod][pid=296] INIT_SNAP[ForceLocalPlayInit_post_vtable1]: roleFlag[2]=0xA15FC val=0
[efz_netplay_mod][pid=296] INIT_SNAP[ForceLocalPlayInit_post_vtable1]: sessionPtr[1]=0xA02EC val=0x00000000
[efz_netplay_mod][pid=296] INIT_SNAP[ForceLocalPlayInit_post_vtable1]: session vtable=0x75450404 initComplete=7 activePlayer=0 queuePlayer=0 inputDelay=16
[efz_netplay_mod][pid=296] INIT_SNAP[ForceLocalPlayInit_post_vtable1]: session currentFrame=0 gameModeSnap=0 matchId=0 sentinel=220921856 helperHandle=0x00000000
[efz_netplay_mod][pid=296] INIT_SNAP[ForceLocalPlayInit_post_vtable1]: session histPrimary=0x07DA4168 histSecondary=0xC0603FF0 histPrimaryVec=0x07DA3954 histSecondaryVec=0x07DA3960
[efz_netplay_mod][pid=296] INIT_SNAP[ForceLocalPlayInit_post_vtable1]: session +4=13304013 +8=13107408 +12=2031646 +16=1114144 +36=1
[efz_netplay_mod][pid=296] INIT_SNAP[ForceLocalPlayInit_post_vtable1]: g_localRoleFlag=2 g_localInitApplied=0 g_dllExitPatchesSaved=0 g_tournamentPatchesSaved=0 g_renderContextSaved=1 g_savedRenderCtx=0x79C26BC8 g_frameHookInstalled=1 initCount=3
[efz_netplay_mod][pid=296] TICK_HOOK: deferred ForceLocalPlayInit result=1
[efz_netplay_mod][pid=296] RestoreRenderContext: restored EfzRender* 0x79C26BC8 (was 0x79C26BC8, unchanged)
[efz_netplay_mod][pid=296] RestoreRenderContext: restored EfzRender* 0x79C26BC8 (was 0x79C26BC8, unchanged)
[efz_netplay_mod][pid=296] RestoreRenderContext: restored EfzRender* 0x79C26BC8 (was 0x79C26BC8, unchanged)
[efz_netplay_mod][pid=296] DisableRevivalTextRendering: text rendering disabled
[efz_netplay_mod][pid=296] CrashHandler: TOCTOU recovery guard reset
[efz_netplay_mod][pid=296] TICK_HOOK: deferred cancel cleanup complete
[efz_netplay_mod][pid=296] StateExport: nicknames local='Aquatic_mod'->'Aquatic_mod' p1='Aquatic'->'' p2='Aquatic_mod'->'' seq=11166
[efz_netplay_mod][pid=296] StateExport: network ping=1->-1 delay=0->-1 seq=11166
[efz_netplay_mod][pid=296] StateExport: flow menu=0->1 charsel=0->0 match=1->0 screen=0 mode=2 phase=0 role=0 p1Wins=0 p2Wins=0
[efz_netplay_mod][pid=296] StateExport: activity 6->1 screen=0 mode=2 phase=0 role=0 side=1 p1='' p2='' caps=0xB7 sessionId=1 setId=0 seq=11166
[efz_netplay_mod][pid=296] TICK_HOOK: *** ECX MISMATCH *** frameTick=1 exeECX=0x03253A50 dllSession=0x07DA3640 — overriding ECX with current session
[efz_netplay_mod][pid=296] TICK_HOOK: current session vtable=0x75450404 (RVA=0x90404)
[efz_netplay_mod][pid=296] DIAG[tick_ecx_mismatch]: dllExitPatchesSaved=0 tournamentPatchesSaved=0 renderContextSaved=1 savedRenderCtx=0x79C26BC8
[efz_netplay_mod][pid=296] DIAG[tick_ecx_mismatch]: dllBase=0x753C0000 roleFlag=2 sessionPtr=0x07DA3640 renderCtx=0x79C26BC8 globalState=0x029D0020
[efz_netplay_mod][pid=296] DIAG[tick_ecx_mismatch]: session vtable=0x75450404 initComplete=7 activePlayer=0
[efz_netplay_mod][pid=296] DIAG[tick_ecx_mismatch]: exitPatch[0] RVA=0x7909D byte=0x74 expected=0x74
[efz_netplay_mod][pid=296] DIAG[tick_ecx_mismatch]: exitPatch[1] RVA=0x7215D byte=0x75 expected=0x75
[efz_netplay_mod][pid=296] DIAG[tick_ecx_mismatch]: exitPatch[2] RVA=0x7231F byte=0x74 expected=0x74
[efz_netplay_mod][pid=296] DIAG[tick_ecx_mismatch]: nearJccPatch[0] RVA=0x7251B bytes=0F 84
[efz_netplay_mod][pid=296] DIAG[tick_ecx_mismatch]: nearJccPatch[1] RVA=0x7252E bytes=0F 84
[efz_netplay_mod][pid=296] DIAG[tick_ecx_mismatch]: nearJccPatch[2] RVA=0x742E1 bytes=0F 84
[efz_netplay_mod][pid=296] DIAG[tick_ecx_mismatch]: nearJccPatch[3] RVA=0x742F4 bytes=0F 84
[efz_netplay_mod][pid=296] DIAG[tick_ecx_mismatch]: nearJccPatch[4] RVA=0x74301 bytes=0F 84
[efz_netplay_mod][pid=296] DIAG[tick_ecx_mismatch]: localRoleFlag=2 localInitApplied=0 exitIntercepted=0 exitMode=-1 frameHookInstalled=1 frameRecoveryPending=0 forceLocalPlayInitCount=3
[efz_netplay_mod][pid=296] DIAG[tick_ecx_mismatch]: revivalProcess=0x00000000 revivalPid=0 lastValidatedSession=0x07DA3640 lastSessionPtrOffset=0xA02CC
[efz_netplay_mod][pid=296] TICK_HOOK: heartbeat frameTick=1 session=0x07DA3640 exeECX=0x03253A50 match=0
[efz_netplay_mod][pid=296] RestoreRenderContext: restored EfzRender* 0x79C26BC8 (was 0x79C26BC8, unchanged)
[efz_netplay_mod][pid=296] RestoreRenderContext: restored EfzRender* 0x79C26BC8 (was 0x79C26BC8, unchanged)
[efz_netplay_mod][pid=296] DisableRevivalTextRendering: text rendering disabled
[efz_netplay_mod][pid=296] NetplayInput: P1(h=0 v=0 c=0 b=0) P2(h=0 v=0 c=0 b=0)
[efz_netplay_mod][pid=296] NetplayFrame: updates=2090 menu=Lobby selection=0 row=7(ROW_RETURN) inactivity=0 slide=0 nativeSlideRaw=0 nativeSlideScaled=0
[efz_netplay_mod][pid=296] RestoreRenderContext: restored EfzRender* 0x79C26BC8 (was 0x79C26BC8, unchanged)
[efz_netplay_mod][pid=296] RestoreRenderContext: restored EfzRender* 0x79C26BC8 (was 0x79C26BC8, unchanged)
[efz_netplay_mod][pid=296] DisableRevivalTextRendering: text rendering disabled
[efz_netplay_mod][pid=296] RestoreRenderContext: restored EfzRender* 0x79C26BC8 (was 0x79C26BC8, unchanged)
[efz_netplay_mod][pid=296] RestoreRenderContext: restored EfzRender* 0x79C26BC8 (was 0x79C26BC8, unchanged)
[efz_netplay_mod][pid=296] DisableRevivalTextRendering: text rendering disabled
[efz_netplay_mod][pid=296] RestoreRenderContext: restored EfzRender* 0x79C26BC8 (was 0x79C26BC8, unchanged)
[efz_netplay_mod][pid=296] RestoreRenderContext: restored EfzRender* 0x79C26BC8 (was 0x79C26BC8, unchanged)
[efz_netplay_mod][pid=296] DisableRevivalTextRendering: text rendering disabled
[efz_netplay_mod][pid=296] RestoreRenderContext: restored EfzRender* 0x79C26BC8 (was 0x79C26BC8, unchanged)
[efz_netplay_mod][pid=296] RestoreRenderContext: restored EfzRender* 0x79C26BC8 (was 0x79C26BC8, unchanged)
[efz_netplay_mod][pid=296] DisableRevivalTextRendering: text rendering disabled
[efz_netplay_mod][pid=296] LobbySession::DoPollStatus: response='{"alias":"EFZ","challenges":[],"id":4877,"idle":[["Aquatic_mod",1],["Aquatic",2],["Player",4]],"msg":"OK","playing":[],"status":"OK"}
'
[efz_netplay_mod][pid=296] LobbySession::DoPollStatus: response='{"alias":"EFZ","challenges":[],"id":4877,"idle":[["Aquatic_mod",1],["Aquatic",2],["Player",4]],"msg":"OK","playing":[],"status":"OK"}
'
[efz_netplay_mod][pid=296] StateExport: heartbeat seq=11400 activity=1 menu=1 screen=0 mode=2 phase=0 role=0 side=1 p1Wins=0 p2Wins=0 ping=-1 delay=-1 local='Aquatic_mod' p1='' p2='' revival='1.02e' caps=0xB7 sessionId=1 setId=0 endReason=0
[efz_netplay_mod][pid=296] HookedTitleUpdateImpl: calls=2400 netplayActive=1
[efz_netplay_mod][pid=296] NetplayFrame: updates=2220 menu=Lobby selection=0 row=6(ROW_RESERVED6) inactivity=130 slide=0 nativeSlideRaw=0 nativeSlideScaled=0
[efz_netplay_mod][pid=296] LobbySession::DoPollStatus: response='{"alias":"EFZ","challenges":[],"id":4877,"idle":[["Aquatic_mod",1],["Aquatic",2],["Player",4]],"msg":"OK","playing":[],"status":"OK"}
'
[efz_netplay_mod][pid=296] NetplayFrame: updates=2348 menu=Lobby selection=0 row=6(ROW_RESERVED6) inactivity=258 slide=0 nativeSlideRaw=0 nativeSlideScaled=0
[efz_netplay_mod][pid=296] LobbySession::DoPollStatus: response='{"alias":"EFZ","challenges":[],"id":4877,"idle":[["Aquatic_mod",1],["Aquatic",2],["Player",4]],"msg":"OK","playing":[],"status":"OK"}
'
[efz_netplay_mod][pid=296] NetplayFrame: updates=2476 menu=Lobby selection=0 row=6(ROW_RESERVED6) inactivity=386 slide=0 nativeSlideRaw=0 nativeSlideScaled=0
[efz_netplay_mod][pid=296] LobbySession::DoPollStatus: response='{"alias":"EFZ","challenges":[],"id":4877,"idle":[["Aquatic_mod",1],["Aquatic",2],["Player",4]],"msg":"OK","playing":[],"status":"OK"}
'
[efz_netplay_mod][pid=296] StateExport: heartbeat seq=12000 activity=1 menu=1 screen=0 mode=2 phase=0 role=0 side=1 p1Wins=0 p2Wins=0 ping=-1 delay=-1 local='Aquatic_mod' p1='' p2='' revival='1.02e' caps=0xB7 sessionId=1 setId=0 endReason=0
[efz_netplay_mod][pid=296] HookedTitleUpdateImpl: calls=2700 netplayActive=1
[efz_netplay_mod][pid=296] LobbySession::DoPollStatus: response='{"alias":"EFZ","challenges":[],"id":4877,"idle":[["Aquatic_mod",1],["Aquatic",2]],"msg":"OK","playing":[],"status":"OK"}
'
[efz_netplay_mod][pid=296] NetplayFrame: updates=2604 menu=Lobby selection=0 row=6(ROW_RESERVED6) inactivity=514 slide=0 nativeSlideRaw=0 nativeSlideScaled=0
[efz_netplay_mod][pid=296] TICK_HOOK: heartbeat frameTick=600 session=0x07DA3640 exeECX=0x03253A50 match=0
[efz_netplay_mod][pid=296] LobbySession::DoPollStatus: response='{"alias":"EFZ","challenges":[],"id":4877,"idle":[["Aquatic_mod",1],["Aquatic",2]],"msg":"OK","playing":[],"status":"OK"}
'
[efz_netplay_mod][pid=296] NetplayFrame: updates=2732 menu=Lobby selection=0 row=6(ROW_RESERVED6) inactivity=642 slide=0 nativeSlideRaw=0 nativeSlideScaled=0
[efz_netplay_mod][pid=296] StateExport: heartbeat seq=12600 activity=1 menu=1 screen=0 mode=2 phase=0 role=0 side=1 p1Wins=0 p2Wins=0 ping=-1 delay=-1 local='Aquatic_mod' p1='' p2='' revival='1.02e' caps=0xB7 sessionId=1 setId=0 endReason=0
[efz_netplay_mod][pid=296] LobbySession::DoPollStatus: response='{"alias":"EFZ","challenges":[],"id":4877,"idle":[["Aquatic_mod",1]],"msg":"OK","playing":[],"status":"OK"}
'
[efz_netplay_mod][pid=296] HookedTitleUpdateImpl: calls=3000 netplayActive=1
[efz_netplay_mod][pid=296] NetplayFrame: updates=2860 menu=Lobby selection=0 row=6(ROW_RESERVED6) inactivity=770 slide=0 nativeSlideRaw=0 nativeSlideScaled=0
[efz_netplay_mod][pid=296] LobbySession::DoPollStatus: response='{"alias":"EFZ","challenges":[],"id":4877,"idle":[["Aquatic_mod",1]],"msg":"OK","playing":[],"status":"OK"}
'
[efz_netplay_mod][pid=296] NetplayFrame: updates=2988 menu=Lobby selection=0 row=6(ROW_RESERVED6) inactivity=898 slide=0 nativeSlideRaw=0 nativeSlideScaled=0
[efz_netplay_mod][pid=296] LobbySession::DoPollStatus: response='{"alias":"EFZ","challenges":[],"id":4877,"idle":[["Aquatic_mod",1]],"msg":"OK","playing":[],"status":"OK"}
'
[efz_netplay_mod][pid=296] StateExport: heartbeat seq=13200 activity=1 menu=1 screen=0 mode=2 phase=0 role=0 side=1 p1Wins=0 p2Wins=0 ping=-1 delay=-1 local='Aquatic_mod' p1='' p2='' revival='1.02e' caps=0xB7 sessionId=1 setId=0 endReason=0
[efz_netplay_mod][pid=296] HookedTitleUpdateImpl: calls=3300 netplayActive=1
[efz_netplay_mod][pid=296] NetplayFrame: updates=3116 menu=Lobby selection=0 row=6(ROW_RESERVED6) inactivity=1026 slide=0 nativeSlideRaw=0 nativeSlideScaled=0
[efz_netplay_mod][pid=296] LobbySession::DoPollStatus: response='{"alias":"EFZ","challenges":[],"id":4877,"idle":[["Aquatic_mod",1]],"msg":"OK","playing":[],"status":"OK"}
'
[efz_netplay_mod][pid=296] LobbySession::DoPollStatus: response='{"alias":"EFZ","challenges":[],"id":4877,"idle":[["Aquatic_mod",1]],"msg":"OK","playing":[],"status":"OK"}
'
[efz_netplay_mod][pid=296] NetplayFrame: updates=3245 menu=Lobby selection=0 row=6(ROW_RESERVED6) inactivity=1155 slide=0 nativeSlideRaw=0 nativeSlideScaled=0
[efz_netplay_mod][pid=296] TICK_HOOK: heartbeat frameTick=1200 session=0x07DA3640 exeECX=0x03253A50 match=0
[efz_netplay_mod][pid=296] LobbySession::DoPollStatus: response='{"alias":"EFZ","challenges":[],"id":4877,"idle":[["Aquatic_mod",1]],"msg":"OK","playing":[],"status":"OK"}
'
[efz_netplay_mod][pid=296] NetplayFrame: updates=3373 menu=Lobby selection=0 row=6(ROW_RESERVED6) inactivity=1283 slide=0 nativeSlideRaw=0 nativeSlideScaled=0
[efz_netplay_mod][pid=296] StateExport: heartbeat seq=13800 activity=1 menu=1 screen=0 mode=2 phase=0 role=0 side=1 p1Wins=0 p2Wins=0 ping=-1 delay=-1 local='Aquatic_mod' p1='' p2='' revival='1.02e' caps=0xB7 sessionId=1 setId=0 endReason=0
[efz_netplay_mod][pid=296] HookedTitleUpdateImpl: calls=3600 netplayActive=1
[efz_netplay_mod][pid=296] LobbySession::DoPollStatus: response='{"alias":"EFZ","challenges":[],"id":4877,"idle":[["Aquatic_mod",1]],"msg":"OK","playing":[],"status":"OK"}
'
[efz_netplay_mod][pid=296] NetplayFrame: updates=3501 menu=Lobby selection=0 row=6(ROW_RESERVED6) inactivity=1411 slide=0 nativeSlideRaw=0 nativeSlideScaled=0
[efz_netplay_mod][pid=296] LobbySession::DoPollStatus: response='{"alias":"EFZ","challenges":[],"id":4877,"idle":[["Aquatic_mod",1]],"msg":"OK","playing":[],"status":"OK"}
'
[efz_netplay_mod][pid=296] NetplayFrame: updates=3629 menu=Lobby selection=0 row=6(ROW_RESERVED6) inactivity=1539 slide=0 nativeSlideRaw=0 nativeSlideScaled=0
[efz_netplay_mod][pid=296] LobbySession::DoPollStatus: response='{"alias":"EFZ","challenges":[],"id":4877,"idle":[["Aquatic_mod",1]],"msg":"OK","playing":[],"status":"OK"}
'
[efz_netplay_mod][pid=296] StateExport: heartbeat seq=14400 activity=1 menu=1 screen=0 mode=2 phase=0 role=0 side=1 p1Wins=0 p2Wins=0 ping=-1 delay=-1 local='Aquatic_mod' p1='' p2='' revival='1.02e' caps=0xB7 sessionId=1 setId=0 endReason=0
[efz_netplay_mod][pid=296] HookedTitleUpdateImpl: calls=3900 netplayActive=1
[efz_netplay_mod][pid=296] NetplayFrame: updates=3757 menu=Lobby selection=0 row=6(ROW_RESERVED6) inactivity=1667 slide=0 nativeSlideRaw=0 nativeSlideScaled=0
[efz_netplay_mod][pid=296] LobbySession::DoPollStatus: response='{"alias":"EFZ","challenges":[],"id":4877,"idle":[["Aquatic_mod",1]],"msg":"OK","playing":[],"status":"OK"}
'
[efz_netplay_mod][pid=296] NetplayFrame: updates=3885 menu=Lobby selection=0 row=6(ROW_RESERVED6) inactivity=1795 slide=0 nativeSlideRaw=0 nativeSlideScaled=0
[efz_netplay_mod][pid=296] TICK_HOOK: heartbeat frameTick=1800 session=0x07DA3640 exeECX=0x03253A50 match=0
[efz_netplay_mod][pid=296] LobbySession::DoPollStatus: response='{"alias":"EFZ","challenges":[],"id":4877,"idle":[["Aquatic_mod",1]],"msg":"OK","playing":[],"status":"OK"}
'
[efz_netplay_mod][pid=296] StateExport: heartbeat seq=15000 activity=1 menu=1 screen=0 mode=2 phase=0 role=0 side=1 p1Wins=0 p2Wins=0 ping=-1 delay=-1 local='Aquatic_mod' p1='' p2='' revival='1.02e' caps=0xB7 sessionId=1 setId=0 endReason=0
[efz_netplay_mod][pid=296] NetplayFrame: updates=4013 menu=Lobby selection=0 row=6(ROW_RESERVED6) inactivity=1923 slide=0 nativeSlideRaw=0 nativeSlideScaled=0
[efz_netplay_mod][pid=296] LobbySession::DoPollStatus: response='{"alias":"EFZ","challenges":[],"id":4877,"idle":[["Aquatic_mod",1]],"msg":"OK","playing":[],"status":"OK"}
'
[efz_netplay_mod][pid=296] HookedTitleUpdateImpl: calls=4200 netplayActive=1
[efz_netplay_mod][pid=296] LobbySession::DoPollStatus: response='{"alias":"EFZ","challenges":[],"id":4877,"idle":[["Aquatic_mod",1]],"msg":"OK","playing":[],"status":"OK"}
'
[efz_netplay_mod][pid=296] NetplayFrame: updates=4141 menu=Lobby selection=0 row=6(ROW_RESERVED6) inactivity=2051 slide=0 nativeSlideRaw=0 nativeSlideScaled=0
[efz_netplay_mod][pid=296] LobbySession::DoPollStatus: response='{"alias":"EFZ","challenges":[],"id":4877,"idle":[["Aquatic_mod",1]],"msg":"OK","playing":[],"status":"OK"}
'
[efz_netplay_mod][pid=296] NetplayFrame: updates=4269 menu=Lobby selection=0 row=6(ROW_RESERVED6) inactivity=2179 slide=0 nativeSlideRaw=0 nativeSlideScaled=0
[efz_netplay_mod][pid=296] StateExport: heartbeat seq=15600 activity=1 menu=1 screen=0 mode=2 phase=0 role=0 side=1 p1Wins=0 p2Wins=0 ping=-1 delay=-1 local='Aquatic_mod' p1='' p2='' revival='1.02e' caps=0xB7 sessionId=1 setId=0 endReason=0
[efz_netplay_mod][pid=296] HookedTitleUpdateImpl: calls=4500 netplayActive=1
[efz_netplay_mod][pid=296] LobbySession::DoPollStatus: response='{"alias":"EFZ","challenges":[],"id":4877,"idle":[["Aquatic_mod",1]],"msg":"OK","playing":[],"status":"OK"}
'
[efz_netplay_mod][pid=296] NetplayInput: P1(h=0 v=1 c=0 b=0) P2(h=0 v=0 c=0 b=0)
[efz_netplay_mod][pid=296] PlayUiSound: sfx=8 gameSystem=0x029D0020
[efz_netplay_mod][pid=296] NetplaySelection: player=0 menu=Lobby from=0 to=1 row=7(ROW_RETURN) label=BACK inputV=1
[efz_netplay_mod][pid=296] NetplayInput: P1(h=0 v=0 c=0 b=0) P2(h=0 v=0 c=0 b=0)
[efz_netplay_mod][pid=296] NetplayFrame: updates=4397 menu=Lobby selection=1 row=7(ROW_RETURN) inactivity=2 slide=0 nativeSlideRaw=0 nativeSlideScaled=0
[efz_netplay_mod][pid=296] NetplayInput: P1(h=0 v=1 c=0 b=0) P2(h=0 v=0 c=0 b=0)
[efz_netplay_mod][pid=296] PlayUiSound: sfx=8 gameSystem=0x029D0020
[efz_netplay_mod][pid=296] NetplaySelection: player=0 menu=Lobby from=1 to=0 row=6(ROW_RESERVED6) label=LOBBY_SLOT inputV=1
[efz_netplay_mod][pid=296] NetplayInput: P1(h=0 v=0 c=0 b=0) P2(h=0 v=0 c=0 b=0)
[efz_netplay_mod][pid=296] NetplayInput: P1(h=0 v=1 c=0 b=0) P2(h=0 v=0 c=0 b=0)
[efz_netplay_mod][pid=296] PlayUiSound: sfx=8 gameSystem=0x029D0020
[efz_netplay_mod][pid=296] NetplaySelection: player=0 menu=Lobby from=0 to=1 row=7(ROW_RETURN) label=BACK inputV=1
[efz_netplay_mod][pid=296] NetplayInput: P1(h=0 v=0 c=0 b=0) P2(h=0 v=0 c=0 b=0)
[efz_netplay_mod][pid=296] LobbySession::DoPollStatus: response='{"alias":"EFZ","challenges":[],"id":4877,"idle":[["Aquatic_mod",1]],"msg":"OK","playing":[],"status":"OK"}
'
[efz_netplay_mod][pid=296] NetplayInput: P1(h=0 v=1 c=0 b=0) P2(h=0 v=0 c=0 b=0)
[efz_netplay_mod][pid=296] PlayUiSound: sfx=8 gameSystem=0x029D0020
[efz_netplay_mod][pid=296] NetplaySelection: player=0 menu=Lobby from=1 to=0 row=6(ROW_RESERVED6) label=LOBBY_SLOT inputV=1
[efz_netplay_mod][pid=296] NetplayInput: P1(h=0 v=0 c=0 b=0) P2(h=0 v=0 c=0 b=0)
[efz_netplay_mod][pid=296] NetplayInput: P1(h=0 v=1 c=0 b=0) P2(h=0 v=0 c=0 b=0)
[efz_netplay_mod][pid=296] PlayUiSound: sfx=8 gameSystem=0x029D0020
[efz_netplay_mod][pid=296] NetplaySelection: player=0 menu=Lobby from=0 to=1 row=7(ROW_RETURN) label=BACK inputV=1
[efz_netplay_mod][pid=296] TICK_HOOK: heartbeat frameTick=2400 session=0x07DA3640 exeECX=0x03253A50 match=0
[efz_netplay_mod][pid=296] NetplayInput: P1(h=0 v=0 c=0 b=0) P2(h=0 v=0 c=0 b=0)
[efz_netplay_mod][pid=296] NetplayFrame: updates=4525 menu=Lobby selection=1 row=7(ROW_RETURN) inactivity=36 slide=0 nativeSlideRaw=0 nativeSlideScaled=0
[efz_netplay_mod][pid=296] NetplayInput: P1(h=0 v=-1 c=0 b=0) P2(h=0 v=0 c=0 b=0)
[efz_netplay_mod][pid=296] PlayUiSound: sfx=8 gameSystem=0x029D0020
[efz_netplay_mod][pid=296] NetplaySelection: player=0 menu=Lobby from=1 to=0 row=6(ROW_RESERVED6) label=LOBBY_SLOT inputV=-1
[efz_netplay_mod][pid=296] NetplayInput: P1(h=0 v=0 c=0 b=0) P2(h=0 v=0 c=0 b=0)
[efz_netplay_mod][pid=296] LobbySession::DoPollStatus: response='{"alias":"EFZ","challenges":[],"id":4877,"idle":[["Aquatic_mod",1]],"msg":"OK","playing":[],"status":"OK"}
'
[efz_netplay_mod][pid=296] NetplayInput: P1(h=0 v=-1 c=0 b=0) P2(h=0 v=0 c=0 b=0)
[efz_netplay_mod][pid=296] PlayUiSound: sfx=8 gameSystem=0x029D0020
[efz_netplay_mod][pid=296] NetplaySelection: player=0 menu=Lobby from=0 to=1 row=7(ROW_RETURN) label=BACK inputV=-1
[efz_netplay_mod][pid=296] NetplayInput: P1(h=0 v=0 c=0 b=0) P2(h=0 v=0 c=0 b=0)
[efz_netplay_mod][pid=296] NetplayInput: P1(h=0 v=0 c=1 b=0) P2(h=0 v=0 c=0 b=0)
[efz_netplay_mod][pid=296] PlayUiSound: sfx=6 gameSystem=0x029D0020
[efz_netplay_mod][pid=296] NetplayConfirm: player=0 menu=Lobby selection=1 row=7(ROW_RETURN) label=BACK action=BackToMain
[efz_netplay_mod][pid=296] NetplayAction: menu=Lobby selection=1 row=7(ROW_RETURN) action=BackToMain
[efz_netplay_mod][pid=296] NetplaySlide(native): start from=Lobby(1) to=Main(0) dir=-1
[efz_netplay_mod][pid=296] SwitchToMenu: leaving Lobby, tearing down lobby session asynchronously
[efz_netplay_mod][pid=296] LobbySession: shutting down
[efz_netplay_mod][pid=296] NetplayMenuSwitch: menu=Main selection=0 count=5 row=0(ROW_HOST) entry=HOST
[efz_netplay_mod][pid=296] NetplaySlide(native): complete menu=Main selection=0
[efz_netplay_mod][pid=296] NetplayInput: P1(h=0 v=0 c=0 b=0) P2(h=0 v=0 c=0 b=0)
[efz_netplay_mod][pid=296] NetplayInput: P1(h=0 v=-1 c=0 b=0) P2(h=0 v=0 c=0 b=0)
[efz_netplay_mod][pid=296] PlayUiSound: sfx=8 gameSystem=0x029D0020
[efz_netplay_mod][pid=296] NetplaySelection: player=0 menu=Main from=0 to=4 row=7(ROW_RETURN) label=RETURN_TO_TITLE inputV=-1
[efz_netplay_mod][pid=296] NetplayInput: P1(h=0 v=0 c=0 b=0) P2(h=0 v=0 c=0 b=0)
[efz_netplay_mod][pid=296] StateExport: heartbeat seq=16200 activity=1 menu=1 screen=0 mode=2 phase=0 role=0 side=1 p1Wins=0 p2Wins=0 ping=-1 delay=-1 local='Aquatic_mod' p1='' p2='' revival='1.02e' caps=0xB7 sessionId=1 setId=0 endReason=0
[efz_netplay_mod][pid=296] NetplayInput: P1(h=0 v=-1 c=0 b=0) P2(h=0 v=0 c=0 b=0)
[efz_netplay_mod][pid=296] PlayUiSound: sfx=8 gameSystem=0x029D0020
[efz_netplay_mod][pid=296] NetplaySelection: player=0 menu=Main from=4 to=3 row=2(ROW_NICKNAME) label=CHANGE_NICKNAME inputV=-1
[efz_netplay_mod][pid=296] LobbySession::DoLeave: response='{"msg":"OK","status":"OK"}
'
[efz_netplay_mod][pid=296] LobbySession::PollThread: exiting
[efz_netplay_mod][pid=296] LobbySession: shut down complete
[efz_netplay_mod][pid=296] HookedTitleUpdateImpl: calls=4800 netplayActive=1
[efz_netplay_mod][pid=296] NetplayInput: P1(h=0 v=0 c=0 b=0) P2(h=0 v=0 c=0 b=0)
[efz_netplay_mod][pid=296] NetplayFrame: updates=4616 menu=Main selection=3 row=2(ROW_NICKNAME) inactivity=0 slide=0 nativeSlideRaw=0 nativeSlideScaled=0
[efz_netplay_mod][pid=296] NetplayInput: P1(h=0 v=-1 c=0 b=0) P2(h=0 v=0 c=0 b=0)
[efz_netplay_mod][pid=296] PlayUiSound: sfx=8 gameSystem=0x029D0020
[efz_netplay_mod][pid=296] NetplaySelection: player=0 menu=Main from=3 to=2 row=5(ROW_RESERVED5) label=LOBBY inputV=-1
[efz_netplay_mod][pid=296] NetplayInput: P1(h=0 v=0 c=0 b=0) P2(h=0 v=0 c=0 b=0)
[efz_netplay_mod][pid=296] NetplayInput: P1(h=0 v=0 c=1 b=0) P2(h=0 v=0 c=0 b=0)
[efz_netplay_mod][pid=296] PlayUiSound: sfx=6 gameSystem=0x029D0020
[efz_netplay_mod][pid=296] NetplayConfirm: player=0 menu=Main selection=2 row=5(ROW_RESERVED5) label=LOBBY action=OpenLobby
[efz_netplay_mod][pid=296] NetplayAction: menu=Main selection=2 row=5(ROW_RESERVED5) action=OpenLobby
[efz_netplay_mod][pid=296] NetplaySlide(native): start from=Main(2) to=Lobby(0) dir=1
[efz_netplay_mod][pid=296] SwitchToMenu: entering Lobby, creating session for 'Aquatic_mod' port=10800
[efz_netplay_mod][pid=296] LobbySession::PollThread: entering
[efz_netplay_mod][pid=296] LobbySession: started for nickname='Aquatic_mod'
[efz_netplay_mod][pid=296] NetplayMenuSwitch: menu=Lobby selection=0 count=1 row=7(ROW_RETURN) entry=BACK
[efz_netplay_mod][pid=296] NetplaySlide(native): complete menu=Lobby selection=0
[efz_netplay_mod][pid=296] NetplayInput: P1(h=0 v=0 c=0 b=1) P2(h=0 v=0 c=0 b=0)
[efz_netplay_mod][pid=296] PlayUiSound: sfx=6 gameSystem=0x029D0020
[efz_netplay_mod][pid=296] NetplayCancel: player=0 menu=Lobby selection=0
[efz_netplay_mod][pid=296] NetplaySlide(native): start from=Lobby(0) to=Main(2) dir=-1
[efz_netplay_mod][pid=296] SwitchToMenu: leaving Lobby, tearing down lobby session asynchronously
[efz_netplay_mod][pid=296] LobbySession: shutting down
[efz_netplay_mod][pid=296] NetplayMenuSwitch: menu=Main selection=2 count=5 row=5(ROW_RESERVED5) entry=LOBBY
[efz_netplay_mod][pid=296] LobbySession::DoJoin: response='{"alias":"EFZ","challenges":[],"id":5497,"idle":[["Aquatic_mod",1]],"msg":1,"playing":[],"secret":8169,"status":"OK","type":"Private"}
'
[efz_netplay_mod][pid=296] LobbySession::PollThread: joined lobby id=5497 playerId=1
[efz_netplay_mod][pid=296] NetplaySlide(native): complete menu=Main selection=2
[efz_netplay_mod][pid=296] NetplayInput: P1(h=0 v=0 c=0 b=0) P2(h=0 v=0 c=0 b=0)
[efz_netplay_mod][pid=296] NetplayInput: P1(h=0 v=1 c=0 b=0) P2(h=0 v=0 c=0 b=0)
[efz_netplay_mod][pid=296] PlayUiSound: sfx=8 gameSystem=0x029D0020
[efz_netplay_mod][pid=296] NetplaySelection: player=0 menu=Main from=2 to=3 row=2(ROW_NICKNAME) label=CHANGE_NICKNAME inputV=1
[efz_netplay_mod][pid=296] LobbySession::DiscoverPublicIp: resolved=91.214.211.2
[efz_netplay_mod][pid=296] NetplayInput: P1(h=0 v=0 c=0 b=0) P2(h=0 v=0 c=0 b=0)
[efz_netplay_mod][pid=296] NetplayInput: P1(h=0 v=1 c=0 b=0) P2(h=0 v=0 c=0 b=0)
[efz_netplay_mod][pid=296] PlayUiSound: sfx=8 gameSystem=0x029D0020
[efz_netplay_mod][pid=296] NetplaySelection: player=0 menu=Main from=3 to=4 row=7(ROW_RETURN) label=RETURN_TO_TITLE inputV=1
[efz_netplay_mod][pid=296] NetplayFrame: updates=4670 menu=Main selection=4 row=7(ROW_RETURN) inactivity=0 slide=0 nativeSlideRaw=0 nativeSlideScaled=0
[efz_netplay_mod][pid=296] NetplayInput: P1(h=0 v=0 c=0 b=0) P2(h=0 v=0 c=0 b=0)
[efz_netplay_mod][pid=296] NetplayInput: P1(h=0 v=1 c=0 b=0) P2(h=0 v=0 c=0 b=0)
[efz_netplay_mod][pid=296] PlayUiSound: sfx=8 gameSystem=0x029D0020
[efz_netplay_mod][pid=296] NetplaySelection: player=0 menu=Main from=4 to=0 row=0(ROW_HOST) label=HOST inputV=1
[efz_netplay_mod][pid=296] NetplayInput: P1(h=0 v=0 c=0 b=0) P2(h=0 v=0 c=0 b=0)
[efz_netplay_mod][pid=296] NetplayInput: P1(h=0 v=1 c=0 b=0) P2(h=0 v=0 c=0 b=0)
[efz_netplay_mod][pid=296] PlayUiSound: sfx=8 gameSystem=0x029D0020
[efz_netplay_mod][pid=296] NetplaySelection: player=0 menu=Main from=0 to=1 row=1(ROW_JOIN) label=JOIN inputV=1
[efz_netplay_mod][pid=296] NetplayInput: P1(h=0 v=0 c=0 b=0) P2(h=0 v=0 c=0 b=0)
[efz_netplay_mod][pid=296] LobbySession::DoLeave: response='{"msg":"OK","status":"OK"}
'
[efz_netplay_mod][pid=296] LobbySession::PollThread: exiting
[efz_netplay_mod][pid=296] LobbySession: shut down complete
[efz_netplay_mod][pid=296] NetplayInput: P1(h=0 v=1 c=0 b=0) P2(h=0 v=0 c=0 b=0)
[efz_netplay_mod][pid=296] PlayUiSound: sfx=8 gameSystem=0x029D0020
[efz_netplay_mod][pid=296] NetplaySelection: player=0 menu=Main from=1 to=2 row=5(ROW_RESERVED5) label=LOBBY inputV=1
[efz_netplay_mod][pid=296] NetplayInput: P1(h=0 v=0 c=0 b=0) P2(h=0 v=0 c=0 b=0)
[efz_netplay_mod][pid=296] NetplayInput: P1(h=0 v=0 c=1 b=0) P2(h=0 v=0 c=0 b=0)
[efz_netplay_mod][pid=296] PlayUiSound: sfx=6 gameSystem=0x029D0020
[efz_netplay_mod][pid=296] NetplayConfirm: player=0 menu=Main selection=2 row=5(ROW_RESERVED5) label=LOBBY action=OpenLobby
[efz_netplay_mod][pid=296] NetplayAction: menu=Main selection=2 row=5(ROW_RESERVED5) action=OpenLobby
[efz_netplay_mod][pid=296] NetplaySlide(native): start from=Main(2) to=Lobby(0) dir=1
[efz_netplay_mod][pid=296] SwitchToMenu: entering Lobby, creating session for 'Aquatic_mod' port=10800
[efz_netplay_mod][pid=296] LobbySession::PollThread: entering
[efz_netplay_mod][pid=296] LobbySession: started for nickname='Aquatic_mod'
[efz_netplay_mod][pid=296] NetplayMenuSwitch: menu=Lobby selection=0 count=1 row=7(ROW_RETURN) entry=BACK
[efz_netplay_mod][pid=296] NetplaySlide(native): complete menu=Lobby selection=0
[efz_netplay_mod][pid=296] NetplayInput: P1(h=0 v=0 c=0 b=0) P2(h=0 v=0 c=0 b=0)
[efz_netplay_mod][pid=296] LobbySession::DoJoin: response='{"alias":"EFZ","challenges":[],"id":6945,"idle":[["Aquatic_mod",1]],"msg":1,"playing":[],"secret":9249,"status":"OK","type":"Private"}
'
[efz_netplay_mod][pid=296] LobbySession::PollThread: joined lobby id=6945 playerId=1
[efz_netplay_mod][pid=296] CrashHandler: uninstalled
[efz_netplay_mod] logger shutting down
